solid OpenSCAD_Model
  facet normal 0.0349224 0.999223 0.0182816
    outer loop
      vertex -20.353 -51.3404 14.7008
      vertex -23.0293 -51.2514 14.945
      vertex -26.4385 -51.7166 46.8861
    endloop
  endfacet
  facet normal 0.142936 0.989141 0.0342002
    outer loop
      vertex -17.1844 -51.6701 14.0231
      vertex -17.6965 -51.6018 14.1875
      vertex -22.8716 -51.9845 46.8861
    endloop
  endfacet
  facet normal 0.103231 0.994264 0.0279762
    outer loop
      vertex -17.6965 -51.6018 14.1875
      vertex -20.353 -51.3404 14.7008
      vertex -22.8716 -51.9845 46.8861
    endloop
  endfacet
  facet normal 0.0748847 0.996858 0.02581
    outer loop
      vertex -22.8716 -51.9845 46.8861
      vertex -20.353 -51.3404 14.7008
      vertex -26.4385 -51.7166 46.8861
    endloop
  endfacet
  facet normal -0.000284267 0.999894 0.0145336
    outer loop
      vertex -23.0293 -51.2514 14.945
      vertex -23.0509 -51.2514 14.9458
      vertex -26.452 -51.7166 46.8861
    endloop
  endfacet
  facet normal 0 0.999894 0.014564
    outer loop
      vertex -26.4385 -51.7166 46.8861
      vertex -23.0293 -51.2514 14.945
      vertex -26.452 -51.7166 46.8861
    endloop
  endfacet
  facet normal 0 0 1
    outer loop
      vertex -21.7531 -52.4366 46.8861
      vertex -21.7531 -52.5634 46.8861
      vertex -21.7348 -52.5 46.8861
    endloop
  endfacet
  facet normal 0 0 1
    outer loop
      vertex -21.9805 -52.2381 46.8861
      vertex -21.7531 -52.5634 46.8861
      vertex -21.7531 -52.4366 46.8861
    endloop
  endfacet
  facet normal 0 0 1
    outer loop
      vertex -21.9805 -52.2381 46.8861
      vertex -21.9805 -52.7619 46.8861
      vertex -21.7531 -52.5634 46.8861
    endloop
  endfacet
  facet normal 0 0 1
    outer loop
      vertex -21.9926 -52.2328 46.8861
      vertex -21.9805 -52.7619 46.8861
      vertex -21.9805 -52.2381 46.8861
    endloop
  endfacet
  facet normal 0 0 1
    outer loop
      vertex -21.9926 -52.2328 46.8861
      vertex -21.9926 -52.7672 46.8861
      vertex -21.9805 -52.7619 46.8861
    endloop
  endfacet
  facet normal 0 0 1
    outer loop
      vertex -22.8716 -51.9845 46.8861
      vertex -21.9926 -52.7672 46.8861
      vertex -21.9926 -52.2328 46.8861
    endloop
  endfacet
  facet normal 0 0 1
    outer loop
      vertex -22.8716 -51.9845 46.8861
      vertex -22.8716 -53.0155 46.8861
      vertex -21.9926 -52.7672 46.8861
    endloop
  endfacet
  facet normal 0 0 1
    outer loop
      vertex -26.4385 -51.7166 46.8861
      vertex -22.8716 -53.0155 46.8861
      vertex -22.8716 -51.9845 46.8861
    endloop
  endfacet
  facet normal 0 0 1
    outer loop
      vertex -26.4385 -51.7166 46.8861
      vertex -26.4385 -53.2834 46.8861
      vertex -22.8716 -53.0155 46.8861
    endloop
  endfacet
  facet normal -0 0 1
    outer loop
      vertex -26.452 -51.7166 46.8861
      vertex -26.4385 -53.2834 46.8861
      vertex -26.4385 -51.7166 46.8861
    endloop
  endfacet
  facet normal 0 0 1
    outer loop
      vertex -26.452 -51.7166 46.8861
      vertex -26.452 -53.2834 46.8861
      vertex -26.4385 -53.2834 46.8861
    endloop
  endfacet
  facet normal -0 0 1
    outer loop
      vertex -32.8074 -51.914 46.8861
      vertex -26.452 -53.2834 46.8861
      vertex -26.452 -51.7166 46.8861
    endloop
  endfacet
  facet normal 0 0 1
    outer loop
      vertex -32.8074 -51.914 46.8861
      vertex -32.8074 -53.0859 46.8861
      vertex -26.452 -53.2834 46.8861
    endloop
  endfacet
  facet normal -0 0 1
    outer loop
      vertex -35.9776 -52.1586 46.8861
      vertex -32.8074 -53.0859 46.8861
      vertex -32.8074 -51.914 46.8861
    endloop
  endfacet
  facet normal 0 0 1
    outer loop
      vertex -35.9776 -52.1586 46.8861
      vertex -35.9776 -52.8414 46.8861
      vertex -32.8074 -53.0859 46.8861
    endloop
  endfacet
  facet normal 0 -0 1
    outer loop
      vertex -35.9776 -52.8414 46.8861
      vertex -35.9776 -52.1586 46.8861
      vertex -39.1388 -52.5 46.8861
    endloop
  endfacet
  facet normal 0 -0.999894 0.0145637
    outer loop
      vertex -22.8438 -53.777 13
      vertex -26.4385 -53.2834 46.8861
      vertex -26.452 -53.2834 46.8861
    endloop
  endfacet
  facet normal 0 -0.999894 0.0145637
    outer loop
      vertex -26.4385 -53.2834 46.8861
      vertex -22.8438 -53.777 13
      vertex -22.8218 -53.777 13
    endloop
  endfacet
  facet normal 0.0339254 -0.999259 0.0181754
    outer loop
      vertex -22.8218 -53.777 13
      vertex -20.1974 -53.6879 13
      vertex -26.4385 -53.2834 46.8861
    endloop
  endfacet
  facet normal 0.141835 -0.989306 0.0340108
    outer loop
      vertex -17.585 -53.4225 13
      vertex -17.0074 -53.3397 13
      vertex -22.8716 -53.0155 46.8861
    endloop
  endfacet
  facet normal 0.0748898 -0.996911 0.0236579
    outer loop
      vertex -17.585 -53.4225 13
      vertex -22.8716 -53.0155 46.8861
      vertex -26.4385 -53.2834 46.8861
    endloop
  endfacet
  facet normal 0.101022 -0.994417 0.0304754
    outer loop
      vertex -20.1974 -53.6879 13
      vertex -17.585 -53.4225 13
      vertex -26.4385 -53.2834 46.8861
    endloop
  endfacet
  facet normal 0.390091 -0.917429 0.0784479
    outer loop
      vertex -15.5721 -52.9346 13
      vertex -15.5523 -52.9262 13
      vertex -21.9805 -52.7619 46.8861
    endloop
  endfacet
  facet normal 0.398626 -0.913614 0.0800427
    outer loop
      vertex -15.5721 -52.9346 13
      vertex -21.9805 -52.7619 46.8861
      vertex -21.9926 -52.7672 46.8861
    endloop
  endfacet
  facet normal 0.260781 -0.963867 0.0543518
    outer loop
      vertex -17.0074 -53.3397 13
      vertex -15.6919 -52.9837 13
      vertex -22.8716 -53.0155 46.8861
    endloop
  endfacet
  facet normal 0.378436 -0.922223 0.0793191
    outer loop
      vertex -15.6919 -52.9837 13
      vertex -15.5721 -52.9346 13
      vertex -22.8716 -53.0155 46.8861
    endloop
  endfacet
  facet normal 0.2714 -0.960826 0.0561701
    outer loop
      vertex -15.5721 -52.9346 13
      vertex -21.9926 -52.7672 46.8861
      vertex -22.8716 -53.0155 46.8861
    endloop
  endfacet
  facet normal 0.524991 -0.844768 0.103686
    outer loop
      vertex -15.5523 -52.9262 13
      vertex -15.3408 -52.7947 13
      vertex -21.9805 -52.7619 46.8861
    endloop
  endfacet
  facet normal 0.652142 -0.747126 0.128506
    outer loop
      vertex -15.3408 -52.7947 13
      vertex -21.7531 -52.5634 46.8861
      vertex -21.9805 -52.7619 46.8861
    endloop
  endfacet
  facet normal 0.749722 -0.645384 0.146276
    outer loop
      vertex -15.3408 -52.7947 13
      vertex -15.1783 -52.606 13
      vertex -21.7531 -52.5634 46.8861
    endloop
  endfacet
  facet normal 0.945099 -0.270257 0.183709
    outer loop
      vertex -15.1783 -52.606 13
      vertex -15.148 -52.5 13
      vertex -21.7348 -52.5 46.8861
    endloop
  endfacet
  facet normal 0.944443 -0.272621 0.183589
    outer loop
      vertex -15.1783 -52.606 13
      vertex -21.7348 -52.5 46.8861
      vertex -21.7531 -52.5634 46.8861
    endloop
  endfacet
  facet normal 0.945098 0.270257 0.183713
    outer loop
      vertex -15.148 -52.5 13
      vertex -15.1783 -52.394 13
      vertex -21.7531 -52.4366 46.8861
    endloop
  endfacet
  facet normal 0.944444 0.272622 0.183582
    outer loop
      vertex -21.7348 -52.5 46.8861
      vertex -15.148 -52.5 13
      vertex -21.7531 -52.4366 46.8861
    endloop
  endfacet
  facet normal 0.749722 0.645384 0.146276
    outer loop
      vertex -15.1783 -52.394 13
      vertex -15.3408 -52.2053 13
      vertex -21.7531 -52.4366 46.8861
    endloop
  endfacet
  facet normal 0.652142 0.747126 0.128506
    outer loop
      vertex -21.7531 -52.4366 46.8861
      vertex -15.3408 -52.2053 13
      vertex -21.9805 -52.2381 46.8861
    endloop
  endfacet
  facet normal 0.524991 0.844768 0.103686
    outer loop
      vertex -15.3408 -52.2053 13
      vertex -15.5523 -52.0738 13
      vertex -21.9805 -52.2381 46.8861
    endloop
  endfacet
  facet normal 0.390091 0.917429 0.0784443
    outer loop
      vertex -15.5523 -52.0738 13
      vertex -15.5721 -52.0654 13
      vertex -21.9926 -52.2328 46.8861
    endloop
  endfacet
  facet normal 0.398626 0.913614 0.0800486
    outer loop
      vertex -21.9805 -52.2381 46.8861
      vertex -15.5523 -52.0738 13
      vertex -21.9926 -52.2328 46.8861
    endloop
  endfacet
  facet normal 0.344722 0.936098 0.0699172
    outer loop
      vertex -15.6718 -52.0243 13
      vertex -16 -51.9034 13
      vertex -16.0392 -51.9049 13.2136
    endloop
  endfacet
  facet normal 0.341446 0.937341 0.0693259
    outer loop
      vertex -15.5721 -52.0654 13
      vertex -16.229 -51.861 13.4717
      vertex -21.9926 -52.2328 46.8861
    endloop
  endfacet
  facet normal 0.378154 0.916653 0.129411
    outer loop
      vertex -15.5721 -52.0654 13
      vertex -15.6718 -52.0243 13
      vertex -16.229 -51.861 13.4717
    endloop
  endfacet
  facet normal 0.364766 0.924473 0.110889
    outer loop
      vertex -15.6718 -52.0243 13
      vertex -16.0392 -51.9049 13.2136
      vertex -16.229 -51.861 13.4717
    endloop
  endfacet
  facet normal 0.222152 0.973841 0.0477628
    outer loop
      vertex -16.229 -51.861 13.4717
      vertex -17.1844 -51.6701 14.0231
      vertex -22.8716 -51.9845 46.8861
    endloop
  endfacet
  facet normal 0.271384 0.960752 0.0575014
    outer loop
      vertex -21.9926 -52.2328 46.8861
      vertex -16.229 -51.861 13.4717
      vertex -22.8716 -51.9845 46.8861
    endloop
  endfacet
  facet normal -0.00445063 0.999891 0.0140899
    outer loop
      vertex -23.0509 -51.2514 14.9458
      vertex -24.4197 -51.2578 14.9664
      vertex -26.452 -51.7166 46.8861
    endloop
  endfacet
  facet normal -0.0310517 0.999441 0.0123897
    outer loop
      vertex -26.452 -51.7166 46.8861
      vertex -24.4197 -51.2578 14.9664
      vertex -32.8074 -51.914 46.8861
    endloop
  endfacet
  facet normal -0.0768953 0.99697 0.0117815
    outer loop
      vertex -32.8074 -51.914 46.8861
      vertex -33.1886 -51.5626 14.6589
      vertex -35.9776 -52.1586 46.8861
    endloop
  endfacet
  facet normal -0.035139 0.999318 0.0113132
    outer loop
      vertex -32.8074 -51.914 46.8861
      vertex -24.4197 -51.2578 14.9664
      vertex -33.1886 -51.5626 14.6589
    endloop
  endfacet
  facet normal -0.081339 0.996621 0.0113905
    outer loop
      vertex -35.9776 -52.1586 46.8861
      vertex -33.1886 -51.5626 14.6589
      vertex -39.7693 -52.0938 14.1423
    endloop
  endfacet
  facet normal -0.111674 0.99365 0.0137473
    outer loop
      vertex -39.7693 -52.0938 14.1423
      vertex -39.7939 -52.0807 13
      vertex -43.5243 -52.5 13
    endloop
  endfacet
  facet normal -0.111893 0.993615 0.0144811
    outer loop
      vertex -39.1388 -52.5 46.8861
      vertex -39.7693 -52.0938 14.1423
      vertex -43.5243 -52.5 13
    endloop
  endfacet
  facet normal -0.107373 0.994114 0.0144003
    outer loop
      vertex -39.1388 -52.5 46.8861
      vertex -35.9776 -52.1586 46.8861
      vertex -39.7693 -52.0938 14.1423
    endloop
  endfacet
  facet normal -0.031052 -0.999431 0.0131524
    outer loop
      vertex -25.7545 -53.751 13
      vertex -26.452 -53.2834 46.8861
      vertex -32.8074 -53.0859 46.8861
    endloop
  endfacet
  facet normal -0.00891468 -0.999868 0.0136141
    outer loop
      vertex -25.7545 -53.751 13
      vertex -22.8438 -53.777 13
      vertex -26.452 -53.2834 46.8861
    endloop
  endfacet
  facet normal -0.0438988 -0.998981 0.0104697
    outer loop
      vertex -25.7545 -53.751 13
      vertex -32.8074 -53.0859 46.8861
      vertex -34.6559 -53.3599 13
    endloop
  endfacet
  facet normal -0.109612 -0.993873 0.0141859
    outer loop
      vertex -39.0958 -52.9884 13
      vertex -39.1388 -52.5 46.8861
      vertex -43.5243 -52.5 13
    endloop
  endfacet
  facet normal -0.0768937 -0.996964 0.0122533
    outer loop
      vertex -34.6559 -53.3599 13
      vertex -32.8074 -53.0859 46.8861
      vertex -35.9776 -52.8414 46.8861
    endloop
  endfacet
  facet normal -0.107378 -0.994157 0.0110213
    outer loop
      vertex -34.6559 -53.3599 13
      vertex -35.9776 -52.8414 46.8861
      vertex -39.1388 -52.5 46.8861
    endloop
  endfacet
  facet normal -0.0833617 -0.996417 0.0142559
    outer loop
      vertex -39.0958 -52.9884 13
      vertex -34.6559 -53.3599 13
      vertex -39.1388 -52.5 46.8861
    endloop
  endfacet
  facet normal -0.0071978 -0.999154 0.0404883
    outer loop
      vertex -22.6444 -53.8268 11.8053
      vertex -22.8438 -53.777 13
      vertex -25.5915 -53.8013 11.9106
    endloop
  endfacet
  facet normal -0.00890655 -0.998957 0.044794
    outer loop
      vertex -25.5915 -53.8013 11.9106
      vertex -22.8438 -53.777 13
      vertex -25.7545 -53.751 13
    endloop
  endfacet
  facet normal 0.0339063 -0.998696 0.0381657
    outer loop
      vertex -19.9763 -53.7297 11.7098
      vertex -20.1974 -53.6879 13
      vertex -22.8218 -53.777 13
    endloop
  endfacet
  facet normal 0 -0.999329 -0.0366392
    outer loop
      vertex -19.9763 -53.7297 11.7098
      vertex -22.8218 -53.777 13
      vertex -22.8438 -53.777 13
    endloop
  endfacet
  facet normal 0.0380609 -0.998122 0.0479989
    outer loop
      vertex -22.6444 -53.8268 11.8053
      vertex -19.9763 -53.7297 11.7098
      vertex -22.8438 -53.777 13
    endloop
  endfacet
  facet normal 0.100973 -0.993927 0.043745
    outer loop
      vertex -17.3203 -53.4566 11.6148
      vertex -17.585 -53.4225 13
      vertex -20.1974 -53.6879 13
    endloop
  endfacet
  facet normal 0.103932 -0.993327 0.0499923
    outer loop
      vertex -19.9763 -53.7297 11.7098
      vertex -17.3203 -53.4566 11.6148
      vertex -20.1974 -53.6879 13
    endloop
  endfacet
  facet normal 0.148914 -0.987601 0.0496972
    outer loop
      vertex -16.736 -53.3695 11.594
      vertex -17.0074 -53.3397 13
      vertex -17.3203 -53.4566 11.6148
    endloop
  endfacet
  facet normal 0.14173 -0.98857 0.0514018
    outer loop
      vertex -17.3203 -53.4566 11.6148
      vertex -17.0074 -53.3397 13
      vertex -17.585 -53.4225 13
    endloop
  endfacet
  facet normal 0.2701 -0.960768 0.0630167
    outer loop
      vertex -15.4068 -52.9989 11.5464
      vertex -15.6919 -52.9837 13
      vertex -16.736 -53.3695 11.594
    endloop
  endfacet
  facet normal 0.260514 -0.962877 0.0707142
    outer loop
      vertex -16.736 -53.3695 11.594
      vertex -15.6919 -52.9837 13
      vertex -17.0074 -53.3397 13
    endloop
  endfacet
  facet normal 0.389903 -0.916988 0.0843082
    outer loop
      vertex -15.2663 -52.9387 11.5414
      vertex -15.5523 -52.9262 13
      vertex -15.5721 -52.9346 13
    endloop
  endfacet
  facet normal 0.378357 -0.92203 0.0819015
    outer loop
      vertex -15.2663 -52.9387 11.5414
      vertex -15.5721 -52.9346 13
      vertex -15.6919 -52.9837 13
    endloop
  endfacet
  facet normal 0.395367 -0.914384 0.0871013
    outer loop
      vertex -15.4068 -52.9989 11.5464
      vertex -15.2663 -52.9387 11.5414
      vertex -15.6919 -52.9837 13
    endloop
  endfacet
  facet normal 0.749664 -0.645335 0.146786
    outer loop
      vertex -14.8924 -52.6087 11.528
      vertex -15.1783 -52.606 13
      vertex -15.3408 -52.7947 13
    endloop
  endfacet
  facet normal 0.758256 -0.634277 0.150801
    outer loop
      vertex -15.055 -52.8017 11.5338
      vertex -14.8924 -52.6087 11.528
      vertex -15.3408 -52.7947 13
    endloop
  endfacet
  facet normal 0.524846 -0.844534 0.106295
    outer loop
      vertex -15.055 -52.8017 11.5338
      vertex -15.3408 -52.7947 13
      vertex -15.5523 -52.9262 13
    endloop
  endfacet
  facet normal 0.543404 -0.831739 0.113676
    outer loop
      vertex -15.2663 -52.9387 11.5414
      vertex -15.055 -52.8017 11.5338
      vertex -15.5523 -52.9262 13
    endloop
  endfacet
  facet normal 0.946159 -0.266353 0.183956
    outer loop
      vertex -14.8924 -52.6087 11.528
      vertex -14.8616 -52.5 11.5269
      vertex -15.148 -52.5 13
    endloop
  endfacet
  facet normal 0.945038 -0.270239 0.184048
    outer loop
      vertex -14.8924 -52.6087 11.528
      vertex -15.148 -52.5 13
      vertex -15.1783 -52.606 13
    endloop
  endfacet
  facet normal 0.946107 0.266335 0.184248
    outer loop
      vertex -14.8616 -52.5 11.5269
      vertex -14.8924 -52.3913 11.528
      vertex -15.1783 -52.394 13
    endloop
  endfacet
  facet normal 0.945092 0.270255 0.183748
    outer loop
      vertex -15.148 -52.5 13
      vertex -14.8616 -52.5 11.5269
      vertex -15.1783 -52.394 13
    endloop
  endfacet
  facet normal 0.524627 0.844182 0.110104
    outer loop
      vertex -15.3408 -52.2053 13
      vertex -15.2685 -52.06 11.5415
      vertex -15.5523 -52.0738 13
    endloop
  endfacet
  facet normal 0.542356 0.832935 0.109862
    outer loop
      vertex -15.0559 -52.1974 11.5339
      vertex -15.2685 -52.06 11.5415
      vertex -15.3408 -52.2053 13
    endloop
  endfacet
  facet normal 0.749404 0.64511 0.149088
    outer loop
      vertex -15.1783 -52.394 13
      vertex -15.0559 -52.1974 11.5339
      vertex -15.3408 -52.2053 13
    endloop
  endfacet
  facet normal 0.758302 0.634777 0.148444
    outer loop
      vertex -14.8924 -52.3913 11.528
      vertex -15.0559 -52.1974 11.5339
      vertex -15.1783 -52.394 13
    endloop
  endfacet
  facet normal 0.38001 0.921151 0.084103
    outer loop
      vertex -15.5721 -52.0654 13
      vertex -15.3894 -52.008 11.5458
      vertex -15.6718 -52.0243 13
    endloop
  endfacet
  facet normal 0.389874 0.91692 0.0851753
    outer loop
      vertex -15.5523 -52.0738 13
      vertex -15.3894 -52.008 11.5458
      vertex -15.5721 -52.0654 13
    endloop
  endfacet
  facet normal 0.395991 0.914243 0.0857393
    outer loop
      vertex -15.2685 -52.06 11.5415
      vertex -15.3894 -52.008 11.5458
      vertex -15.5523 -52.0738 13
    endloop
  endfacet
  facet normal 0.271277 0.959757 0.0726392
    outer loop
      vertex -15.3894 -52.008 11.5458
      vertex -16.7447 -51.6286 11.5943
      vertex -16.8452 -51.6409 12.1318
    endloop
  endfacet
  facet normal 0.245849 0.969302 0.00349315
    outer loop
      vertex -16.229 -51.7986 12.5283
      vertex -15.3894 -52.008 11.5458
      vertex -16.8452 -51.6409 12.1318
    endloop
  endfacet
  facet normal 0.300623 0.952216 0.053943
    outer loop
      vertex -16.06 -51.8638 12.7383
      vertex -15.3894 -52.008 11.5458
      vertex -16.229 -51.7986 12.5283
    endloop
  endfacet
  facet normal 0.324286 0.94349 0.0683048
    outer loop
      vertex -16 -51.9034 13
      vertex -15.3894 -52.008 11.5458
      vertex -16.06 -51.8638 12.7383
    endloop
  endfacet
  facet normal 0.344531 0.935581 0.0773745
    outer loop
      vertex -15.6718 -52.0243 13
      vertex -15.3894 -52.008 11.5458
      vertex -16 -51.9034 13
    endloop
  endfacet
  facet normal 0.14928 0.98737 0.0530615
    outer loop
      vertex -16.7447 -51.6286 11.5943
      vertex -17.2593 -51.5518 11.6127
      vertex -17.3171 -51.5599 11.9266
    endloop
  endfacet
  facet normal 0.147646 0.987767 0.050166
    outer loop
      vertex -16.8452 -51.6409 12.1318
      vertex -16.7447 -51.6286 11.5943
      vertex -17.3171 -51.5599 11.9266
    endloop
  endfacet
  facet normal 0.123748 0.991874 0.029521
    outer loop
      vertex -17.6965 -51.5032 11.8125
      vertex -17.2593 -51.5518 11.6127
      vertex -18.3843 -51.4126 11.6529
    endloop
  endfacet
  facet normal 0.132937 0.989857 0.050117
    outer loop
      vertex -17.3171 -51.5599 11.9266
      vertex -17.2593 -51.5518 11.6127
      vertex -17.6965 -51.5032 11.8125
    endloop
  endfacet
  facet normal -0.112155 0.993585 0.0145106
    outer loop
      vertex -43.5243 -52.5 13
      vertex -39.81 -52.0723 12.4191
      vertex -43.582 -52.5 12.554
    endloop
  endfacet
  facet normal -0.111667 0.993589 0.0176326
    outer loop
      vertex -39.7939 -52.0807 13
      vertex -39.81 -52.0723 12.4191
      vertex -43.5243 -52.5 13
    endloop
  endfacet
  facet normal -0.0438669 -0.998255 0.0395304
    outer loop
      vertex -25.5915 -53.8013 11.9106
      vertex -25.7545 -53.751 13
      vertex -34.6559 -53.3599 13
    endloop
  endfacet
  facet normal -0.0454439 -0.998614 0.0265537
    outer loop
      vertex -34.6035 -53.3826 12.2329
      vertex -25.5915 -53.8013 11.9106
      vertex -34.6559 -53.3599 13
    endloop
  endfacet
  facet normal -0.0833464 -0.996234 0.0238939
    outer loop
      vertex -34.6035 -53.3826 12.2329
      vertex -34.6559 -53.3599 13
      vertex -39.0958 -52.9884 13
    endloop
  endfacet
  facet normal -0.0843379 -0.996273 0.0181069
    outer loop
      vertex -34.6035 -53.3826 12.2329
      vertex -39.0958 -52.9884 13
      vertex -39.0984 -52.9992 12.3937
    endloop
  endfacet
  facet normal -0.109605 -0.993809 0.0181714
    outer loop
      vertex -39.0984 -52.9992 12.3937
      vertex -39.0958 -52.9884 13
      vertex -43.5243 -52.5 13
    endloop
  endfacet
  facet normal -0.110143 -0.993814 0.0142504
    outer loop
      vertex -39.0984 -52.9992 12.3937
      vertex -43.5243 -52.5 13
      vertex -43.582 -52.5 12.554
    endloop
  endfacet
  facet normal -0.00731437 -0.999279 0.0372586
    outer loop
      vertex -22.5709 -53.8607 10.9097
      vertex -22.6444 -53.8268 11.8053
      vertex -25.5915 -53.8013 11.9106
    endloop
  endfacet
  facet normal -0.00636702 -0.999918 0.0111458
    outer loop
      vertex -23.213 -53.909 8.37061
      vertex -22.8573 -53.9022 9.18399
      vertex -26.1042 -53.886 8.77819
    endloop
  endfacet
  facet normal -0.00760916 -0.999749 0.0210912
    outer loop
      vertex -22.8573 -53.9022 9.18399
      vertex -22.6441 -53.8859 10.0321
      vertex -26.1042 -53.886 8.77819
    endloop
  endfacet
  facet normal -0.00664132 -0.999808 0.0184205
    outer loop
      vertex -22.6441 -53.8859 10.0321
      vertex -25.6035 -53.8614 10.295
      vertex -26.1042 -53.886 8.77819
    endloop
  endfacet
  facet normal -0.0056858 -0.999559 0.0291534
    outer loop
      vertex -22.6441 -53.8859 10.0321
      vertex -22.5709 -53.8607 10.9097
      vertex -25.6035 -53.8614 10.295
    endloop
  endfacet
  facet normal -0.00732336 -0.99928 0.0372316
    outer loop
      vertex -22.5709 -53.8607 10.9097
      vertex -25.5915 -53.8013 11.9106
      vertex -25.6035 -53.8614 10.295
    endloop
  endfacet
  facet normal -0.0113157 -0.99972 -0.0207941
    outer loop
      vertex -23.8446 -53.9026 7.45965
      vertex -26.654 -53.8808 7.94291
      vertex -27.3304 -53.8594 7.28102
    endloop
  endfacet
  facet normal -0.00800095 -0.999967 -0.00151264
    outer loop
      vertex -23.8446 -53.9026 7.45965
      vertex -23.213 -53.909 8.37061
      vertex -26.654 -53.8808 7.94291
    endloop
  endfacet
  facet normal -0.00807169 -0.999967 -0.000943566
    outer loop
      vertex -23.213 -53.909 8.37061
      vertex -26.1042 -53.886 8.77819
      vertex -26.654 -53.8808 7.94291
    endloop
  endfacet
  facet normal -0.0113987 -0.999751 -0.0191837
    outer loop
      vertex -24.6247 -53.8799 6.74229
      vertex -23.8446 -53.9026 7.45965
      vertex -27.3304 -53.8594 7.28102
    endloop
  endfacet
  facet normal -0.0193234 -0.998068 -0.0590488
    outer loop
      vertex -24.6247 -53.8799 6.74229
      vertex -27.3304 -53.8594 7.28102
      vertex -28.5259 -53.7985 6.64292
    endloop
  endfacet
  facet normal -0.0194989 -0.998433 -0.0524583
    outer loop
      vertex -26.0081 -53.8171 6.06143
      vertex -24.6247 -53.8799 6.74229
      vertex -28.5259 -53.7985 6.64292
    endloop
  endfacet
  facet normal -0.0435395 -0.98665 -0.156929
    outer loop
      vertex -26.0081 -53.8171 6.06143
      vertex -28.5259 -53.7985 6.64292
      vertex -29.575 -53.727 6.4847
    endloop
  endfacet
  facet normal -0.0415262 -0.989367 -0.139385
    outer loop
      vertex -27.2251 -53.7442 5.90648
      vertex -26.0081 -53.8171 6.06143
      vertex -29.575 -53.727 6.4847
    endloop
  endfacet
  facet normal -0.135427 -0.839985 -0.525438
    outer loop
      vertex -27.2251 -53.7442 5.90648
      vertex -29.575 -53.727 6.4847
      vertex -30.2917 -53.6693 6.57707
    endloop
  endfacet
  facet normal -0.127029 -0.865712 -0.484156
    outer loop
      vertex -28.0586 -53.6856 6.02028
      vertex -27.2251 -53.7442 5.90648
      vertex -30.2917 -53.6693 6.57707
    endloop
  endfacet
  facet normal 0.0181194 -0.991575 -0.12826
    outer loop
      vertex -22.9451 -53.7294 5.81599
      vertex -24.6247 -53.8799 6.74229
      vertex -26.0081 -53.8171 6.06143
    endloop
  endfacet
  facet normal -0.14567 -0.684979 -0.713852
    outer loop
      vertex -25.3477 -53.615 5.39941
      vertex -27.2251 -53.7442 5.90648
      vertex -28.0586 -53.6856 6.02028
    endloop
  endfacet
  facet normal -0.131144 -0.563254 -0.81581
    outer loop
      vertex -23.8962 -53.3516 4.98421
      vertex -22.9825 -53.3881 4.86251
      vertex -25.3477 -53.615 5.39941
    endloop
  endfacet
  facet normal -0.20182 -0.337276 -0.919518
    outer loop
      vertex -23.8962 -53.3516 4.98421
      vertex -25.3477 -53.615 5.39941
      vertex -28.0586 -53.6856 6.02028
    endloop
  endfacet
  facet normal -0.232665 -0.101038 -0.967294
    outer loop
      vertex -24.0266 -53.3461 5.015
      vertex -23.8962 -53.3516 4.98421
      vertex -28.0586 -53.6856 6.02028
    endloop
  endfacet
  facet normal 0.100865 -0.993996 -0.042402
    outer loop
      vertex -17.5554 -53.5067 8.57451
      vertex -20.2002 -53.7881 8.87855
      vertex -20.5961 -53.7908 8.00171
    endloop
  endfacet
  facet normal 0.103874 -0.994451 -0.0166469
    outer loop
      vertex -17.5554 -53.5067 8.57451
      vertex -17.2985 -53.4963 9.55724
      vertex -20.2002 -53.7881 8.87855
    endloop
  endfacet
  facet normal 0.103309 -0.994548 -0.0141873
    outer loop
      vertex -17.2985 -53.4963 9.55724
      vertex -19.9651 -53.7767 9.79413
      vertex -20.2002 -53.7881 8.87855
    endloop
  endfacet
  facet normal 0.105262 -0.994413 0.0079602
    outer loop
      vertex -17.2985 -53.4963 9.55724
      vertex -17.2173 -53.4796 10.5755
      vertex -19.9651 -53.7767 9.79413
    endloop
  endfacet
  facet normal 0.104131 -0.994492 0.0119678
    outer loop
      vertex -17.2173 -53.4796 10.5755
      vertex -19.8879 -53.7572 10.7422
      vertex -19.9651 -53.7767 9.79413
    endloop
  endfacet
  facet normal 0.10535 -0.993905 0.0324741
    outer loop
      vertex -17.2173 -53.4796 10.5755
      vertex -17.3203 -53.4566 11.6148
      vertex -19.8879 -53.7572 10.7422
    endloop
  endfacet
  facet normal 0.103554 -0.993907 0.0377595
    outer loop
      vertex -19.8879 -53.7572 10.7422
      vertex -17.3203 -53.4566 11.6148
      vertex -19.9763 -53.7297 11.7098
    endloop
  endfacet
  facet normal 0.100974 -0.99396 -0.0429972
    outer loop
      vertex -17.9912 -53.5103 7.63451
      vertex -17.5554 -53.5067 8.57451
      vertex -20.5961 -53.7908 8.00171
    endloop
  endfacet
  facet normal 0.0957185 -0.99227 -0.0789875
    outer loop
      vertex -17.9912 -53.5103 7.63451
      vertex -20.5961 -53.7908 8.00171
      vertex -21.3021 -53.781 7.02229
    endloop
  endfacet
  facet normal 0.0953155 -0.992487 -0.0767119
    outer loop
      vertex -18.7713 -53.5043 6.58695
      vertex -17.9912 -53.5103 7.63451
      vertex -21.3021 -53.781 7.02229
    endloop
  endfacet
  facet normal 0.0858894 -0.987966 -0.128636
    outer loop
      vertex -18.7713 -53.5043 6.58695
      vertex -21.3021 -53.781 7.02229
      vertex -22.1762 -53.757 6.25478
    endloop
  endfacet
  facet normal 0.0853142 -0.988848 -0.122068
    outer loop
      vertex -19.7391 -53.4869 5.76951
      vertex -18.7713 -53.5043 6.58695
      vertex -22.1762 -53.757 6.25478
    endloop
  endfacet
  facet normal 0.0714113 -0.97979 -0.186848
    outer loop
      vertex -19.7391 -53.4869 5.76951
      vertex -22.1762 -53.757 6.25478
      vertex -22.9451 -53.7294 5.81599
    endloop
  endfacet
  facet normal 0.0717256 -0.981818 -0.175751
    outer loop
      vertex -20.5914 -53.466 5.30526
      vertex -19.7391 -53.4869 5.76951
      vertex -22.9451 -53.7294 5.81599
    endloop
  endfacet
  facet normal 0.0518636 -0.964638 -0.258426
    outer loop
      vertex -20.5914 -53.466 5.30526
      vertex -22.9451 -53.7294 5.81599
      vertex -23.7296 -53.6964 5.53525
    endloop
  endfacet
  facet normal 0.0533955 -0.968866 -0.241758
    outer loop
      vertex -21.4618 -53.4407 5.01151
      vertex -20.5914 -53.466 5.30526
      vertex -23.7296 -53.6964 5.53525
    endloop
  endfacet
  facet normal -0.00605233 -0.888046 -0.459715
    outer loop
      vertex -21.4618 -53.4407 5.01151
      vertex -23.7296 -53.6964 5.53525
      vertex -25.3477 -53.615 5.39941
    endloop
  endfacet
  facet normal 0.0044158 -0.927916 -0.372764
    outer loop
      vertex -22.9825 -53.3881 4.86251
      vertex -21.4618 -53.4407 5.01151
      vertex -25.3477 -53.615 5.39941
    endloop
  endfacet
  facet normal 0.0277218 -0.993417 -0.111148
    outer loop
      vertex -22.9451 -53.7294 5.81599
      vertex -22.1762 -53.757 6.25478
      vertex -24.6247 -53.8799 6.74229
    endloop
  endfacet
  facet normal 0.0357284 -0.99678 -0.0717831
    outer loop
      vertex -22.1762 -53.757 6.25478
      vertex -21.3021 -53.781 7.02229
      vertex -24.6247 -53.8799 6.74229
    endloop
  endfacet
  facet normal 0.0355985 -0.996897 -0.070201
    outer loop
      vertex -21.3021 -53.781 7.02229
      vertex -23.8446 -53.9026 7.45965
      vertex -24.6247 -53.8799 6.74229
    endloop
  endfacet
  facet normal 0.0409397 -0.998378 -0.0395626
    outer loop
      vertex -21.3021 -53.781 7.02229
      vertex -20.5961 -53.7908 8.00171
      vertex -23.8446 -53.9026 7.45965
    endloop
  endfacet
  facet normal 0.0401689 -0.998583 -0.0349008
    outer loop
      vertex -20.5961 -53.7908 8.00171
      vertex -23.213 -53.909 8.37061
      vertex -23.8446 -53.9026 7.45965
    endloop
  endfacet
  facet normal 0.0428245 -0.998952 -0.0161805
    outer loop
      vertex -20.5961 -53.7908 8.00171
      vertex -20.2002 -53.7881 8.87855
      vertex -23.213 -53.909 8.37061
    endloop
  endfacet
  facet normal 0.041773 -0.999078 -0.00991331
    outer loop
      vertex -20.2002 -53.7881 8.87855
      vertex -22.8573 -53.9022 9.18399
      vertex -23.213 -53.909 8.37061
    endloop
  endfacet
  facet normal 0.043066 -0.999071 0.00133774
    outer loop
      vertex -20.2002 -53.7881 8.87855
      vertex -19.9651 -53.7767 9.79413
      vertex -22.8573 -53.9022 9.18399
    endloop
  endfacet
  facet normal 0.0415074 -0.9991 0.00873188
    outer loop
      vertex -19.9651 -53.7767 9.79413
      vertex -22.6441 -53.8859 10.0321
      vertex -22.8573 -53.9022 9.18399
    endloop
  endfacet
  facet normal 0.042245 -0.998961 0.0170988
    outer loop
      vertex -19.9651 -53.7767 9.79413
      vertex -19.8879 -53.7572 10.7422
      vertex -22.6441 -53.8859 10.0321
    endloop
  endfacet
  facet normal 0.0401246 -0.998874 0.0253129
    outer loop
      vertex -19.8879 -53.7572 10.7422
      vertex -22.5709 -53.8607 10.9097
      vertex -22.6441 -53.8859 10.0321
    endloop
  endfacet
  facet normal 0.0405424 -0.998661 0.0321381
    outer loop
      vertex -19.8879 -53.7572 10.7422
      vertex -19.9763 -53.7297 11.7098
      vertex -22.5709 -53.8607 10.9097
    endloop
  endfacet
  facet normal 0.0378199 -0.998446 0.0409315
    outer loop
      vertex -22.5709 -53.8607 10.9097
      vertex -19.9763 -53.7297 11.7098
      vertex -22.6444 -53.8268 11.8053
    endloop
  endfacet
  facet normal 0.015493 -0.987087 -0.159433
    outer loop
      vertex -23.7296 -53.6964 5.53525
      vertex -22.9451 -53.7294 5.81599
      vertex -26.0081 -53.8171 6.06143
    endloop
  endfacet
  facet normal -0.0188657 -0.953587 -0.300527
    outer loop
      vertex -23.7296 -53.6964 5.53525
      vertex -26.0081 -53.8171 6.06143
      vertex -27.2251 -53.7442 5.90648
    endloop
  endfacet
  facet normal -0.0208818 -0.947612 -0.318741
    outer loop
      vertex -25.3477 -53.615 5.39941
      vertex -23.7296 -53.6964 5.53525
      vertex -27.2251 -53.7442 5.90648
    endloop
  endfacet
  facet normal -0.231684 -0.056154 -0.971169
    outer loop
      vertex -23.5862 -53.2638 4.90518
      vertex -23.8962 -53.3516 4.98421
      vertex -24.0266 -53.3461 5.015
    endloop
  endfacet
  facet normal -0.148823 -0.317554 -0.936489
    outer loop
      vertex -23.5862 -53.2638 4.90518
      vertex -22.519 -53.3018 4.74846
      vertex -23.8962 -53.3516 4.98421
    endloop
  endfacet
  facet normal -0.13573 -0.442557 -0.886409
    outer loop
      vertex -22.519 -53.3018 4.74846
      vertex -22.9825 -53.3881 4.86251
      vertex -23.8962 -53.3516 4.98421
    endloop
  endfacet
  facet normal 0.0251678 -0.8438 -0.536068
    outer loop
      vertex -22.519 -53.3018 4.74846
      vertex -20.965 -53.3497 4.89677
      vertex -22.9825 -53.3881 4.86251
    endloop
  endfacet
  facet normal 0.0252414 -0.833486 -0.551963
    outer loop
      vertex -20.965 -53.3497 4.89677
      vertex -21.4618 -53.4407 5.01151
      vertex -22.9825 -53.3881 4.86251
    endloop
  endfacet
  facet normal 0.0910996 -0.933687 -0.346307
    outer loop
      vertex -20.965 -53.3497 4.89677
      vertex -20.0756 -53.3729 5.19334
      vertex -21.4618 -53.4407 5.01151
    endloop
  endfacet
  facet normal 0.0917629 -0.93141 -0.352214
    outer loop
      vertex -20.0756 -53.3729 5.19334
      vertex -20.5914 -53.466 5.30526
      vertex -21.4618 -53.4407 5.01151
    endloop
  endfacet
  facet normal 0.117431 -0.959231 -0.257073
    outer loop
      vertex -20.0756 -53.3729 5.19334
      vertex -19.2048 -53.3922 5.66313
      vertex -20.5914 -53.466 5.30526
    endloop
  endfacet
  facet normal 0.1181 -0.958403 -0.259838
    outer loop
      vertex -19.2048 -53.3922 5.66313
      vertex -19.7391 -53.4869 5.76951
      vertex -20.5914 -53.466 5.30526
    endloop
  endfacet
  facet normal 0.13631 -0.973791 -0.182074
    outer loop
      vertex -19.2048 -53.3922 5.66313
      vertex -18.2161 -53.4087 6.49146
      vertex -19.7391 -53.4869 5.76951
    endloop
  endfacet
  facet normal 0.136359 -0.973764 -0.182181
    outer loop
      vertex -18.2161 -53.4087 6.49146
      vertex -18.7713 -53.5043 6.58695
      vertex -19.7391 -53.4869 5.76951
    endloop
  endfacet
  facet normal 0.148874 -0.981849 -0.11751
    outer loop
      vertex -18.2161 -53.4087 6.49146
      vertex -17.4195 -53.415 7.55391
      vertex -18.7713 -53.5043 6.58695
    endloop
  endfacet
  facet normal 0.14745 -0.982305 -0.115477
    outer loop
      vertex -17.4195 -53.415 7.55391
      vertex -17.9912 -53.5103 7.63451
      vertex -18.7713 -53.5043 6.58695
    endloop
  endfacet
  facet normal 0.154475 -0.98555 -0.0694871
    outer loop
      vertex -17.4195 -53.415 7.55391
      vertex -16.9745 -53.4125 8.50774
      vertex -17.9912 -53.5103 7.63451
    endloop
  endfacet
  facet normal 0.152199 -0.986092 -0.0667759
    outer loop
      vertex -16.9745 -53.4125 8.50774
      vertex -17.5554 -53.5067 8.57451
      vertex -17.9912 -53.5103 7.63451
    endloop
  endfacet
  facet normal 0.156308 -0.987172 -0.0325442
    outer loop
      vertex -16.9745 -53.4125 8.50774
      vertex -16.7125 -53.4039 9.50518
      vertex -17.5554 -53.5067 8.57451
    endloop
  endfacet
  facet normal 0.15312 -0.987764 -0.0295912
    outer loop
      vertex -16.7125 -53.4039 9.50518
      vertex -17.2985 -53.4963 9.55724
      vertex -17.5554 -53.5067 8.57451
    endloop
  endfacet
  facet normal 0.155867 -0.987777 0.00130695
    outer loop
      vertex -16.7125 -53.4039 9.50518
      vertex -16.6301 -53.3896 10.5389
      vertex -17.2985 -53.4963 9.55724
    endloop
  endfacet
  facet normal 0.15179 -0.988404 0.00415112
    outer loop
      vertex -16.6301 -53.3896 10.5389
      vertex -17.2173 -53.4796 10.5755
      vertex -17.2985 -53.4963 9.55724
    endloop
  endfacet
  facet normal 0.153535 -0.987551 0.0341945
    outer loop
      vertex -16.6301 -53.3896 10.5389
      vertex -16.736 -53.3695 11.594
      vertex -17.2173 -53.4796 10.5755
    endloop
  endfacet
  facet normal 0.14854 -0.988228 0.0366284
    outer loop
      vertex -17.2173 -53.4796 10.5755
      vertex -16.736 -53.3695 11.594
      vertex -17.3203 -53.4566 11.6148
    endloop
  endfacet
  facet normal 0.272776 -0.959988 -0.0633714
    outer loop
      vertex -15.5443 -53.0185 8.69505
      vertex -16.7125 -53.4039 9.50518
      vertex -16.9745 -53.4125 8.50774
    endloop
  endfacet
  facet normal 0.285093 -0.95747 -0.0444127
    outer loop
      vertex -15.5443 -53.0185 8.69505
      vertex -15.3029 -53.0116 10.0959
      vertex -16.7125 -53.4039 9.50518
    endloop
  endfacet
  facet normal 0.271326 -0.962452 -0.00824883
    outer loop
      vertex -15.3029 -53.0116 10.0959
      vertex -16.6301 -53.3896 10.5389
      vertex -16.7125 -53.4039 9.50518
    endloop
  endfacet
  facet normal 0.282596 -0.958812 0.0286233
    outer loop
      vertex -15.3029 -53.0116 10.0959
      vertex -15.4068 -52.9989 11.5464
      vertex -16.6301 -53.3896 10.5389
    endloop
  endfacet
  facet normal 0.269772 -0.961855 0.0453724
    outer loop
      vertex -16.6301 -53.3896 10.5389
      vertex -15.4068 -52.9989 11.5464
      vertex -16.736 -53.3695 11.594
    endloop
  endfacet
  facet normal 0.237658 -0.923197 -0.302037
    outer loop
      vertex -16.959 -53.0143 6.27522
      vertex -18.2161 -53.4087 6.49146
      vertex -19.2048 -53.3922 5.66313
    endloop
  endfacet
  facet normal 0.261038 -0.943652 -0.203422
    outer loop
      vertex -16.959 -53.0143 6.27522
      vertex -16.1234 -53.0194 7.3712
      vertex -18.2161 -53.4087 6.49146
    endloop
  endfacet
  facet normal 0.260025 -0.94453 -0.200624
    outer loop
      vertex -16.1234 -53.0194 7.3712
      vertex -17.4195 -53.415 7.55391
      vertex -18.2161 -53.4087 6.49146
    endloop
  endfacet
  facet normal 0.274418 -0.95417 -0.119392
    outer loop
      vertex -16.1234 -53.0194 7.3712
      vertex -15.5443 -53.0185 8.69505
      vertex -17.4195 -53.415 7.55391
    endloop
  endfacet
  facet normal 0.278935 -0.951789 -0.127641
    outer loop
      vertex -15.5443 -53.0185 8.69505
      vertex -16.9745 -53.4125 8.50774
      vertex -17.4195 -53.415 7.55391
    endloop
  endfacet
  facet normal 0.237223 -0.923988 -0.299952
    outer loop
      vertex -17.9961 -53.0037 5.42245
      vertex -16.959 -53.0143 6.27522
      vertex -19.2048 -53.3922 5.66313
    endloop
  endfacet
  facet normal 0.203102 -0.887824 -0.412939
    outer loop
      vertex -17.9961 -53.0037 5.42245
      vertex -19.2048 -53.3922 5.66313
      vertex -20.0756 -53.3729 5.19334
    endloop
  endfacet
  facet normal 0.202908 -0.891129 -0.405854
    outer loop
      vertex -18.9093 -52.9921 4.94027
      vertex -17.9961 -53.0037 5.42245
      vertex -20.0756 -53.3729 5.19334
    endloop
  endfacet
  facet normal 0.155958 -0.831725 -0.532833
    outer loop
      vertex -18.9093 -52.9921 4.94027
      vertex -20.0756 -53.3729 5.19334
      vertex -20.965 -53.3497 4.89677
    endloop
  endfacet
  facet normal 0.156948 -0.838818 -0.521298
    outer loop
      vertex -19.8421 -52.9784 4.63745
      vertex -18.9093 -52.9921 4.94027
      vertex -20.965 -53.3497 4.89677
    endloop
  endfacet
  facet normal 0.0501238 -0.669354 -0.741251
    outer loop
      vertex -19.8421 -52.9784 4.63745
      vertex -20.965 -53.3497 4.89677
      vertex -22.519 -53.3018 4.74846
    endloop
  endfacet
  facet normal 0.0533408 -0.689488 -0.72233
    outer loop
      vertex -21.472 -52.9509 4.49081
      vertex -19.8421 -52.9784 4.63745
      vertex -22.519 -53.3018 4.74846
    endloop
  endfacet
  facet normal -0.149363 -0.255654 -0.955161
    outer loop
      vertex -21.472 -52.9509 4.49081
      vertex -22.519 -53.3018 4.74846
      vertex -23.5862 -53.2638 4.90518
    endloop
  endfacet
  facet normal -0.14659 -0.269798 -0.951693
    outer loop
      vertex -22.5913 -52.9294 4.65713
      vertex -21.472 -52.9509 4.49081
      vertex -23.5862 -53.2638 4.90518
    endloop
  endfacet
  facet normal 0.381378 -0.876133 -0.294858
    outer loop
      vertex -15.9883 -52.9542 7.35215
      vertex -16.1234 -53.0194 7.3712
      vertex -16.959 -53.0143 6.27522
    endloop
  endfacet
  facet normal 0.407214 -0.895697 -0.178615
    outer loop
      vertex -15.9883 -52.9542 7.35215
      vertex -15.4057 -52.9542 8.68033
      vertex -16.1234 -53.0194 7.3712
    endloop
  endfacet
  facet normal 0.399314 -0.900139 -0.174063
    outer loop
      vertex -15.4057 -52.9542 8.68033
      vertex -15.5443 -53.0185 8.69505
      vertex -16.1234 -53.0194 7.3712
    endloop
  endfacet
  facet normal 0.414058 -0.907689 -0.0682373
    outer loop
      vertex -15.4057 -52.9542 8.68033
      vertex -15.1626 -52.949 10.0859
      vertex -15.5443 -53.0185 8.69505
    endloop
  endfacet
  facet normal 0.403069 -0.912861 -0.0649629
    outer loop
      vertex -15.1626 -52.949 10.0859
      vertex -15.3029 -53.0116 10.0959
      vertex -15.5443 -53.0185 8.69505
    endloop
  endfacet
  facet normal 0.409651 -0.911546 0.0356313
    outer loop
      vertex -15.1626 -52.949 10.0859
      vertex -15.2663 -52.9387 11.5414
      vertex -15.3029 -53.0116 10.0959
    endloop
  endfacet
  facet normal 0.395075 -0.917931 0.0363225
    outer loop
      vertex -15.3029 -53.0116 10.0959
      vertex -15.2663 -52.9387 11.5414
      vertex -15.4068 -52.9989 11.5464
    endloop
  endfacet
  facet normal 0.385232 -0.873211 -0.298495
    outer loop
      vertex -16.8285 -52.9491 6.25276
      vertex -15.9883 -52.9542 7.35215
      vertex -16.959 -53.0143 6.27522
    endloop
  endfacet
  facet normal 0.343947 -0.835441 -0.428648
    outer loop
      vertex -16.8285 -52.9491 6.25276
      vertex -16.959 -53.0143 6.27522
      vertex -17.9961 -53.0037 5.42245
    endloop
  endfacet
  facet normal 0.344406 -0.834902 -0.429329
    outer loop
      vertex -17.8709 -52.9393 5.39753
      vertex -16.8285 -52.9491 6.25276
      vertex -17.9961 -53.0037 5.42245
    endloop
  endfacet
  facet normal 0.287161 -0.775243 -0.562616
    outer loop
      vertex -17.8709 -52.9393 5.39753
      vertex -17.9961 -53.0037 5.42245
      vertex -18.9093 -52.9921 4.94027
    endloop
  endfacet
  facet normal 0.286454 -0.776797 -0.56083
    outer loop
      vertex -18.7888 -52.9288 4.91413
      vertex -17.8709 -52.9393 5.39753
      vertex -18.9093 -52.9921 4.94027
    endloop
  endfacet
  facet normal 0.213795 -0.691741 -0.689773
    outer loop
      vertex -18.7888 -52.9288 4.91413
      vertex -18.9093 -52.9921 4.94027
      vertex -19.8421 -52.9784 4.63745
    endloop
  endfacet
  facet normal 0.212995 -0.695711 -0.686017
    outer loop
      vertex -19.7263 -52.9166 4.61072
      vertex -18.7888 -52.9288 4.91413
      vertex -19.8421 -52.9784 4.63745
    endloop
  endfacet
  facet normal 0.0690708 -0.502176 -0.862002
    outer loop
      vertex -19.7263 -52.9166 4.61072
      vertex -19.8421 -52.9784 4.63745
      vertex -21.472 -52.9509 4.49081
    endloop
  endfacet
  facet normal 0.0688203 -0.514157 -0.854931
    outer loop
      vertex -21.3642 -52.8924 4.4643
      vertex -19.7263 -52.9166 4.61072
      vertex -21.472 -52.9509 4.49081
    endloop
  endfacet
  facet normal -0.148037 -0.168778 -0.974474
    outer loop
      vertex -21.3642 -52.8924 4.4643
      vertex -21.472 -52.9509 4.49081
      vertex -22.5913 -52.9294 4.65713
    endloop
  endfacet
  facet normal -0.147729 -0.174235 -0.97356
    outer loop
      vertex -22.4889 -52.8736 4.63161
      vertex -21.3642 -52.8924 4.4643
      vertex -22.5913 -52.9294 4.65713
    endloop
  endfacet
  facet normal 0.764464 -0.642433 0.0536137
    outer loop
      vertex -14.7912 -52.6108 10.0594
      vertex -14.8924 -52.6087 11.528
      vertex -15.055 -52.8017 11.5338
    endloop
  endfacet
  facet normal 0.587471 -0.671174 -0.452109
    outer loop
      vertex -15.6349 -52.6113 7.30234
      vertex -15.9883 -52.9542 7.35215
      vertex -16.8285 -52.9491 6.25276
    endloop
  endfacet
  facet normal 0.646024 -0.707477 -0.286583
    outer loop
      vertex -15.6349 -52.6113 7.30234
      vertex -15.0412 -52.6117 8.64159
      vertex -15.9883 -52.9542 7.35215
    endloop
  endfacet
  facet normal 0.641096 -0.714086 -0.281208
    outer loop
      vertex -15.0412 -52.6117 8.64159
      vertex -15.4057 -52.9542 8.68033
      vertex -15.9883 -52.9542 7.35215
    endloop
  endfacet
  facet normal 0.673262 -0.729887 -0.118252
    outer loop
      vertex -15.0412 -52.6117 8.64159
      vertex -14.7912 -52.6108 10.0594
      vertex -15.4057 -52.9542 8.68033
    endloop
  endfacet
  facet normal 0.664618 -0.738711 -0.112203
    outer loop
      vertex -14.7912 -52.6108 10.0594
      vertex -15.1626 -52.949 10.0859
      vertex -15.4057 -52.9542 8.68033
    endloop
  endfacet
  facet normal 0.674017 -0.738292 0.0250228
    outer loop
      vertex -14.7912 -52.6108 10.0594
      vertex -15.055 -52.8017 11.5338
      vertex -15.1626 -52.949 10.0859
    endloop
  endfacet
  facet normal 0.544652 -0.837468 0.0447257
    outer loop
      vertex -15.1626 -52.949 10.0859
      vertex -15.055 -52.8017 11.5338
      vertex -15.2663 -52.9387 11.5414
    endloop
  endfacet
  facet normal 0.589091 -0.667757 -0.455051
    outer loop
      vertex -16.489 -52.6097 6.19435
      vertex -15.6349 -52.6113 7.30234
      vertex -16.8285 -52.9491 6.25276
    endloop
  endfacet
  facet normal 0.5006 -0.607113 -0.617101
    outer loop
      vertex -16.489 -52.6097 6.19435
      vertex -16.8285 -52.9491 6.25276
      vertex -17.8709 -52.9393 5.39753
    endloop
  endfacet
  facet normal 0.500497 -0.607571 -0.616734
    outer loop
      vertex -17.5471 -52.6071 5.33305
      vertex -16.489 -52.6097 6.19435
      vertex -17.8709 -52.9393 5.39753
    endloop
  endfacet
  facet normal 0.391097 -0.527599 -0.75411
    outer loop
      vertex -17.5471 -52.6071 5.33305
      vertex -17.8709 -52.9393 5.39753
      vertex -18.7888 -52.9288 4.91413
    endloop
  endfacet
  facet normal 0.391159 -0.530918 -0.751745
    outer loop
      vertex -18.4781 -52.6044 4.84669
      vertex -17.5471 -52.6071 5.33305
      vertex -18.7888 -52.9288 4.91413
    endloop
  endfacet
  facet normal 0.271615 -0.438267 -0.856824
    outer loop
      vertex -18.4781 -52.6044 4.84669
      vertex -18.7888 -52.9288 4.91413
      vertex -19.7263 -52.9166 4.61072
    endloop
  endfacet
  facet normal 0.272396 -0.443691 -0.853779
    outer loop
      vertex -19.4284 -52.6013 4.5419
      vertex -18.4781 -52.6044 4.84669
      vertex -19.7263 -52.9166 4.61072
    endloop
  endfacet
  facet normal 0.0811588 -0.28512 -0.95505
    outer loop
      vertex -19.4284 -52.6013 4.5419
      vertex -19.7263 -52.9166 4.61072
      vertex -21.3642 -52.8924 4.4643
    endloop
  endfacet
  facet normal 0.0825038 -0.294888 -0.951963
    outer loop
      vertex -21.0876 -52.5953 4.39624
      vertex -19.4284 -52.6013 4.5419
      vertex -21.3642 -52.8924 4.4643
    endloop
  endfacet
  facet normal -0.148004 -0.0878706 -0.985075
    outer loop
      vertex -21.0876 -52.5953 4.39624
      vertex -21.3642 -52.8924 4.4643
      vertex -22.4889 -52.8736 4.63161
    endloop
  endfacet
  facet normal -0.147312 -0.0911859 -0.984878
    outer loop
      vertex -22.2264 -52.5907 4.56615
      vertex -21.0876 -52.5953 4.39624
      vertex -22.4889 -52.8736 4.63161
    endloop
  endfacet
  facet normal 0.770157 -0.232404 -0.594009
    outer loop
      vertex -15.6046 -52.5 7.29807
      vertex -15.6349 -52.6113 7.30234
      vertex -16.489 -52.6097 6.19435
    endloop
  endfacet
  facet normal 0.883819 -0.255586 -0.391841
    outer loop
      vertex -15.6046 -52.5 7.29807
      vertex -15.0104 -52.5 8.63832
      vertex -15.6349 -52.6113 7.30234
    endloop
  endfacet
  facet normal 0.883896 -0.255215 -0.391908
    outer loop
      vertex -15.0104 -52.5 8.63832
      vertex -15.0412 -52.6117 8.64159
      vertex -15.6349 -52.6113 7.30234
    endloop
  endfacet
  facet normal 0.949153 -0.266638 -0.167371
    outer loop
      vertex -15.0104 -52.5 8.63832
      vertex -14.7602 -52.5 10.0572
      vertex -15.0412 -52.6117 8.64159
    endloop
  endfacet
  facet normal 0.948603 -0.26876 -0.167095
    outer loop
      vertex -14.7602 -52.5 10.0572
      vertex -14.7912 -52.6108 10.0594
      vertex -15.0412 -52.6117 8.64159
    endloop
  endfacet
  facet normal 0.961234 -0.26764 0.0663175
    outer loop
      vertex -14.7912 -52.6108 10.0594
      vertex -14.7602 -52.5 10.0572
      vertex -14.8616 -52.5 11.5269
    endloop
  endfacet
  facet normal 0.960134 -0.271503 0.0665564
    outer loop
      vertex -14.7912 -52.6108 10.0594
      vertex -14.8616 -52.5 11.5269
      vertex -14.8924 -52.6087 11.528
    endloop
  endfacet
  facet normal 0.769891 -0.234306 -0.593606
    outer loop
      vertex -16.4595 -52.5 6.18929
      vertex -15.6046 -52.5 7.29807
      vertex -16.489 -52.6097 6.19435
    endloop
  endfacet
  facet normal 0.618085 -0.201172 -0.759935
    outer loop
      vertex -16.4595 -52.5 6.18929
      vertex -16.489 -52.6097 6.19435
      vertex -17.5471 -52.6071 5.33305
    endloop
  endfacet
  facet normal 0.617897 -0.203934 -0.759351
    outer loop
      vertex -17.5187 -52.5 5.3274
      vertex -16.4595 -52.5 6.18929
      vertex -17.5471 -52.6071 5.33305
    endloop
  endfacet
  facet normal 0.456137 -0.167088 -0.874083
    outer loop
      vertex -17.5187 -52.5 5.3274
      vertex -17.5471 -52.6071 5.33305
      vertex -18.4781 -52.6044 4.84669
    endloop
  endfacet
  facet normal 0.456161 -0.169579 -0.87359
    outer loop
      vertex -18.4507 -52.5 4.84074
      vertex -17.5187 -52.5 5.3274
      vertex -18.4781 -52.6044 4.84669
    endloop
  endfacet
  facet normal 0.302294 -0.133186 -0.943864
    outer loop
      vertex -18.4507 -52.5 4.84074
      vertex -18.4781 -52.6044 4.84669
      vertex -19.4284 -52.6013 4.5419
    endloop
  endfacet
  facet normal 0.302445 -0.13595 -0.943422
    outer loop
      vertex -19.4019 -52.5 4.5358
      vertex -18.4507 -52.5 4.84074
      vertex -19.4284 -52.6013 4.5419
    endloop
  endfacet
  facet normal 0.0868581 -0.0825176 -0.992797
    outer loop
      vertex -19.4019 -52.5 4.5358
      vertex -19.4284 -52.6013 4.5419
      vertex -21.0876 -52.5953 4.39624
    endloop
  endfacet
  facet normal 0.0870149 -0.085709 -0.992513
    outer loop
      vertex -21.063 -52.5 4.39017
      vertex -19.4019 -52.5 4.5358
      vertex -21.0876 -52.5953 4.39624
    endloop
  endfacet
  facet normal -0.14762 -0.0248785 -0.988731
    outer loop
      vertex -21.063 -52.5 4.39017
      vertex -21.0876 -52.5953 4.39624
      vertex -22.2264 -52.5907 4.56615
    endloop
  endfacet
  facet normal -0.147567 -0.0255401 -0.988722
    outer loop
      vertex -22.2029 -52.5 4.5603
      vertex -21.063 -52.5 4.39017
      vertex -22.2264 -52.5907 4.56615
    endloop
  endfacet
  facet normal 0.770249 0.232424 -0.593882
    outer loop
      vertex -15.6349 -52.3887 7.30234
      vertex -15.6046 -52.5 7.29807
      vertex -16.4595 -52.5 6.18929
    endloop
  endfacet
  facet normal 0.883807 0.255584 -0.391869
    outer loop
      vertex -15.0412 -52.3883 8.64159
      vertex -15.6046 -52.5 7.29807
      vertex -15.6349 -52.3887 7.30234
    endloop
  endfacet
  facet normal 0.883908 0.255218 -0.391881
    outer loop
      vertex -15.0412 -52.3883 8.64159
      vertex -15.0104 -52.5 8.63832
      vertex -15.6046 -52.5 7.29807
    endloop
  endfacet
  facet normal 0.949182 0.266641 -0.167198
    outer loop
      vertex -14.7912 -52.3892 10.0594
      vertex -15.0104 -52.5 8.63832
      vertex -15.0412 -52.3883 8.64159
    endloop
  endfacet
  facet normal 0.948573 0.268756 -0.167269
    outer loop
      vertex -14.7912 -52.3892 10.0594
      vertex -14.7602 -52.5 10.0572
      vertex -15.0104 -52.5 8.63832
    endloop
  endfacet
  facet normal 0.961216 0.267628 0.0666253
    outer loop
      vertex -14.7602 -52.5 10.0572
      vertex -14.7912 -52.3892 10.0594
      vertex -14.8924 -52.3913 11.528
    endloop
  endfacet
  facet normal 0.960153 0.271511 0.0662429
    outer loop
      vertex -14.8616 -52.5 11.5269
      vertex -14.7602 -52.5 10.0572
      vertex -14.8924 -52.3913 11.528
    endloop
  endfacet
  facet normal 0.769798 0.234287 -0.593735
    outer loop
      vertex -15.6349 -52.3887 7.30234
      vertex -16.4595 -52.5 6.18929
      vertex -16.489 -52.3903 6.19435
    endloop
  endfacet
  facet normal 0.618253 0.20121 -0.759788
    outer loop
      vertex -16.489 -52.3903 6.19435
      vertex -16.4595 -52.5 6.18929
      vertex -17.5187 -52.5 5.3274
    endloop
  endfacet
  facet normal 0.617725 0.203896 -0.759501
    outer loop
      vertex -16.489 -52.3903 6.19435
      vertex -17.5187 -52.5 5.3274
      vertex -17.5471 -52.3929 5.33305
    endloop
  endfacet
  facet normal 0.456354 0.167139 -0.87396
    outer loop
      vertex -17.5471 -52.3929 5.33305
      vertex -17.5187 -52.5 5.3274
      vertex -18.4507 -52.5 4.84074
    endloop
  endfacet
  facet normal 0.455939 0.169522 -0.873717
    outer loop
      vertex -17.5471 -52.3929 5.33305
      vertex -18.4507 -52.5 4.84074
      vertex -18.4781 -52.3956 4.84669
    endloop
  endfacet
  facet normal 0.302558 0.133245 -0.943771
    outer loop
      vertex -18.4781 -52.3956 4.84669
      vertex -18.4507 -52.5 4.84074
      vertex -19.4019 -52.5 4.5358
    endloop
  endfacet
  facet normal 0.302174 0.135885 -0.943518
    outer loop
      vertex -18.4781 -52.3956 4.84669
      vertex -19.4019 -52.5 4.5358
      vertex -19.4284 -52.3987 4.5419
    endloop
  endfacet
  facet normal 0.0870381 0.0825635 -0.992778
    outer loop
      vertex -19.4284 -52.3987 4.5419
      vertex -19.4019 -52.5 4.5358
      vertex -21.063 -52.5 4.39017
    endloop
  endfacet
  facet normal 0.0868236 0.0856609 -0.992534
    outer loop
      vertex -19.4284 -52.3987 4.5419
      vertex -21.063 -52.5 4.39017
      vertex -21.0876 -52.4047 4.39624
    endloop
  endfacet
  facet normal -0.14757 0.024892 -0.988738
    outer loop
      vertex -21.0876 -52.4047 4.39624
      vertex -21.063 -52.5 4.39017
      vertex -22.2029 -52.5 4.5603
    endloop
  endfacet
  facet normal -0.14762 0.0255259 -0.988715
    outer loop
      vertex -21.0876 -52.4047 4.39624
      vertex -22.2029 -52.5 4.5603
      vertex -22.2264 -52.4093 4.56615
    endloop
  endfacet
  facet normal 0.543457 0.83825 0.0446203
    outer loop
      vertex -15.0559 -52.1974 11.5339
      vertex -15.167 -52.0483 10.0862
      vertex -15.2685 -52.06 11.5415
    endloop
  endfacet
  facet normal 0.584738 0.673829 -0.451704
    outer loop
      vertex -15.9967 -52.0405 7.35334
      vertex -15.6349 -52.3887 7.30234
      vertex -16.489 -52.3903 6.19435
    endloop
  endfacet
  facet normal 0.644063 0.710749 -0.282877
    outer loop
      vertex -15.4122 -52.0418 8.68102
      vertex -15.6349 -52.3887 7.30234
      vertex -15.9967 -52.0405 7.35334
    endloop
  endfacet
  facet normal 0.63841 0.715699 -0.28321
    outer loop
      vertex -15.4122 -52.0418 8.68102
      vertex -15.0412 -52.3883 8.64159
      vertex -15.6349 -52.3887 7.30234
    endloop
  endfacet
  facet normal 0.671683 0.732046 -0.113802
    outer loop
      vertex -15.167 -52.0483 10.0862
      vertex -15.0412 -52.3883 8.64159
      vertex -15.4122 -52.0418 8.68102
    endloop
  endfacet
  facet normal 0.662749 0.739741 -0.116392
    outer loop
      vertex -14.7912 -52.3892 10.0594
      vertex -15.0412 -52.3883 8.64159
      vertex -15.167 -52.0483 10.0862
    endloop
  endfacet
  facet normal 0.672635 0.739568 0.024544
    outer loop
      vertex -15.0559 -52.1974 11.5339
      vertex -14.7912 -52.3892 10.0594
      vertex -15.167 -52.0483 10.0862
    endloop
  endfacet
  facet normal 0.764271 0.642664 0.0536007
    outer loop
      vertex -14.8924 -52.3913 11.528
      vertex -14.7912 -52.3892 10.0594
      vertex -15.0559 -52.1974 11.5339
    endloop
  endfacet
  facet normal 0.586655 0.671986 -0.451962
    outer loop
      vertex -15.9967 -52.0405 7.35334
      vertex -16.489 -52.3903 6.19435
      vertex -16.8385 -52.0447 6.25448
    endloop
  endfacet
  facet normal 0.498683 0.611297 -0.614517
    outer loop
      vertex -16.8385 -52.0447 6.25448
      vertex -16.489 -52.3903 6.19435
      vertex -17.5471 -52.3929 5.33305
    endloop
  endfacet
  facet normal 0.497812 0.612299 -0.614225
    outer loop
      vertex -16.8385 -52.0447 6.25448
      vertex -17.5471 -52.3929 5.33305
      vertex -17.882 -52.0537 5.39974
    endloop
  endfacet
  facet normal 0.390508 0.533145 -0.750507
    outer loop
      vertex -17.882 -52.0537 5.39974
      vertex -17.5471 -52.3929 5.33305
      vertex -18.4781 -52.3956 4.84669
    endloop
  endfacet
  facet normal 0.388441 0.535626 -0.749813
    outer loop
      vertex -17.882 -52.0537 5.39974
      vertex -18.4781 -52.3956 4.84669
      vertex -18.8005 -52.0639 4.91666
    endloop
  endfacet
  facet normal 0.272259 0.444563 -0.853369
    outer loop
      vertex -18.8005 -52.0639 4.91666
      vertex -18.4781 -52.3956 4.84669
      vertex -19.4284 -52.3987 4.5419
    endloop
  endfacet
  facet normal 0.26986 0.447939 -0.852365
    outer loop
      vertex -18.8005 -52.0639 4.91666
      vertex -19.4284 -52.3987 4.5419
      vertex -19.7383 -52.0759 4.61346
    endloop
  endfacet
  facet normal 0.0826341 0.290597 -0.953271
    outer loop
      vertex -19.7383 -52.0759 4.61346
      vertex -19.4284 -52.3987 4.5419
      vertex -21.0876 -52.4047 4.39624
    endloop
  endfacet
  facet normal 0.0805329 0.297855 -0.951208
    outer loop
      vertex -19.7383 -52.0759 4.61346
      vertex -21.0876 -52.4047 4.39624
      vertex -21.376 -52.1001 4.46721
    endloop
  endfacet
  facet normal -0.147323 0.0900035 -0.984985
    outer loop
      vertex -21.376 -52.1001 4.46721
      vertex -21.0876 -52.4047 4.39624
      vertex -22.2264 -52.4093 4.56615
    endloop
  endfacet
  facet normal -0.14803 0.0920427 -0.98469
    outer loop
      vertex -21.376 -52.1001 4.46721
      vertex -22.2264 -52.4093 4.56615
      vertex -22.5003 -52.1191 4.63445
    endloop
  endfacet
  facet normal 0.378461 0.877935 -0.293252
    outer loop
      vertex -16.1149 -51.984 7.37
      vertex -15.9967 -52.0405 7.35334
      vertex -16.8385 -52.0447 6.25448
    endloop
  endfacet
  facet normal 0.404283 0.897474 -0.176342
    outer loop
      vertex -15.5328 -51.9861 8.69383
      vertex -15.9967 -52.0405 7.35334
      vertex -16.1149 -51.984 7.37
    endloop
  endfacet
  facet normal 0.397348 0.901004 -0.174085
    outer loop
      vertex -15.5328 -51.9861 8.69383
      vertex -15.4122 -52.0418 8.68102
      vertex -15.9967 -52.0405 7.35334
    endloop
  endfacet
  facet normal 0.412274 0.908619 -0.06665
    outer loop
      vertex -15.2885 -51.9942 10.0948
      vertex -15.4122 -52.0418 8.68102
      vertex -15.5328 -51.9861 8.69383
    endloop
  endfacet
  facet normal 0.402078 0.91323 -0.0659131
    outer loop
      vertex -15.2885 -51.9942 10.0948
      vertex -15.167 -52.0483 10.0862
      vertex -15.4122 -52.0418 8.68102
    endloop
  endfacet
  facet normal 0.408812 0.911864 0.0371141
    outer loop
      vertex -15.167 -52.0483 10.0862
      vertex -15.2885 -51.9942 10.0948
      vertex -15.3894 -52.008 11.5458
    endloop
  endfacet
  facet normal 0.395669 0.917728 0.0349498
    outer loop
      vertex -15.2685 -52.06 11.5415
      vertex -15.167 -52.0483 10.0862
      vertex -15.3894 -52.008 11.5458
    endloop
  endfacet
  facet normal 0.3816 0.875929 -0.295178
    outer loop
      vertex -16.1149 -51.984 7.37
      vertex -16.8385 -52.0447 6.25448
      vertex -16.9532 -51.9881 6.27422
    endloop
  endfacet
  facet normal 0.340831 0.838591 -0.42497
    outer loop
      vertex -16.9532 -51.9881 6.27422
      vertex -16.8385 -52.0447 6.25448
      vertex -17.882 -52.0537 5.39974
    endloop
  endfacet
  facet normal 0.340702 0.838708 -0.424842
    outer loop
      vertex -16.9532 -51.9881 6.27422
      vertex -17.882 -52.0537 5.39974
      vertex -17.9924 -51.9977 5.42172
    endloop
  endfacet
  facet normal 0.284533 0.779977 -0.557383
    outer loop
      vertex -17.9924 -51.9977 5.42172
      vertex -17.882 -52.0537 5.39974
      vertex -18.8005 -52.0639 4.91666
    endloop
  endfacet
  facet normal 0.283292 0.781684 -0.555622
    outer loop
      vertex -17.9924 -51.9977 5.42172
      vertex -18.8005 -52.0639 4.91666
      vertex -18.907 -52.0089 4.93978
    endloop
  endfacet
  facet normal 0.212207 0.698015 -0.683918
    outer loop
      vertex -18.907 -52.0089 4.93978
      vertex -18.8005 -52.0639 4.91666
      vertex -19.7383 -52.0759 4.61346
    endloop
  endfacet
  facet normal 0.210514 0.701943 -0.680411
    outer loop
      vertex -18.907 -52.0089 4.93978
      vertex -19.7383 -52.0759 4.61346
      vertex -19.8409 -52.0221 4.63717
    endloop
  endfacet
  facet normal 0.0690171 0.509947 -0.857433
    outer loop
      vertex -19.8409 -52.0221 4.63717
      vertex -19.7383 -52.0759 4.61346
      vertex -21.376 -52.1001 4.46721
    endloop
  endfacet
  facet normal 0.0677362 0.520933 -0.850906
    outer loop
      vertex -19.8409 -52.0221 4.63717
      vertex -21.376 -52.1001 4.46721
      vertex -21.4717 -52.0492 4.49076
    endloop
  endfacet
  facet normal -0.147779 0.172681 -0.973829
    outer loop
      vertex -21.4717 -52.0492 4.49076
      vertex -21.376 -52.1001 4.46721
      vertex -22.5003 -52.1191 4.63445
    endloop
  endfacet
  facet normal -0.147969 0.1772 -0.972988
    outer loop
      vertex -21.4717 -52.0492 4.49076
      vertex -22.5003 -52.1191 4.63445
      vertex -22.5913 -52.0706 4.65713
    endloop
  endfacet
  facet normal 0.272394 0.960074 -0.0637168
    outer loop
      vertex -16.7341 -51.5913 9.5071
      vertex -15.5328 -51.9861 8.69383
      vertex -17.0022 -51.5813 8.51092
    endloop
  endfacet
  facet normal 0.30506 0.952261 -0.0116724
    outer loop
      vertex -16.6453 -51.6071 10.5398
      vertex -15.5328 -51.9861 8.69383
      vertex -16.7341 -51.5913 9.5071
    endloop
  endfacet
  facet normal 0.261947 0.964248 -0.0401161
    outer loop
      vertex -15.2885 -51.9942 10.0948
      vertex -15.5328 -51.9861 8.69383
      vertex -16.6453 -51.6071 10.5398
    endloop
  endfacet
  facet normal 0.288183 0.956437 0.0466772
    outer loop
      vertex -15.2885 -51.9942 10.0948
      vertex -16.6453 -51.6071 10.5398
      vertex -16.7447 -51.6286 11.5943
    endloop
  endfacet
  facet normal 0.270403 0.962341 0.0279701
    outer loop
      vertex -15.3894 -52.008 11.5458
      vertex -15.2885 -51.9942 10.0948
      vertex -16.7447 -51.6286 11.5943
    endloop
  endfacet
  facet normal 0.236487 0.924557 -0.298778
    outer loop
      vertex -16.9532 -51.9881 6.27422
      vertex -17.9924 -51.9977 5.42172
      vertex -18.2555 -51.5826 6.49823
    endloop
  endfacet
  facet normal 0.259557 0.944594 -0.200929
    outer loop
      vertex -17.4528 -51.5776 7.5586
      vertex -16.9532 -51.9881 6.27422
      vertex -18.2555 -51.5826 6.49823
    endloop
  endfacet
  facet normal 0.258617 0.944762 -0.201349
    outer loop
      vertex -16.1149 -51.984 7.37
      vertex -16.9532 -51.9881 6.27422
      vertex -17.4528 -51.5776 7.5586
    endloop
  endfacet
  facet normal 0.272208 0.954082 -0.125023
    outer loop
      vertex -17.0022 -51.5813 8.51092
      vertex -16.1149 -51.984 7.37
      vertex -17.4528 -51.5776 7.5586
    endloop
  endfacet
  facet normal 0.277551 0.95312 -0.120528
    outer loop
      vertex -15.5328 -51.9861 8.69383
      vertex -16.1149 -51.984 7.37
      vertex -17.0022 -51.5813 8.51092
    endloop
  endfacet
  facet normal 0.234682 0.924839 -0.299328
    outer loop
      vertex -18.2555 -51.5826 6.49823
      vertex -17.9924 -51.9977 5.42172
      vertex -19.2486 -51.598 5.67184
    endloop
  endfacet
  facet normal 0.202865 0.891293 -0.405516
    outer loop
      vertex -17.9924 -51.9977 5.42172
      vertex -18.907 -52.0089 4.93978
      vertex -19.2486 -51.598 5.67184
    endloop
  endfacet
  facet normal 0.199375 0.891329 -0.407165
    outer loop
      vertex -19.2486 -51.598 5.67184
      vertex -18.907 -52.0089 4.93978
      vertex -20.1215 -51.6168 5.2033
    endloop
  endfacet
  facet normal 0.157292 0.838237 -0.522128
    outer loop
      vertex -18.907 -52.0089 4.93978
      vertex -19.8409 -52.0221 4.63717
      vertex -20.1215 -51.6168 5.2033
    endloop
  endfacet
  facet normal 0.15247 0.837822 -0.524221
    outer loop
      vertex -20.1215 -51.6168 5.2033
      vertex -19.8409 -52.0221 4.63717
      vertex -21.012 -51.6398 4.90762
    endloop
  endfacet
  facet normal 0.0541587 0.681875 -0.729461
    outer loop
      vertex -21.012 -51.6398 4.90762
      vertex -19.8409 -52.0221 4.63717
      vertex -21.4717 -52.0492 4.49076
    endloop
  endfacet
  facet normal 0.047895 0.685698 -0.726309
    outer loop
      vertex -21.012 -51.6398 4.90762
      vertex -21.4717 -52.0492 4.49076
      vertex -22.5656 -51.6877 4.75993
    endloop
  endfacet
  facet normal -0.146665 0.265657 -0.952846
    outer loop
      vertex -22.5656 -51.6877 4.75993
      vertex -21.4717 -52.0492 4.49076
      vertex -22.5913 -52.0706 4.65713
    endloop
  endfacet
  facet normal -0.149415 0.265722 -0.952401
    outer loop
      vertex -22.5656 -51.6877 4.75993
      vertex -22.5913 -52.0706 4.65713
      vertex -23.631 -51.726 4.91637
    endloop
  endfacet
  facet normal -0.231563 0.057851 -0.971098
    outer loop
      vertex -23.8961 -51.6484 4.98421
      vertex -23.631 -51.726 4.91637
      vertex -24.0266 -51.6539 5.015
    endloop
  endfacet
  facet normal -0.137507 0.342526 -0.929391
    outer loop
      vertex -22.9818 -51.612 4.86234
      vertex -23.631 -51.726 4.91637
      vertex -23.8961 -51.6484 4.98421
    endloop
  endfacet
  facet normal -0.146938 0.410085 -0.900133
    outer loop
      vertex -22.9818 -51.612 4.86234
      vertex -22.5656 -51.6877 4.75993
      vertex -23.631 -51.726 4.91637
    endloop
  endfacet
  facet normal 0.0228248 0.846185 -0.5324
    outer loop
      vertex -21.4575 -51.5599 5.01051
      vertex -22.5656 -51.6877 4.75993
      vertex -22.9818 -51.612 4.86234
    endloop
  endfacet
  facet normal 0.025556 0.84032 -0.541488
    outer loop
      vertex -21.4575 -51.5599 5.01051
      vertex -21.012 -51.6398 4.90762
      vertex -22.5656 -51.6877 4.75993
    endloop
  endfacet
  facet normal 0.0884083 0.93518 -0.342962
    outer loop
      vertex -20.5834 -51.5351 5.30354
      vertex -21.012 -51.6398 4.90762
      vertex -21.4575 -51.5599 5.01051
    endloop
  endfacet
  facet normal 0.0904539 0.934259 -0.344933
    outer loop
      vertex -20.5834 -51.5351 5.30354
      vertex -20.1215 -51.6168 5.2033
      vertex -21.012 -51.6398 4.90762
    endloop
  endfacet
  facet normal 0.114783 0.960344 -0.254095
    outer loop
      vertex -19.7263 -51.5149 5.76696
      vertex -20.1215 -51.6168 5.2033
      vertex -20.5834 -51.5351 5.30354
    endloop
  endfacet
  facet normal 0.116246 0.959916 -0.255044
    outer loop
      vertex -19.7263 -51.5149 5.76696
      vertex -19.2486 -51.598 5.67184
      vertex -20.1215 -51.6168 5.2033
    endloop
  endfacet
  facet normal 0.133856 0.974618 -0.179452
    outer loop
      vertex -18.7507 -51.4986 6.58341
      vertex -19.2486 -51.598 5.67184
      vertex -19.7263 -51.5149 5.76696
    endloop
  endfacet
  facet normal 0.134386 0.974494 -0.179728
    outer loop
      vertex -18.7507 -51.4986 6.58341
      vertex -18.2555 -51.5826 6.49823
      vertex -19.2486 -51.598 5.67184
    endloop
  endfacet
  facet normal 0.146834 0.982431 -0.115192
    outer loop
      vertex -17.9614 -51.4938 7.63029
      vertex -18.2555 -51.5826 6.49823
      vertex -18.7507 -51.4986 6.58341
    endloop
  endfacet
  facet normal 0.145688 0.982634 -0.11491
    outer loop
      vertex -17.9614 -51.4938 7.63029
      vertex -17.4528 -51.5776 7.5586
      vertex -18.2555 -51.5826 6.49823
    endloop
  endfacet
  facet normal 0.152945 0.985941 -0.0672965
    outer loop
      vertex -17.5176 -51.4985 8.57017
      vertex -17.4528 -51.5776 7.5586
      vertex -17.9614 -51.4938 7.63029
    endloop
  endfacet
  facet normal 0.150817 0.986257 -0.0674576
    outer loop
      vertex -17.0022 -51.5813 8.51092
      vertex -17.4528 -51.5776 7.5586
      vertex -17.5176 -51.4985 8.57017
    endloop
  endfacet
  facet normal 0.155269 0.987406 -0.030338
    outer loop
      vertex -17.2528 -51.5099 9.55318
      vertex -17.0022 -51.5813 8.51092
      vertex -17.5176 -51.4985 8.57017
    endloop
  endfacet
  facet normal 0.152229 0.987856 -0.0310997
    outer loop
      vertex -16.7341 -51.5913 9.5071
      vertex -17.0022 -51.5813 8.51092
      vertex -17.2528 -51.5099 9.55318
    endloop
  endfacet
  facet normal 0.155321 0.987857 0.00370054
    outer loop
      vertex -17.1638 -51.5277 10.5722
      vertex -16.7341 -51.5913 9.5071
      vertex -17.2528 -51.5099 9.55318
    endloop
  endfacet
  facet normal 0.151424 0.988467 0.00209196
    outer loop
      vertex -16.6453 -51.6071 10.5398
      vertex -16.7341 -51.5913 9.5071
      vertex -17.1638 -51.5277 10.5722
    endloop
  endfacet
  facet normal 0.153445 0.987467 0.0369168
    outer loop
      vertex -16.6453 -51.6071 10.5398
      vertex -17.1638 -51.5277 10.5722
      vertex -17.2593 -51.5518 11.6127
    endloop
  endfacet
  facet normal 0.148741 0.988285 0.0341823
    outer loop
      vertex -16.7447 -51.6286 11.5943
      vertex -16.6453 -51.6071 10.5398
      vertex -17.2593 -51.5518 11.6127
    endloop
  endfacet
  facet normal 0.0265197 0.993696 -0.10893
    outer loop
      vertex -22.2197 -51.2393 6.26341
      vertex -22.9934 -51.2665 5.82648
      vertex -24.7247 -51.1177 6.76221
    endloop
  endfacet
  facet normal 0.01685 0.991821 -0.126523
    outer loop
      vertex -24.7247 -51.1177 6.76221
      vertex -22.9934 -51.2665 5.82648
      vertex -26.1155 -51.1804 6.08624
    endloop
  endfacet
  facet normal -0.145624 0.689641 -0.709358
    outer loop
      vertex -27.3317 -51.2533 5.9327
      vertex -25.4003 -51.3806 5.41241
      vertex -28.1611 -51.312 6.04585
    endloop
  endfacet
  facet normal -0.131019 0.56578 -0.81408
    outer loop
      vertex -22.9818 -51.612 4.86234
      vertex -23.8961 -51.6484 4.98421
      vertex -25.4003 -51.3806 5.41241
    endloop
  endfacet
  facet normal -0.232901 0.210095 -0.949535
    outer loop
      vertex -23.8961 -51.6484 4.98421
      vertex -24.0266 -51.6539 5.015
      vertex -25.4003 -51.3806 5.41241
    endloop
  endfacet
  facet normal -0.204486 0.318248 -0.925691
    outer loop
      vertex -25.4003 -51.3806 5.41241
      vertex -24.0266 -51.6539 5.015
      vertex -28.1611 -51.312 6.04585
    endloop
  endfacet
  facet normal 0.0463383 0.995473 0.0829809
    outer loop
      vertex -18.8552 -51.3586 11.5545
      vertex -19.8784 -51.2432 10.7416
      vertex -22.6052 -51.1441 11.0758
    endloop
  endfacet
  facet normal 0.0384905 0.999099 0.0178749
    outer loop
      vertex -19.8784 -51.2432 10.7416
      vertex -19.9667 -51.2228 9.79427
      vertex -22.6052 -51.1441 11.0758
    endloop
  endfacet
  facet normal 0.0410906 0.998885 0.0232411
    outer loop
      vertex -22.6052 -51.1441 11.0758
      vertex -19.9667 -51.2228 9.79427
      vertex -22.7694 -51.1051 9.68777
    endloop
  endfacet
  facet normal 0.0419055 0.999119 0.00205613
    outer loop
      vertex -19.9667 -51.2228 9.79427
      vertex -20.2127 -51.2106 8.87998
      vertex -22.7694 -51.1051 9.68777
    endloop
  endfacet
  facet normal 0.037105 0.999225 -0.0131514
    outer loop
      vertex -20.2127 -51.2106 8.87998
      vertex -20.619 -51.2071 8.00494
      vertex -22.7694 -51.1051 9.68777
    endloop
  endfacet
  facet normal 0.0433645 0.999046 -0.00514182
    outer loop
      vertex -22.7694 -51.1051 9.68777
      vertex -20.619 -51.2071 8.00494
      vertex -23.2892 -51.0892 8.38135
    endloop
  endfacet
  facet normal 0.0387611 0.998539 -0.0376392
    outer loop
      vertex -20.619 -51.2071 8.00494
      vertex -21.3366 -51.216 7.02823
      vertex -23.2892 -51.0892 8.38135
    endloop
  endfacet
  facet normal 0.0402968 0.99856 -0.035425
    outer loop
      vertex -23.2892 -51.0892 8.38135
      vertex -21.3366 -51.216 7.02823
      vertex -23.9347 -51.0953 7.47514
    endloop
  endfacet
  facet normal 0.034292 0.996964 -0.0699031
    outer loop
      vertex -21.3366 -51.216 7.02823
      vertex -22.2197 -51.2393 6.26341
      vertex -23.9347 -51.0953 7.47514
    endloop
  endfacet
  facet normal 0.0345117 0.996978 -0.0695938
    outer loop
      vertex -23.9347 -51.0953 7.47514
      vertex -22.2197 -51.2393 6.26341
      vertex -24.7247 -51.1177 6.76221
    endloop
  endfacet
  facet normal 0.0142646 0.987622 -0.156204
    outer loop
      vertex -22.9934 -51.2665 5.82648
      vertex -23.781 -51.2993 5.54711
      vertex -26.1155 -51.1804 6.08624
    endloop
  endfacet
  facet normal -0.0222646 0.951631 -0.306437
    outer loop
      vertex -23.781 -51.2993 5.54711
      vertex -25.4003 -51.3806 5.41241
      vertex -26.1155 -51.1804 6.08624
    endloop
  endfacet
  facet normal -0.0188516 0.952757 -0.303149
    outer loop
      vertex -26.1155 -51.1804 6.08624
      vertex -25.4003 -51.3806 5.41241
      vertex -27.3317 -51.2533 5.9327
    endloop
  endfacet
  facet normal 0.104812 0.994449 0.00923398
    outer loop
      vertex -18.8552 -51.3586 11.5545
      vertex -17.1638 -51.5277 10.5722
      vertex -19.8784 -51.2432 10.7416
    endloop
  endfacet
  facet normal 0.110173 0.993739 0.0185851
    outer loop
      vertex -18.3843 -51.4126 11.6529
      vertex -17.1638 -51.5277 10.5722
      vertex -18.8552 -51.3586 11.5545
    endloop
  endfacet
  facet normal 0.123898 0.991702 0.0343028
    outer loop
      vertex -17.2593 -51.5518 11.6127
      vertex -17.1638 -51.5277 10.5722
      vertex -18.3843 -51.4126 11.6529
    endloop
  endfacet
  facet normal 0.0962005 0.992374 -0.0770619
    outer loop
      vertex -17.9614 -51.4938 7.63029
      vertex -18.7507 -51.4986 6.58341
      vertex -20.619 -51.2071 8.00494
    endloop
  endfacet
  facet normal 0.101182 0.993941 -0.0429252
    outer loop
      vertex -20.2127 -51.2106 8.87998
      vertex -17.9614 -51.4938 7.63029
      vertex -20.619 -51.2071 8.00494
    endloop
  endfacet
  facet normal 0.10123 0.99394 -0.0428378
    outer loop
      vertex -17.5176 -51.4985 8.57017
      vertex -17.9614 -51.4938 7.63029
      vertex -20.2127 -51.2106 8.87998
    endloop
  endfacet
  facet normal 0.104498 0.994414 -0.014848
    outer loop
      vertex -19.9667 -51.2228 9.79427
      vertex -17.5176 -51.4985 8.57017
      vertex -20.2127 -51.2106 8.87998
    endloop
  endfacet
  facet normal 0.103741 0.99447 -0.0163756
    outer loop
      vertex -17.2528 -51.5099 9.55318
      vertex -17.5176 -51.4985 8.57017
      vertex -19.9667 -51.2228 9.79427
    endloop
  endfacet
  facet normal 0.106194 0.994279 0.0114611
    outer loop
      vertex -19.8784 -51.2432 10.7416
      vertex -17.2528 -51.5099 9.55318
      vertex -19.9667 -51.2228 9.79427
    endloop
  endfacet
  facet normal 0.104752 0.994464 0.00823285
    outer loop
      vertex -17.1638 -51.5277 10.5722
      vertex -17.2528 -51.5099 9.55318
      vertex -19.8784 -51.2432 10.7416
    endloop
  endfacet
  facet normal 0.0948711 0.992365 -0.0788073
    outer loop
      vertex -20.619 -51.2071 8.00494
      vertex -18.7507 -51.4986 6.58341
      vertex -21.3366 -51.216 7.02823
    endloop
  endfacet
  facet normal 0.0867716 0.988548 -0.123468
    outer loop
      vertex -18.7507 -51.4986 6.58341
      vertex -19.7263 -51.5149 5.76696
      vertex -21.3366 -51.216 7.02823
    endloop
  endfacet
  facet normal 0.0839677 0.988342 -0.126999
    outer loop
      vertex -21.3366 -51.216 7.02823
      vertex -19.7263 -51.5149 5.76696
      vertex -22.2197 -51.2393 6.26341
    endloop
  endfacet
  facet normal 0.0730677 0.98134 -0.177856
    outer loop
      vertex -19.7263 -51.5149 5.76696
      vertex -20.5834 -51.5351 5.30354
      vertex -22.2197 -51.2393 6.26341
    endloop
  endfacet
  facet normal 0.0693449 0.980488 -0.18394
    outer loop
      vertex -22.2197 -51.2393 6.26341
      vertex -20.5834 -51.5351 5.30354
      vertex -22.9934 -51.2665 5.82648
    endloop
  endfacet
  facet normal 0.0546745 0.967952 -0.245112
    outer loop
      vertex -20.5834 -51.5351 5.30354
      vertex -21.4575 -51.5599 5.01051
      vertex -22.9934 -51.2665 5.82648
    endloop
  endfacet
  facet normal 0.0497448 0.966005 -0.253691
    outer loop
      vertex -22.9934 -51.2665 5.82648
      vertex -21.4575 -51.5599 5.01051
      vertex -23.781 -51.2993 5.54711
    endloop
  endfacet
  facet normal 0.00836654 0.913276 -0.407255
    outer loop
      vertex -21.4575 -51.5599 5.01051
      vertex -22.9818 -51.612 4.86234
      vertex -23.781 -51.2993 5.54711
    endloop
  endfacet
  facet normal -0.0100646 0.905118 -0.425041
    outer loop
      vertex -23.781 -51.2993 5.54711
      vertex -22.9818 -51.612 4.86234
      vertex -25.4003 -51.3806 5.41241
    endloop
  endfacet
  facet normal -0.00129692 0.999599 0.0282753
    outer loop
      vertex -22.6052 -51.1441 11.0758
      vertex -22.7694 -51.1051 9.68777
      vertex -24.4197 -51.1453 11.0336
    endloop
  endfacet
  facet normal -0.00867194 0.999962 -0.000553657
    outer loop
      vertex -23.2892 -51.0892 8.38135
      vertex -23.9347 -51.0953 7.47514
      vertex -26.0434 -51.1129 8.76961
    endloop
  endfacet
  facet normal -0.00642703 0.999861 0.0153649
    outer loop
      vertex -25.6034 -51.1271 9.87636
      vertex -23.2892 -51.0892 8.38135
      vertex -26.0434 -51.1129 8.76961
    endloop
  endfacet
  facet normal -0.00677949 0.999867 0.0148195
    outer loop
      vertex -22.7694 -51.1051 9.68777
      vertex -23.2892 -51.0892 8.38135
      vertex -25.6034 -51.1271 9.87636
    endloop
  endfacet
  facet normal -0.00577999 0.999539 0.0298009
    outer loop
      vertex -25.4269 -51.161 11.0469
      vertex -22.7694 -51.1051 9.68777
      vertex -25.6034 -51.1271 9.87636
    endloop
  endfacet
  facet normal -0.0154191 0.999821 0.0109651
    outer loop
      vertex -24.4197 -51.1453 11.0336
      vertex -22.7694 -51.1051 9.68777
      vertex -25.4269 -51.161 11.0469
    endloop
  endfacet
  facet normal -0.00875327 0.999961 -0.000686152
    outer loop
      vertex -26.0434 -51.1129 8.76961
      vertex -23.9347 -51.0953 7.47514
      vertex -26.6121 -51.1185 7.93569
    endloop
  endfacet
  facet normal -0.0117935 0.999762 -0.0183704
    outer loop
      vertex -23.9347 -51.0953 7.47514
      vertex -24.7247 -51.1177 6.76221
      vertex -26.6121 -51.1185 7.93569
    endloop
  endfacet
  facet normal -0.012592 0.999728 -0.0196547
    outer loop
      vertex -26.6121 -51.1185 7.93569
      vertex -24.7247 -51.1177 6.76221
      vertex -27.3042 -51.1401 7.27582
    endloop
  endfacet
  facet normal -0.0192088 0.998413 -0.0529433
    outer loop
      vertex -24.7247 -51.1177 6.76221
      vertex -26.1155 -51.1804 6.08624
      vertex -27.3042 -51.1401 7.27582
    endloop
  endfacet
  facet normal -0.0214721 0.998244 -0.0551993
    outer loop
      vertex -27.3042 -51.1401 7.27582
      vertex -26.1155 -51.1804 6.08624
      vertex -28.5171 -51.2013 6.64088
    endloop
  endfacet
  facet normal -0.0413944 0.989028 -0.141812
    outer loop
      vertex -26.1155 -51.1804 6.08624
      vertex -27.3317 -51.2533 5.9327
      vertex -28.5171 -51.2013 6.64088
    endloop
  endfacet
  facet normal -0.0450541 0.987981 -0.147861
    outer loop
      vertex -28.5171 -51.2013 6.64088
      vertex -27.3317 -51.2533 5.9327
      vertex -29.5735 -51.2729 6.48434
    endloop
  endfacet
  facet normal -0.127788 0.863136 -0.488535
    outer loop
      vertex -27.3317 -51.2533 5.9327
      vertex -28.1611 -51.312 6.04585
      vertex -29.5735 -51.2729 6.48434
    endloop
  endfacet
  facet normal -0.134015 0.851151 -0.507525
    outer loop
      vertex -29.5735 -51.2729 6.48434
      vertex -28.1611 -51.312 6.04585
      vertex -30.2917 -51.3307 6.57707
    endloop
  endfacet
  facet normal -0.105305 0.972054 -0.209814
    outer loop
      vertex -29.5735 -51.2729 6.48434
      vertex -30.2917 -51.3307 6.57707
      vertex -32.8313 -51.4279 7.40146
    endloop
  endfacet
  facet normal -0.0340174 0.998841 0.0340386
    outer loop
      vertex -25.4269 -51.161 11.0469
      vertex -25.6034 -51.1271 9.87636
      vertex -30.0607 -51.3066 10.691
    endloop
  endfacet
  facet normal -0.108006 0.994145 0.00337502
    outer loop
      vertex -39.8777 -52.0205 9.0546
      vertex -40.5202 -52.0906 9.12731
      vertex -40.9999 -52.1433 9.296
    endloop
  endfacet
  facet normal -0.200519 0.903994 -0.377606
    outer loop
      vertex -42.2786 -52.2927 9.57714
      vertex -40.5202 -52.0906 9.12731
      vertex -43.0678 -52.3903 9.7625
    endloop
  endfacet
  facet normal -0.147795 0.979396 -0.137622
    outer loop
      vertex -41.5632 -52.2078 9.41333
      vertex -40.5202 -52.0906 9.12731
      vertex -42.2786 -52.2927 9.57714
    endloop
  endfacet
  facet normal -0.120399 0.992194 -0.0324763
    outer loop
      vertex -40.9999 -52.1433 9.296
      vertex -40.5202 -52.0906 9.12731
      vertex -41.5632 -52.2078 9.41333
    endloop
  endfacet
  facet normal -0.11916 0.99266 0.0206849
    outer loop
      vertex -42.6212 -52.3346 9.66229
      vertex -43.0678 -52.3903 9.7625
      vertex -43.1351 -52.399 9.78998
    endloop
  endfacet
  facet normal -0.126351 0.991851 0.0163307
    outer loop
      vertex -43.814 -52.4869 9.97048
      vertex -43.8099 -52.486 9.94753
      vertex -43.8629 -52.493 9.96075
    endloop
  endfacet
  facet normal -0.126112 0.991881 0.0163746
    outer loop
      vertex -43.7551 -52.4795 9.97397
      vertex -43.8099 -52.486 9.94753
      vertex -43.814 -52.4869 9.97048
    endloop
  endfacet
  facet normal -0.126811 0.99179 0.0164842
    outer loop
      vertex -43.852 -52.4953 10.1823
      vertex -43.8629 -52.493 9.96075
      vertex -43.8894 -52.4965 9.96735
    endloop
  endfacet
  facet normal -0.127744 0.991669 0.0165289
    outer loop
      vertex -43.852 -52.4953 10.1823
      vertex -43.8602 -52.4928 9.97018
      vertex -43.8629 -52.493 9.96075
    endloop
  endfacet
  facet normal -0.125799 0.991919 0.0164566
    outer loop
      vertex -43.852 -52.4953 10.1823
      vertex -43.8378 -52.4923 10.1101
      vertex -43.8602 -52.4928 9.97018
    endloop
  endfacet
  facet normal -0.126505 0.99183 0.0164266
    outer loop
      vertex -43.8176 -52.4972 10.5638
      vertex -43.8894 -52.4965 9.96735
      vertex -43.9027 -52.4982 9.97066
    endloop
  endfacet
  facet normal -0.126428 0.99184 0.0164174
    outer loop
      vertex -43.8176 -52.4972 10.5638
      vertex -43.852 -52.4953 10.1823
      vertex -43.8894 -52.4965 9.96735
    endloop
  endfacet
  facet normal -0.127384 0.991715 0.0165529
    outer loop
      vertex -43.8176 -52.4972 10.5638
      vertex -43.9027 -52.4982 9.97066
      vertex -43.9159 -52.5 9.97396
    endloop
  endfacet
  facet normal -0.0483012 0.998826 -0.00378706
    outer loop
      vertex -30.9191 -51.3096 8.67657
      vertex -27.3042 -51.1401 7.27582
      vertex -31.9067 -51.3609 7.76058
    endloop
  endfacet
  facet normal -0.0483202 0.998824 -0.00396826
    outer loop
      vertex -27.3042 -51.1401 7.27582
      vertex -28.5171 -51.2013 6.64088
      vertex -31.9067 -51.3609 7.76058
    endloop
  endfacet
  facet normal -0.0586201 0.997656 -0.0353149
    outer loop
      vertex -31.9067 -51.3609 7.76058
      vertex -28.5171 -51.2013 6.64088
      vertex -32.8313 -51.4279 7.40146
    endloop
  endfacet
  facet normal -0.0606305 0.997058 -0.0468964
    outer loop
      vertex -28.5171 -51.2013 6.64088
      vertex -29.5735 -51.2729 6.48434
      vertex -32.8313 -51.4279 7.40146
    endloop
  endfacet
  facet normal -0.0726186 0.997355 -0.00302206
    outer loop
      vertex -35.587 -51.6253 8.92502
      vertex -31.9067 -51.3609 7.76058
      vertex -36.2167 -51.6727 8.41904
    endloop
  endfacet
  facet normal -0.072204 0.99739 -0.000291715
    outer loop
      vertex -31.9067 -51.3609 7.76058
      vertex -32.8313 -51.4279 7.40146
      vertex -36.2167 -51.6727 8.41904
    endloop
  endfacet
  facet normal -0.0813482 0.996632 0.0103575
    outer loop
      vertex -35.286 -51.65 11.4791
      vertex -34.6054 -51.5905 11.0947
      vertex -37.2948 -51.8125 11.3336
    endloop
  endfacet
  facet normal -0.103223 0.994524 0.0163442
    outer loop
      vertex -40.308 -52.0853 10.2916
      vertex -39.2594 -51.966 9.65624
      vertex -40.6261 -52.1078 9.65261
    endloop
  endfacet
  facet normal -0.103225 0.994497 0.0178794
    outer loop
      vertex -39.2594 -51.966 9.65624
      vertex -39.6306 -51.9965 9.20744
      vertex -40.6261 -52.1078 9.65261
    endloop
  endfacet
  facet normal -0.105038 0.994373 0.013793
    outer loop
      vertex -40.6261 -52.1078 9.65261
      vertex -39.6306 -51.9965 9.20744
      vertex -40.8371 -52.1266 9.40022
    endloop
  endfacet
  facet normal -0.105061 0.994372 0.0136488
    outer loop
      vertex -39.6306 -51.9965 9.20744
      vertex -39.8777 -52.0205 9.0546
      vertex -40.8371 -52.1266 9.40022
    endloop
  endfacet
  facet normal -0.106932 0.994231 0.00841121
    outer loop
      vertex -40.8371 -52.1266 9.40022
      vertex -39.8777 -52.0205 9.0546
      vertex -40.9999 -52.1433 9.296
    endloop
  endfacet
  facet normal -0.105979 0.994193 0.018682
    outer loop
      vertex -39.9806 -52.0745 11.5722
      vertex -40.308 -52.0853 10.2916
      vertex -40.8083 -52.1492 10.851
    endloop
  endfacet
  facet normal -0.107256 0.994077 0.0175268
    outer loop
      vertex -40.8083 -52.1492 10.851
      vertex -40.308 -52.0853 10.2916
      vertex -41.0928 -52.1652 10.0213
    endloop
  endfacet
  facet normal -0.1076 0.994021 0.0185406
    outer loop
      vertex -40.308 -52.0853 10.2916
      vertex -40.6261 -52.1078 9.65261
      vertex -41.0928 -52.1652 10.0213
    endloop
  endfacet
  facet normal -0.109056 0.993896 0.0166781
    outer loop
      vertex -41.0928 -52.1652 10.0213
      vertex -40.6261 -52.1078 9.65261
      vertex -41.335 -52.1848 9.60106
    endloop
  endfacet
  facet normal -0.109094 0.993882 0.0172202
    outer loop
      vertex -40.6261 -52.1078 9.65261
      vertex -40.8371 -52.1266 9.40022
      vertex -41.335 -52.1848 9.60106
    endloop
  endfacet
  facet normal -0.110192 0.993805 0.0144762
    outer loop
      vertex -41.335 -52.1848 9.60106
      vertex -40.8371 -52.1266 9.40022
      vertex -41.4494 -52.1957 9.47922
    endloop
  endfacet
  facet normal -0.110289 0.993805 0.0137227
    outer loop
      vertex -40.8371 -52.1266 9.40022
      vertex -40.9999 -52.1433 9.296
      vertex -41.4494 -52.1957 9.47922
    endloop
  endfacet
  facet normal -0.111651 0.993694 0.0103497
    outer loop
      vertex -41.4494 -52.1957 9.47922
      vertex -40.9999 -52.1433 9.296
      vertex -41.5632 -52.2078 9.41333
    endloop
  endfacet
  facet normal -0.110458 0.993736 0.0169514
    outer loop
      vertex -41.5419 -52.2454 11.7109
      vertex -40.8083 -52.1492 10.851
      vertex -41.9038 -52.2595 10.1828
    endloop
  endfacet
  facet normal -0.111733 0.993555 0.0190719
    outer loop
      vertex -40.8083 -52.1492 10.851
      vertex -41.0928 -52.1652 10.0213
      vertex -41.9038 -52.2595 10.1828
    endloop
  endfacet
  facet normal -0.117712 0.992888 0.0178293
    outer loop
      vertex -41.9869 -52.2966 11.7504
      vertex -42.3091 -52.3081 10.2635
      vertex -42.8388 -52.3792 10.7269
    endloop
  endfacet
  facet normal -0.118574 0.992803 0.0168305
    outer loop
      vertex -42.8388 -52.3792 10.7269
      vertex -42.3091 -52.3081 10.2635
      vertex -43.0306 -52.3897 9.99266
    endloop
  endfacet
  facet normal -0.119788 0.992646 0.0174648
    outer loop
      vertex -42.5362 -52.3257 9.74126
      vertex -42.5843 -52.3306 9.68587
      vertex -43.0962 -52.3951 9.83967
    endloop
  endfacet
  facet normal -0.120317 0.992612 0.0156873
    outer loop
      vertex -43.0962 -52.3951 9.83967
      vertex -42.5843 -52.3306 9.68587
      vertex -43.1241 -52.3978 9.79971
    endloop
  endfacet
  facet normal -0.120117 0.99262 0.0166444
    outer loop
      vertex -42.5843 -52.3306 9.68587
      vertex -42.6212 -52.3346 9.66229
      vertex -43.1241 -52.3978 9.79971
    endloop
  endfacet
  facet normal -0.120582 0.992591 0.0149269
    outer loop
      vertex -43.1241 -52.3978 9.79971
      vertex -42.6212 -52.3346 9.66229
      vertex -43.1351 -52.399 9.78998
    endloop
  endfacet
  facet normal -0.121507 0.99245 0.0166771
    outer loop
      vertex -43.2003 -52.4309 11.1882
      vertex -43.1228 -52.4145 10.7758
      vertex -43.4117 -52.4382 10.0807
    endloop
  endfacet
  facet normal -0.123045 0.992256 0.0169719
    outer loop
      vertex -43.2003 -52.4309 11.1882
      vertex -43.4117 -52.4382 10.0807
      vertex -43.4634 -52.4516 10.4933
    endloop
  endfacet
  facet normal -0.124017 0.992137 0.0168462
    outer loop
      vertex -43.4634 -52.4516 10.4933
      vertex -43.4117 -52.4382 10.0807
      vertex -43.5677 -52.4561 9.98994
    endloop
  endfacet
  facet normal -0.124173 0.992113 0.0171199
    outer loop
      vertex -43.4117 -52.4382 10.0807
      vertex -43.4569 -52.4412 9.92766
      vertex -43.5677 -52.4561 9.98994
    endloop
  endfacet
  facet normal -0.124295 0.992101 0.0169
    outer loop
      vertex -43.5677 -52.4561 9.98994
      vertex -43.4569 -52.4412 9.92766
      vertex -43.5918 -52.4579 9.91547
    endloop
  endfacet
  facet normal -0.124324 0.992092 0.0172322
    outer loop
      vertex -43.4569 -52.4412 9.92766
      vertex -43.4749 -52.4427 9.88654
      vertex -43.5918 -52.4579 9.91547
    endloop
  endfacet
  facet normal -0.124187 0.992115 0.0168816
    outer loop
      vertex -43.4634 -52.4516 10.4933
      vertex -43.5677 -52.4561 9.98994
      vertex -43.6022 -52.4627 10.1247
    endloop
  endfacet
  facet normal -0.124802 0.992035 0.0170657
    outer loop
      vertex -43.5677 -52.4561 9.98994
      vertex -43.5918 -52.4579 9.91547
      vertex -43.6445 -52.465 9.94674
    endloop
  endfacet
  facet normal -0.12602 0.991889 0.0165896
    outer loop
      vertex -43.7801 -52.4859 10.1657
      vertex -43.814 -52.4869 9.97048
      vertex -43.8378 -52.4923 10.1101
    endloop
  endfacet
  facet normal -0.126311 0.991853 0.0165388
    outer loop
      vertex -43.8378 -52.4923 10.1101
      vertex -43.814 -52.4869 9.97048
      vertex -43.8602 -52.4928 9.97018
    endloop
  endfacet
  facet normal -0.126309 0.99186 0.0161139
    outer loop
      vertex -43.8602 -52.4928 9.97018
      vertex -43.814 -52.4869 9.97048
      vertex -43.8629 -52.493 9.96075
    endloop
  endfacet
  facet normal -0.111571 0.993305 0.0299535
    outer loop
      vertex -39.81 -52.0723 12.4191
      vertex -41.9869 -52.2966 11.7504
      vertex -43.582 -52.5 12.554
    endloop
  endfacet
  facet normal -0.117713 0.992891 0.0176568
    outer loop
      vertex -41.9869 -52.2966 11.7504
      vertex -43.3293 -52.4579 11.8696
      vertex -43.582 -52.5 12.554
    endloop
  endfacet
  facet normal -0.122434 0.99235 0.0158804
    outer loop
      vertex -43.582 -52.5 12.554
      vertex -43.3293 -52.4579 11.8696
      vertex -43.8176 -52.4972 10.5638
    endloop
  endfacet
  facet normal -0.125601 0.991948 0.0162548
    outer loop
      vertex -43.582 -52.5 12.554
      vertex -43.8176 -52.4972 10.5638
      vertex -43.9159 -52.5 9.97396
    endloop
  endfacet
  facet normal -0.126036 0.991893 0.0162146
    outer loop
      vertex -43.7551 -52.4795 9.97397
      vertex -43.7039 -52.4721 9.92111
      vertex -43.8099 -52.486 9.94753
    endloop
  endfacet
  facet normal -0.125768 0.991923 0.0164783
    outer loop
      vertex -43.7182 -52.4747 9.96489
      vertex -43.7039 -52.4721 9.92111
      vertex -43.7551 -52.4795 9.97397
    endloop
  endfacet
  facet normal -0.125566 0.991947 0.0165455
    outer loop
      vertex -43.6445 -52.465 9.94674
      vertex -43.7039 -52.4721 9.92111
      vertex -43.7182 -52.4747 9.96489
    endloop
  endfacet
  facet normal -0.125353 0.991983 0.0160404
    outer loop
      vertex -43.6445 -52.465 9.94674
      vertex -43.5971 -52.4584 9.9048
      vertex -43.7039 -52.4721 9.92111
    endloop
  endfacet
  facet normal -0.126431 0.991935 0.00893764
    outer loop
      vertex -43.5971 -52.4584 9.9048
      vertex -43.4816 -52.4434 9.8761
      vertex -43.7039 -52.4721 9.92111
    endloop
  endfacet
  facet normal -0.129675 0.991529 -0.00734324
    outer loop
      vertex -43.4816 -52.4434 9.8761
      vertex -43.3661 -52.4285 9.8474
      vertex -43.7039 -52.4721 9.92111
    endloop
  endfacet
  facet normal -0.137969 0.989337 -0.0466521
    outer loop
      vertex -43.3661 -52.4285 9.8474
      vertex -43.1351 -52.399 9.78998
      vertex -43.7039 -52.4721 9.92111
    endloop
  endfacet
  facet normal -0.127581 0.991828 -0.000200554
    outer loop
      vertex -43.1351 -52.399 9.78998
      vertex -43.0678 -52.3903 9.7625
      vertex -43.7039 -52.4721 9.92111
    endloop
  endfacet
  facet normal -0.102181 0.994604 0.0179525
    outer loop
      vertex -39.81 -52.0723 12.4191
      vertex -39.8259 -52.0639 11.8633
      vertex -39.9806 -52.0745 11.5722
    endloop
  endfacet
  facet normal -0.106018 0.994188 0.0187264
    outer loop
      vertex -39.81 -52.0723 12.4191
      vertex -39.9806 -52.0745 11.5722
      vertex -40.8083 -52.1492 10.851
    endloop
  endfacet
  facet normal -0.107385 0.994024 0.0196051
    outer loop
      vertex -39.81 -52.0723 12.4191
      vertex -40.8083 -52.1492 10.851
      vertex -41.5419 -52.2454 11.7109
    endloop
  endfacet
  facet normal -0.111646 0.993289 0.0302027
    outer loop
      vertex -39.81 -52.0723 12.4191
      vertex -41.5419 -52.2454 11.7109
      vertex -41.9869 -52.2966 11.7504
    endloop
  endfacet
  facet normal -0.11777 0.992895 0.0170185
    outer loop
      vertex -41.9869 -52.2966 11.7504
      vertex -43.2003 -52.4309 11.1882
      vertex -43.3293 -52.4579 11.8696
    endloop
  endfacet
  facet normal -0.121351 0.992475 0.016324
    outer loop
      vertex -43.3293 -52.4579 11.8696
      vertex -43.2003 -52.4309 11.1882
      vertex -43.4634 -52.4516 10.4933
    endloop
  endfacet
  facet normal -0.123189 0.992246 0.0165021
    outer loop
      vertex -43.3293 -52.4579 11.8696
      vertex -43.4634 -52.4516 10.4933
      vertex -43.6022 -52.4627 10.1247
    endloop
  endfacet
  facet normal -0.124923 0.992025 0.0167739
    outer loop
      vertex -43.3293 -52.4579 11.8696
      vertex -43.6022 -52.4627 10.1247
      vertex -43.6813 -52.473 10.1429
    endloop
  endfacet
  facet normal -0.125419 0.99196 0.0168755
    outer loop
      vertex -43.3293 -52.4579 11.8696
      vertex -43.6813 -52.473 10.1429
      vertex -43.7208 -52.4781 10.152
    endloop
  endfacet
  facet normal -0.125569 0.991941 0.0169099
    outer loop
      vertex -43.3293 -52.4579 11.8696
      vertex -43.7208 -52.4781 10.152
      vertex -43.7801 -52.4859 10.1657
    endloop
  endfacet
  facet normal -0.12658 0.991808 0.0171796
    outer loop
      vertex -43.3293 -52.4579 11.8696
      vertex -43.7801 -52.4859 10.1657
      vertex -43.8378 -52.4923 10.1101
    endloop
  endfacet
  facet normal -0.124795 0.992043 0.0166592
    outer loop
      vertex -43.3293 -52.4579 11.8696
      vertex -43.8378 -52.4923 10.1101
      vertex -43.852 -52.4953 10.1823
    endloop
  endfacet
  facet normal -0.123056 0.992269 0.0161156
    outer loop
      vertex -43.8176 -52.4972 10.5638
      vertex -43.3293 -52.4579 11.8696
      vertex -43.852 -52.4953 10.1823
    endloop
  endfacet
  facet normal -0.0799483 0.996452 -0.0262817
    outer loop
      vertex -36.2167 -51.6727 8.41904
      vertex -32.8313 -51.4279 7.40146
      vertex -36.6461 -51.7112 8.26637
    endloop
  endfacet
  facet normal -0.146333 0.928479 -0.34134
    outer loop
      vertex -32.8313 -51.4279 7.40146
      vertex -30.2917 -51.3307 6.57707
      vertex -36.6461 -51.7112 8.26637
    endloop
  endfacet
  facet normal -0.104345 0.979574 -0.171893
    outer loop
      vertex -36.6461 -51.7112 8.26637
      vertex -30.2917 -51.3307 6.57707
      vertex -37.1165 -51.7591 8.27866
    endloop
  endfacet
  facet normal -0.066614 0.99765 0.0160231
    outer loop
      vertex -30.9191 -51.3096 8.67657
      vertex -31.9067 -51.3609 7.76058
      vertex -35.587 -51.6253 8.92502
    endloop
  endfacet
  facet normal -0.0669431 0.997708 0.00991343
    outer loop
      vertex -34.9125 -51.5909 10.0199
      vertex -30.9191 -51.3096 8.67657
      vertex -35.587 -51.6253 8.92502
    endloop
  endfacet
  facet normal -0.0628447 0.997778 0.0221118
    outer loop
      vertex -30.4807 -51.298 9.39514
      vertex -30.9191 -51.3096 8.67657
      vertex -34.9125 -51.5909 10.0199
    endloop
  endfacet
  facet normal -0.0634675 0.997827 0.0177164
    outer loop
      vertex -34.6054 -51.5905 11.0947
      vertex -30.4807 -51.298 9.39514
      vertex -34.9125 -51.5909 10.0199
    endloop
  endfacet
  facet normal -0.0599993 0.997856 0.0261386
    outer loop
      vertex -30.0607 -51.3066 10.691
      vertex -30.4807 -51.298 9.39514
      vertex -34.6054 -51.5905 11.0947
    endloop
  endfacet
  facet normal -0.0576065 0.996961 0.0524455
    outer loop
      vertex -30.0607 -51.3066 10.691
      vertex -34.6054 -51.5905 11.0947
      vertex -35.286 -51.65 11.4791
    endloop
  endfacet
  facet normal -0.0424876 0.987959 0.148765
    outer loop
      vertex -25.4269 -51.161 11.0469
      vertex -30.0607 -51.3066 10.691
      vertex -35.286 -51.65 11.4791
    endloop
  endfacet
  facet normal -0.101328 0.994662 0.0194985
    outer loop
      vertex -38.845 -51.9418 10.5742
      vertex -39.2594 -51.966 9.65624
      vertex -40.308 -52.0853 10.2916
    endloop
  endfacet
  facet normal -0.100927 0.994742 0.0173857
    outer loop
      vertex -39.9806 -52.0745 11.5722
      vertex -38.845 -51.9418 10.5742
      vertex -40.308 -52.0853 10.2916
    endloop
  endfacet
  facet normal -0.0990566 0.99489 0.0195342
    outer loop
      vertex -38.6382 -51.9385 11.4529
      vertex -38.845 -51.9418 10.5742
      vertex -39.9806 -52.0745 11.5722
    endloop
  endfacet
  facet normal -0.0993354 0.994918 0.0164285
    outer loop
      vertex -39.8259 -52.0639 11.8633
      vertex -38.6382 -51.9385 11.4529
      vertex -39.9806 -52.0745 11.5722
    endloop
  endfacet
  facet normal -0.0860308 0.994779 0.0548959
    outer loop
      vertex -35.286 -51.65 11.4791
      vertex -38.6382 -51.9385 11.4529
      vertex -39.8259 -52.0639 11.8633
    endloop
  endfacet
  facet normal -0.0860793 0.993101 0.0796273
    outer loop
      vertex -35.286 -51.65 11.4791
      vertex -37.2948 -51.8125 11.3336
      vertex -38.6382 -51.9385 11.4529
    endloop
  endfacet
  facet normal -0.0915907 0.995592 0.0202152
    outer loop
      vertex -37.2948 -51.8125 11.3336
      vertex -37.535 -51.8154 10.3896
      vertex -38.6382 -51.9385 11.4529
    endloop
  endfacet
  facet normal -0.0934953 0.995453 0.0182232
    outer loop
      vertex -38.6382 -51.9385 11.4529
      vertex -37.535 -51.8154 10.3896
      vertex -38.845 -51.9418 10.5742
    endloop
  endfacet
  facet normal -0.0934076 0.99545 0.0188429
    outer loop
      vertex -37.535 -51.8154 10.3896
      vertex -38.036 -51.8439 9.41265
      vertex -38.845 -51.9418 10.5742
    endloop
  endfacet
  facet normal -0.0959491 0.99524 0.0170553
    outer loop
      vertex -38.845 -51.9418 10.5742
      vertex -38.036 -51.8439 9.41265
      vertex -39.2594 -51.966 9.65624
    endloop
  endfacet
  facet normal -0.0962211 0.995236 0.0156872
    outer loop
      vertex -38.036 -51.8439 9.41265
      vertex -38.4933 -51.8808 8.94481
      vertex -39.2594 -51.966 9.65624
    endloop
  endfacet
  facet normal -0.0981231 0.995081 0.0136204
    outer loop
      vertex -39.2594 -51.966 9.65624
      vertex -38.4933 -51.8808 8.94481
      vertex -39.6306 -51.9965 9.20744
    endloop
  endfacet
  facet normal -0.099178 0.995029 0.00902926
    outer loop
      vertex -38.4933 -51.8808 8.94481
      vertex -38.8011 -51.9101 8.79202
      vertex -39.6306 -51.9965 9.20744
    endloop
  endfacet
  facet normal -0.100549 0.994912 0.00626845
    outer loop
      vertex -39.6306 -51.9965 9.20744
      vertex -38.8011 -51.9101 8.79202
      vertex -39.8777 -52.0205 9.0546
    endloop
  endfacet
  facet normal -0.149595 0.966921 -0.206602
    outer loop
      vertex -38.8011 -51.9101 8.79202
      vertex -37.1165 -51.7591 8.27866
      vertex -39.8777 -52.0205 9.0546
    endloop
  endfacet
  facet normal -0.117456 0.989464 -0.0846411
    outer loop
      vertex -39.8777 -52.0205 9.0546
      vertex -37.1165 -51.7591 8.27866
      vertex -40.5202 -52.0906 9.12731
    endloop
  endfacet
  facet normal -0.120235 0.992595 0.0172673
    outer loop
      vertex -42.8388 -52.3792 10.7269
      vertex -43.0306 -52.3897 9.99266
      vertex -43.1228 -52.4145 10.7758
    endloop
  endfacet
  facet normal -0.120297 0.992594 0.0169102
    outer loop
      vertex -42.8388 -52.3792 10.7269
      vertex -43.1228 -52.4145 10.7758
      vertex -43.2003 -52.4309 11.1882
    endloop
  endfacet
  facet normal -0.118406 0.992795 0.0184144
    outer loop
      vertex -41.9869 -52.2966 11.7504
      vertex -42.8388 -52.3792 10.7269
      vertex -43.2003 -52.4309 11.1882
    endloop
  endfacet
  facet normal -0.121938 0.992391 0.0170604
    outer loop
      vertex -43.1228 -52.4145 10.7758
      vertex -43.0306 -52.3897 9.99266
      vertex -43.2847 -52.4219 10.0513
    endloop
  endfacet
  facet normal -0.121859 0.992395 0.0174088
    outer loop
      vertex -43.0306 -52.3897 9.99266
      vertex -43.0962 -52.3951 9.83967
      vertex -43.2847 -52.4219 10.0513
    endloop
  endfacet
  facet normal -0.122368 0.99234 0.016948
    outer loop
      vertex -43.2847 -52.4219 10.0513
      vertex -43.0962 -52.3951 9.83967
      vertex -43.3367 -52.4257 9.89833
    endloop
  endfacet
  facet normal -0.122329 0.992342 0.0171102
    outer loop
      vertex -43.0962 -52.3951 9.83967
      vertex -43.1241 -52.3978 9.79971
      vertex -43.3367 -52.4257 9.89833
    endloop
  endfacet
  facet normal -0.122676 0.992312 0.0163525
    outer loop
      vertex -43.3367 -52.4257 9.89833
      vertex -43.1241 -52.3978 9.79971
      vertex -43.3579 -52.4277 9.85759
    endloop
  endfacet
  facet normal -0.122489 0.992322 0.0171155
    outer loop
      vertex -43.1241 -52.3978 9.79971
      vertex -43.1351 -52.399 9.78998
      vertex -43.3579 -52.4277 9.85759
    endloop
  endfacet
  facet normal -0.12255 0.992318 0.0169109
    outer loop
      vertex -43.3579 -52.4277 9.85759
      vertex -43.1351 -52.399 9.78998
      vertex -43.3661 -52.4285 9.8474
    endloop
  endfacet
  facet normal -0.0423547 0.999035 0.0115845
    outer loop
      vertex -26.6121 -51.1185 7.93569
      vertex -27.3042 -51.1401 7.27582
      vertex -30.9191 -51.3096 8.67657
    endloop
  endfacet
  facet normal -0.0426654 0.999042 0.00977983
    outer loop
      vertex -30.4807 -51.298 9.39514
      vertex -26.6121 -51.1185 7.93569
      vertex -30.9191 -51.3096 8.67657
    endloop
  endfacet
  facet normal -0.0388648 0.999047 0.0198548
    outer loop
      vertex -26.0434 -51.1129 8.76961
      vertex -26.6121 -51.1185 7.93569
      vertex -30.4807 -51.298 9.39514
    endloop
  endfacet
  facet normal -0.0389404 0.999055 0.0193211
    outer loop
      vertex -30.0607 -51.3066 10.691
      vertex -26.0434 -51.1129 8.76961
      vertex -30.4807 -51.298 9.39514
    endloop
  endfacet
  facet normal -0.0353385 0.999015 0.0268482
    outer loop
      vertex -25.6034 -51.1271 9.87636
      vertex -26.0434 -51.1129 8.76961
      vertex -30.0607 -51.3066 10.691
    endloop
  endfacet
  facet normal -0.10245 0.993765 -0.0440005
    outer loop
      vertex -36.6461 -51.7112 8.26637
      vertex -37.1165 -51.7591 8.27866
      vertex -38.8011 -51.9101 8.79202
    endloop
  endfacet
  facet normal -0.0928369 0.995674 -0.0038687
    outer loop
      vertex -38.4933 -51.8808 8.94481
      vertex -36.6461 -51.7112 8.26637
      vertex -38.8011 -51.9101 8.79202
    endloop
  endfacet
  facet normal -0.0903228 0.995908 0.00303502
    outer loop
      vertex -36.2167 -51.6727 8.41904
      vertex -36.6461 -51.7112 8.26637
      vertex -38.4933 -51.8808 8.94481
    endloop
  endfacet
  facet normal -0.0890426 0.995991 0.00861099
    outer loop
      vertex -38.036 -51.8439 9.41265
      vertex -36.2167 -51.6727 8.41904
      vertex -38.4933 -51.8808 8.94481
    endloop
  endfacet
  facet normal -0.0861543 0.996184 0.0139329
    outer loop
      vertex -35.587 -51.6253 8.92502
      vertex -36.2167 -51.6727 8.41904
      vertex -38.036 -51.8439 9.41265
    endloop
  endfacet
  facet normal -0.0859434 0.996187 0.0149935
    outer loop
      vertex -37.535 -51.8154 10.3896
      vertex -35.587 -51.6253 8.92502
      vertex -38.036 -51.8439 9.41265
    endloop
  endfacet
  facet normal -0.0825319 0.996396 0.0195583
    outer loop
      vertex -34.9125 -51.5909 10.0199
      vertex -35.587 -51.6253 8.92502
      vertex -37.535 -51.8154 10.3896
    endloop
  endfacet
  facet normal -0.0827575 0.996408 0.0179651
    outer loop
      vertex -37.2948 -51.8125 11.3336
      vertex -34.9125 -51.5909 10.0199
      vertex -37.535 -51.8154 10.3896
    endloop
  endfacet
  facet normal -0.080259 0.99652 0.0225147
    outer loop
      vertex -34.6054 -51.5905 11.0947
      vertex -34.9125 -51.5909 10.0199
      vertex -37.2948 -51.8125 11.3336
    endloop
  endfacet
  facet normal -0.115661 0.993239 0.00989062
    outer loop
      vertex -42.2328 -52.2876 9.59939
      vertex -41.5632 -52.2078 9.41333
      vertex -42.2786 -52.2927 9.57714
    endloop
  endfacet
  facet normal -0.114637 0.993314 0.0136101
    outer loop
      vertex -42.174 -52.2816 9.65393
      vertex -41.5632 -52.2078 9.41333
      vertex -42.2328 -52.2876 9.59939
    endloop
  endfacet
  facet normal -0.11418 0.99335 0.0147807
    outer loop
      vertex -41.4494 -52.1957 9.47922
      vertex -41.5632 -52.2078 9.41333
      vertex -42.174 -52.2816 9.65393
    endloop
  endfacet
  facet normal -0.113979 0.99336 0.0156203
    outer loop
      vertex -42.0888 -52.2737 9.77516
      vertex -41.4494 -52.1957 9.47922
      vertex -42.174 -52.2816 9.65393
    endloop
  endfacet
  facet normal -0.113195 0.993422 0.0173302
    outer loop
      vertex -41.335 -52.1848 9.60106
      vertex -41.4494 -52.1957 9.47922
      vertex -42.0888 -52.2737 9.77516
    endloop
  endfacet
  facet normal -0.113286 0.993418 0.0169326
    outer loop
      vertex -41.9038 -52.2595 10.1828
      vertex -41.335 -52.1848 9.60106
      vertex -42.0888 -52.2737 9.77516
    endloop
  endfacet
  facet normal -0.111882 0.993553 0.0183228
    outer loop
      vertex -41.0928 -52.1652 10.0213
      vertex -41.335 -52.1848 9.60106
      vertex -41.9038 -52.2595 10.1828
    endloop
  endfacet
  facet normal -0.144137 0.984998 -0.0948869
    outer loop
      vertex -42.6212 -52.3346 9.66229
      vertex -42.2786 -52.2927 9.57714
      vertex -43.0678 -52.3903 9.7625
    endloop
  endfacet
  facet normal -0.118159 0.992903 0.0135312
    outer loop
      vertex -42.5843 -52.3306 9.68587
      vertex -42.2786 -52.2927 9.57714
      vertex -42.6212 -52.3346 9.66229
    endloop
  endfacet
  facet normal -0.117838 0.992928 0.0144425
    outer loop
      vertex -42.2328 -52.2876 9.59939
      vertex -42.2786 -52.2927 9.57714
      vertex -42.5843 -52.3306 9.68587
    endloop
  endfacet
  facet normal -0.117575 0.992943 0.0155176
    outer loop
      vertex -42.5362 -52.3257 9.74126
      vertex -42.2328 -52.2876 9.59939
      vertex -42.5843 -52.3306 9.68587
    endloop
  endfacet
  facet normal -0.117174 0.992976 0.0163835
    outer loop
      vertex -42.174 -52.2816 9.65393
      vertex -42.2328 -52.2876 9.59939
      vertex -42.5362 -52.3257 9.74126
    endloop
  endfacet
  facet normal -0.117115 0.992979 0.0166318
    outer loop
      vertex -42.4656 -52.3194 9.86217
      vertex -42.174 -52.2816 9.65393
      vertex -42.5362 -52.3257 9.74126
    endloop
  endfacet
  facet normal -0.116542 0.993033 0.0174433
    outer loop
      vertex -42.0888 -52.2737 9.77516
      vertex -42.174 -52.2816 9.65393
      vertex -42.4656 -52.3194 9.86217
    endloop
  endfacet
  facet normal -0.116554 0.993032 0.0173903
    outer loop
      vertex -42.3091 -52.3081 10.2635
      vertex -42.0888 -52.2737 9.77516
      vertex -42.4656 -52.3194 9.86217
    endloop
  endfacet
  facet normal -0.115421 0.993155 0.0179105
    outer loop
      vertex -41.9038 -52.2595 10.1828
      vertex -42.0888 -52.2737 9.77516
      vertex -42.3091 -52.3081 10.2635
    endloop
  endfacet
  facet normal -0.115531 0.993152 0.0173546
    outer loop
      vertex -41.9869 -52.2966 11.7504
      vertex -41.9038 -52.2595 10.1828
      vertex -42.3091 -52.3081 10.2635
    endloop
  endfacet
  facet normal -0.112794 0.993464 0.0175071
    outer loop
      vertex -41.5419 -52.2454 11.7109
      vertex -41.9038 -52.2595 10.1828
      vertex -41.9869 -52.2966 11.7504
    endloop
  endfacet
  facet normal -0.119158 0.992705 0.0184149
    outer loop
      vertex -42.3091 -52.3081 10.2635
      vertex -42.4656 -52.3194 9.86217
      vertex -43.0306 -52.3897 9.99266
    endloop
  endfacet
  facet normal -0.119275 0.9927 0.0179076
    outer loop
      vertex -42.4656 -52.3194 9.86217
      vertex -42.5362 -52.3257 9.74126
      vertex -43.0306 -52.3897 9.99266
    endloop
  endfacet
  facet normal -0.119943 0.992642 0.0165787
    outer loop
      vertex -43.0306 -52.3897 9.99266
      vertex -42.5362 -52.3257 9.74126
      vertex -43.0962 -52.3951 9.83967
    endloop
  endfacet
  facet normal -0.122973 0.992259 0.0172929
    outer loop
      vertex -43.1228 -52.4145 10.7758
      vertex -43.2847 -52.4219 10.0513
      vertex -43.4117 -52.4382 10.0807
    endloop
  endfacet
  facet normal -0.123002 0.992258 0.0171656
    outer loop
      vertex -43.2847 -52.4219 10.0513
      vertex -43.3367 -52.4257 9.89833
      vertex -43.4117 -52.4382 10.0807
    endloop
  endfacet
  facet normal -0.123552 0.992194 0.016935
    outer loop
      vertex -43.4117 -52.4382 10.0807
      vertex -43.3367 -52.4257 9.89833
      vertex -43.4569 -52.4412 9.92766
    endloop
  endfacet
  facet normal -0.123578 0.992192 0.0168276
    outer loop
      vertex -43.3367 -52.4257 9.89833
      vertex -43.3579 -52.4277 9.85759
      vertex -43.4569 -52.4412 9.92766
    endloop
  endfacet
  facet normal -0.123539 0.992196 0.0168846
    outer loop
      vertex -43.4569 -52.4412 9.92766
      vertex -43.3579 -52.4277 9.85759
      vertex -43.4749 -52.4427 9.88654
    endloop
  endfacet
  facet normal -0.123368 0.992205 0.0175784
    outer loop
      vertex -43.3579 -52.4277 9.85759
      vertex -43.3661 -52.4285 9.8474
      vertex -43.4749 -52.4427 9.88654
    endloop
  endfacet
  facet normal -0.124013 0.992155 0.0157663
    outer loop
      vertex -43.4749 -52.4427 9.88654
      vertex -43.3661 -52.4285 9.8474
      vertex -43.4816 -52.4434 9.8761
    endloop
  endfacet
  facet normal -0.125504 0.991966 0.0158663
    outer loop
      vertex -43.5918 -52.4579 9.91547
      vertex -43.5971 -52.4584 9.9048
      vertex -43.6445 -52.465 9.94674
    endloop
  endfacet
  facet normal -0.124752 0.992067 0.0154881
    outer loop
      vertex -43.5918 -52.4579 9.91547
      vertex -43.4749 -52.4427 9.88654
      vertex -43.5971 -52.4584 9.9048
    endloop
  endfacet
  facet normal -0.124649 0.992069 0.0161797
    outer loop
      vertex -43.4749 -52.4427 9.88654
      vertex -43.4816 -52.4434 9.8761
      vertex -43.5971 -52.4584 9.9048
    endloop
  endfacet
  facet normal -0.124636 0.992061 0.016764
    outer loop
      vertex -43.6022 -52.4627 10.1247
      vertex -43.5677 -52.4561 9.98994
      vertex -43.6445 -52.465 9.94674
    endloop
  endfacet
  facet normal -0.125464 0.991953 0.0169625
    outer loop
      vertex -43.6022 -52.4627 10.1247
      vertex -43.6445 -52.465 9.94674
      vertex -43.7182 -52.4747 9.96489
    endloop
  endfacet
  facet normal -0.124964 0.992022 0.0165943
    outer loop
      vertex -43.6813 -52.473 10.1429
      vertex -43.6022 -52.4627 10.1247
      vertex -43.7182 -52.4747 9.96489
    endloop
  endfacet
  facet normal -0.125702 0.991927 0.016748
    outer loop
      vertex -43.6813 -52.473 10.1429
      vertex -43.7182 -52.4747 9.96489
      vertex -43.7551 -52.4795 9.97397
    endloop
  endfacet
  facet normal -0.125472 0.991958 0.0166462
    outer loop
      vertex -43.7208 -52.4781 10.152
      vertex -43.6813 -52.473 10.1429
      vertex -43.7551 -52.4795 9.97397
    endloop
  endfacet
  facet normal -0.126134 0.991871 0.0167745
    outer loop
      vertex -43.7208 -52.4781 10.152
      vertex -43.7551 -52.4795 9.97397
      vertex -43.814 -52.4869 9.97048
    endloop
  endfacet
  facet normal -0.125656 0.991936 0.0165262
    outer loop
      vertex -43.7801 -52.4859 10.1657
      vertex -43.7208 -52.4781 10.152
      vertex -43.814 -52.4869 9.97048
    endloop
  endfacet
  facet normal -0.127381 -0.991716 0.0165648
    outer loop
      vertex -43.9027 -52.5018 9.97066
      vertex -43.8174 -52.5028 10.5638
      vertex -43.9159 -52.5 9.97396
    endloop
  endfacet
  facet normal -0.126502 -0.99183 0.0164383
    outer loop
      vertex -43.8894 -52.5035 9.96735
      vertex -43.8174 -52.5028 10.5638
      vertex -43.9027 -52.5018 9.97066
    endloop
  endfacet
  facet normal -0.126797 -0.991791 0.016538
    outer loop
      vertex -43.8629 -52.507 9.96075
      vertex -43.8517 -52.5047 10.1823
      vertex -43.8894 -52.5035 9.96735
    endloop
  endfacet
  facet normal -0.125643 -0.991941 0.0163347
    outer loop
      vertex -43.8517 -52.5047 10.1823
      vertex -43.8174 -52.5028 10.5638
      vertex -43.8894 -52.5035 9.96735
    endloop
  endfacet
  facet normal -0.126349 -0.991851 0.0163392
    outer loop
      vertex -43.8099 -52.514 9.94753
      vertex -43.8133 -52.5132 9.97031
      vertex -43.8629 -52.507 9.96075
    endloop
  endfacet
  facet normal -0.126367 -0.991847 0.0164388
    outer loop
      vertex -43.8133 -52.5132 9.97031
      vertex -43.8598 -52.5072 9.97009
      vertex -43.8629 -52.507 9.96075
    endloop
  endfacet
  facet normal -0.126297 -0.991858 0.0163472
    outer loop
      vertex -43.8099 -52.514 9.94753
      vertex -43.7542 -52.5206 9.97373
      vertex -43.8133 -52.5132 9.97031
    endloop
  endfacet
  facet normal -0.107138 -0.994045 0.0198949
    outer loop
      vertex -40.8184 -52.8498 10.8524
      vertex -39.9995 -52.9236 11.5738
      vertex -41.5502 -52.7537 11.7116
    endloop
  endfacet
  facet normal -0.120869 -0.992533 0.0164196
    outer loop
      vertex -43.1991 -52.5693 11.188
      vertex -42.8356 -52.6212 10.7264
      vertex -43.3291 -52.5422 11.8696
    endloop
  endfacet
  facet normal -0.121347 -0.992476 0.016326
    outer loop
      vertex -43.1991 -52.5693 11.188
      vertex -43.3291 -52.5422 11.8696
      vertex -43.4619 -52.5486 10.493
    endloop
  endfacet
  facet normal -0.103972 -0.985265 -0.135808
    outer loop
      vertex -32.8342 -53.572 7.40215
      vertex -36.6473 -53.2887 8.26666
      vertex -37.1165 -53.2409 8.27866
    endloop
  endfacet
  facet normal -0.0484552 -0.998818 -0.00373078
    outer loop
      vertex -27.3304 -53.8594 7.28102
      vertex -30.9505 -53.689 8.68198
      vertex -31.9189 -53.6386 7.76321
    endloop
  endfacet
  facet normal -0.048526 -0.998812 -0.00440776
    outer loop
      vertex -28.5259 -53.7985 6.64292
      vertex -27.3304 -53.8594 7.28102
      vertex -31.9189 -53.6386 7.76321
    endloop
  endfacet
  facet normal -0.0586887 -0.99765 -0.0353533
    outer loop
      vertex -28.5259 -53.7985 6.64292
      vertex -31.9189 -53.6386 7.76321
      vertex -32.8342 -53.572 7.40215
    endloop
  endfacet
  facet normal -0.126144 -0.991875 0.0165121
    outer loop
      vertex -43.8374 -52.5078 10.11
      vertex -43.8517 -52.5047 10.1823
      vertex -43.8598 -52.5072 9.97009
    endloop
  endfacet
  facet normal -0.12664 -0.991811 0.0165303
    outer loop
      vertex -43.8598 -52.5072 9.97009
      vertex -43.8517 -52.5047 10.1823
      vertex -43.8629 -52.507 9.96075
    endloop
  endfacet
  facet normal -0.126368 -0.991845 0.0165481
    outer loop
      vertex -43.8133 -52.5132 9.97031
      vertex -43.8374 -52.5078 10.11
      vertex -43.8598 -52.5072 9.97009
    endloop
  endfacet
  facet normal -0.124954 -0.992021 0.0167734
    outer loop
      vertex -43.6007 -52.5375 10.1243
      vertex -43.3291 -52.5422 11.8696
      vertex -43.6801 -52.5271 10.1426
    endloop
  endfacet
  facet normal -0.123263 -0.992237 0.0165097
    outer loop
      vertex -43.4619 -52.5486 10.493
      vertex -43.3291 -52.5422 11.8696
      vertex -43.6007 -52.5375 10.1243
    endloop
  endfacet
  facet normal -0.124336 -0.992096 0.016918
    outer loop
      vertex -43.5659 -52.5441 9.9895
      vertex -43.4619 -52.5486 10.493
      vertex -43.6007 -52.5375 10.1243
    endloop
  endfacet
  facet normal -0.124811 -0.992039 0.0167415
    outer loop
      vertex -43.5899 -52.5424 9.91502
      vertex -43.5659 -52.5441 9.9895
      vertex -43.643 -52.5351 9.94637
    endloop
  endfacet
  facet normal -0.123019 -0.992259 0.0169644
    outer loop
      vertex -43.4093 -52.5621 10.0801
      vertex -43.1991 -52.5693 11.188
      vertex -43.4619 -52.5486 10.493
    endloop
  endfacet
  facet normal -0.123963 -0.992144 0.0168404
    outer loop
      vertex -43.4093 -52.5621 10.0801
      vertex -43.4619 -52.5486 10.493
      vertex -43.5659 -52.5441 9.9895
    endloop
  endfacet
  facet normal -0.124083 -0.992125 0.0170526
    outer loop
      vertex -43.4544 -52.5591 9.92705
      vertex -43.4093 -52.5621 10.0801
      vertex -43.5659 -52.5441 9.9895
    endloop
  endfacet
  facet normal -0.12434 -0.992101 0.0165883
    outer loop
      vertex -43.4544 -52.5591 9.92705
      vertex -43.5659 -52.5441 9.9895
      vertex -43.5899 -52.5424 9.91502
    endloop
  endfacet
  facet normal -0.124399 -0.992082 0.0172729
    outer loop
      vertex -43.4724 -52.5576 9.88592
      vertex -43.4544 -52.5591 9.92705
      vertex -43.5899 -52.5424 9.91502
    endloop
  endfacet
  facet normal -0.121484 -0.992453 0.016672
    outer loop
      vertex -43.1206 -52.5858 10.7754
      vertex -43.1991 -52.5693 11.188
      vertex -43.4093 -52.5621 10.0801
    endloop
  endfacet
  facet normal -0.117737 -0.992885 0.0178058
    outer loop
      vertex -42.308 -52.692 10.2633
      vertex -41.9917 -52.7029 11.7508
      vertex -42.8356 -52.6212 10.7264
    endloop
  endfacet
  facet normal -0.118573 -0.992803 0.0168409
    outer loop
      vertex -42.308 -52.692 10.2633
      vertex -42.8356 -52.6212 10.7264
      vertex -43.0262 -52.6109 9.99164
    endloop
  endfacet
  facet normal -0.119764 -0.992647 0.0175556
    outer loop
      vertex -42.5814 -52.6698 9.68515
      vertex -42.5334 -52.6746 9.74059
      vertex -43.0917 -52.6055 9.83857
    endloop
  endfacet
  facet normal -0.120321 -0.992611 0.015686
    outer loop
      vertex -42.5814 -52.6698 9.68515
      vertex -43.0917 -52.6055 9.83857
      vertex -43.1196 -52.6028 9.7986
    endloop
  endfacet
  facet normal -0.120195 -0.992617 0.0162865
    outer loop
      vertex -42.6183 -52.6657 9.66157
      vertex -42.5814 -52.6698 9.68515
      vertex -43.1196 -52.6028 9.7986
    endloop
  endfacet
  facet normal -0.120727 -0.992582 0.014327
    outer loop
      vertex -42.6183 -52.6657 9.66157
      vertex -43.1196 -52.6028 9.7986
      vertex -43.1306 -52.6016 9.78888
    endloop
  endfacet
  facet normal -0.110535 -0.993727 0.0169662
    outer loop
      vertex -40.8184 -52.8498 10.8524
      vertex -41.5502 -52.7537 11.7116
      vertex -41.9045 -52.7404 10.1829
    endloop
  endfacet
  facet normal -0.111784 -0.99355 0.0190213
    outer loop
      vertex -41.0972 -52.8343 10.0222
      vertex -40.8184 -52.8498 10.8524
      vertex -41.9045 -52.7404 10.1829
    endloop
  endfacet
  facet normal -0.107322 -0.99407 0.0175134
    outer loop
      vertex -40.3166 -52.9138 10.2931
      vertex -40.8184 -52.8498 10.8524
      vertex -41.0972 -52.8343 10.0222
    endloop
  endfacet
  facet normal -0.107653 -0.994017 0.0184834
    outer loop
      vertex -40.6294 -52.8918 9.65332
      vertex -40.3166 -52.9138 10.2931
      vertex -41.0972 -52.8343 10.0222
    endloop
  endfacet
  facet normal -0.109102 -0.993892 0.016627
    outer loop
      vertex -40.6294 -52.8918 9.65332
      vertex -41.0972 -52.8343 10.0222
      vertex -41.3364 -52.8151 9.60139
    endloop
  endfacet
  facet normal -0.109137 -0.993879 0.0171322
    outer loop
      vertex -40.8383 -52.8732 9.40051
      vertex -40.6294 -52.8918 9.65332
      vertex -41.3364 -52.8151 9.60139
    endloop
  endfacet
  facet normal -0.110197 -0.993804 0.0144824
    outer loop
      vertex -40.8383 -52.8732 9.40051
      vertex -41.3364 -52.8151 9.60139
      vertex -41.45 -52.8043 9.47937
    endloop
  endfacet
  facet normal -0.110298 -0.993804 0.0136977
    outer loop
      vertex -41.0002 -52.8567 9.29607
      vertex -40.8383 -52.8732 9.40051
      vertex -41.45 -52.8043 9.47937
    endloop
  endfacet
  facet normal -0.111678 -0.993691 0.0102798
    outer loop
      vertex -41.0002 -52.8567 9.29607
      vertex -41.45 -52.8043 9.47937
      vertex -41.5633 -52.7922 9.41336
    endloop
  endfacet
  facet normal -0.101424 -0.994654 0.0194184
    outer loop
      vertex -39.2666 -53.0333 9.65768
      vertex -38.8619 -53.0566 10.5766
      vertex -40.3166 -52.9138 10.2931
    endloop
  endfacet
  facet normal -0.103279 -0.994518 0.0163275
    outer loop
      vertex -39.2666 -53.0333 9.65768
      vertex -40.3166 -52.9138 10.2931
      vertex -40.6294 -52.8918 9.65332
    endloop
  endfacet
  facet normal -0.103281 -0.994494 0.017759
    outer loop
      vertex -39.633 -53.0033 9.20801
      vertex -39.2666 -53.0333 9.65768
      vertex -40.6294 -52.8918 9.65332
    endloop
  endfacet
  facet normal -0.105067 -0.99437 0.0137326
    outer loop
      vertex -39.633 -53.0033 9.20801
      vertex -40.6294 -52.8918 9.65332
      vertex -40.8383 -52.8732 9.40051
    endloop
  endfacet
  facet normal -0.10509 -0.99437 0.0135886
    outer loop
      vertex -39.8783 -52.9794 9.05477
      vertex -39.633 -53.0033 9.20801
      vertex -40.8383 -52.8732 9.40051
    endloop
  endfacet
  facet normal -0.106936 -0.99423 0.00841854
    outer loop
      vertex -39.8783 -52.9794 9.05477
      vertex -40.8383 -52.8732 9.40051
      vertex -41.0002 -52.8567 9.29607
    endloop
  endfacet
  facet normal -0.0606124 -0.997887 0.0234136
    outer loop
      vertex -30.1305 -53.6904 10.6971
      vertex -34.6035 -53.3826 12.2329
      vertex -34.6519 -53.4063 11.0988
    endloop
  endfacet
  facet normal -0.0726865 -0.99735 -0.00296095
    outer loop
      vertex -31.9189 -53.6386 7.76321
      vertex -35.6 -53.3738 8.9276
      vertex -36.2212 -53.327 8.42006
    endloop
  endfacet
  facet normal -0.0723421 -0.99738 -0.00069156
    outer loop
      vertex -32.8342 -53.572 7.40215
      vertex -31.9189 -53.6386 7.76321
      vertex -36.2212 -53.327 8.42006
    endloop
  endfacet
  facet normal -0.0799873 -0.996447 -0.0263545
    outer loop
      vertex -32.8342 -53.572 7.40215
      vertex -36.2212 -53.327 8.42006
      vertex -36.6473 -53.2887 8.26666
    endloop
  endfacet
  facet normal -0.119181 -0.992659 0.0205872
    outer loop
      vertex -43.0678 -52.6097 9.7625
      vertex -42.6183 -52.6657 9.66157
      vertex -43.1306 -52.6016 9.78888
    endloop
  endfacet
  facet normal -0.125083 -0.992126 0.00637248
    outer loop
      vertex -43.0678 -52.6097 9.7625
      vertex -43.1306 -52.6016 9.78888
      vertex -43.363 -52.5719 9.84662
    endloop
  endfacet
  facet normal -0.133788 -0.990699 -0.0248162
    outer loop
      vertex -43.0678 -52.6097 9.7625
      vertex -43.363 -52.5719 9.84662
      vertex -43.4792 -52.5569 9.87549
    endloop
  endfacet
  facet normal -0.142811 -0.987994 -0.058931
    outer loop
      vertex -43.0678 -52.6097 9.7625
      vertex -43.4792 -52.5569 9.87549
      vertex -43.5953 -52.5419 9.90435
    endloop
  endfacet
  facet normal -0.128386 -0.991718 -0.00351136
    outer loop
      vertex -43.0678 -52.6097 9.7625
      vertex -43.5953 -52.5419 9.90435
      vertex -43.7039 -52.5279 9.92111
    endloop
  endfacet
  facet normal -0.125293 -0.991987 0.0162148
    outer loop
      vertex -43.8174 -52.5028 10.5638
      vertex -43.582 -52.5 12.554
      vertex -43.9159 -52.5 9.97396
    endloop
  endfacet
  facet normal -0.128364 -0.991589 0.0165776
    outer loop
      vertex -43.582 -52.5 12.554
      vertex -43.8174 -52.5028 10.5638
      vertex -43.8517 -52.5047 10.1823
    endloop
  endfacet
  facet normal -0.126732 -0.991801 0.0163924
    outer loop
      vertex -43.8374 -52.5078 10.11
      vertex -43.582 -52.5 12.554
      vertex -43.8517 -52.5047 10.1823
    endloop
  endfacet
  facet normal -0.125939 -0.991904 0.0163098
    outer loop
      vertex -43.7794 -52.5142 10.1656
      vertex -43.582 -52.5 12.554
      vertex -43.8374 -52.5078 10.11
    endloop
  endfacet
  facet normal -0.125569 -0.991951 0.0162795
    outer loop
      vertex -43.7198 -52.522 10.1518
      vertex -43.582 -52.5 12.554
      vertex -43.7794 -52.5142 10.1656
    endloop
  endfacet
  facet normal -0.125394 -0.991974 0.0162697
    outer loop
      vertex -43.6801 -52.5271 10.1426
      vertex -43.582 -52.5 12.554
      vertex -43.7198 -52.522 10.1518
    endloop
  endfacet
  facet normal -0.121798 -0.992424 0.0161285
    outer loop
      vertex -43.3291 -52.5422 11.8696
      vertex -43.582 -52.5 12.554
      vertex -43.6801 -52.5271 10.1426
    endloop
  endfacet
  facet normal -0.119932 -0.992639 0.0168312
    outer loop
      vertex -43.3291 -52.5422 11.8696
      vertex -42.8356 -52.6212 10.7264
      vertex -43.582 -52.5 12.554
    endloop
  endfacet
  facet normal -0.117688 -0.992892 0.0177646
    outer loop
      vertex -42.8356 -52.6212 10.7264
      vertex -41.9917 -52.7029 11.7508
      vertex -43.582 -52.5 12.554
    endloop
  endfacet
  facet normal -0.111725 -0.993296 0.029673
    outer loop
      vertex -41.9917 -52.7029 11.7508
      vertex -41.5502 -52.7537 11.7116
      vertex -43.582 -52.5 12.554
    endloop
  endfacet
  facet normal -0.104689 -0.993409 0.0466768
    outer loop
      vertex -41.5502 -52.7537 11.7116
      vertex -39.9995 -52.9236 11.5738
      vertex -43.582 -52.5 12.554
    endloop
  endfacet
  facet normal -0.0926069 -0.991621 0.090064
    outer loop
      vertex -39.9995 -52.9236 11.5738
      vertex -38.6639 -53.0591 11.4552
      vertex -43.582 -52.5 12.554
    endloop
  endfacet
  facet normal -0.110211 -0.993831 0.0123932
    outer loop
      vertex -38.6639 -53.0591 11.4552
      vertex -39.0984 -52.9992 12.3937
      vertex -43.582 -52.5 12.554
    endloop
  endfacet
  facet normal -0.130005 -0.981872 -0.137936
    outer loop
      vertex -37.1165 -53.2409 8.27866
      vertex -38.802 -53.0899 8.79224
      vertex -40.5202 -52.9094 9.12731
    endloop
  endfacet
  facet normal -0.113698 -0.992322 -0.0486883
    outer loop
      vertex -38.802 -53.0899 8.79224
      vertex -39.8783 -52.9794 9.05477
      vertex -40.5202 -52.9094 9.12731
    endloop
  endfacet
  facet normal -0.108015 -0.994144 0.00336047
    outer loop
      vertex -40.5202 -52.9094 9.12731
      vertex -39.8783 -52.9794 9.05477
      vertex -41.0002 -52.8567 9.29607
    endloop
  endfacet
  facet normal -0.120429 -0.992188 -0.0325615
    outer loop
      vertex -40.5202 -52.9094 9.12731
      vertex -41.0002 -52.8567 9.29607
      vertex -41.5633 -52.7922 9.41336
    endloop
  endfacet
  facet normal -0.147735 -0.979442 -0.137358
    outer loop
      vertex -40.5202 -52.9094 9.12731
      vertex -41.5633 -52.7922 9.41336
      vertex -42.2766 -52.7075 9.57666
    endloop
  endfacet
  facet normal -0.25382 -0.682412 -0.685485
    outer loop
      vertex -40.5202 -52.9094 9.12731
      vertex -42.2766 -52.7075 9.57666
      vertex -42.6183 -52.6657 9.66157
    endloop
  endfacet
  facet normal -0.178471 -0.946417 -0.269152
    outer loop
      vertex -40.5202 -52.9094 9.12731
      vertex -42.6183 -52.6657 9.66157
      vertex -43.0678 -52.6097 9.7625
    endloop
  endfacet
  facet normal -0.126014 -0.991895 0.0163032
    outer loop
      vertex -43.7039 -52.5279 9.92111
      vertex -43.7171 -52.5255 9.96461
      vertex -43.8099 -52.514 9.94753
    endloop
  endfacet
  facet normal -0.125847 -0.991931 0.0153734
    outer loop
      vertex -43.7171 -52.5255 9.96461
      vertex -43.7542 -52.5206 9.97373
      vertex -43.8099 -52.514 9.94753
    endloop
  endfacet
  facet normal -0.125506 -0.991951 0.0167724
    outer loop
      vertex -43.7171 -52.5255 9.96461
      vertex -43.6801 -52.5271 10.1426
      vertex -43.7542 -52.5206 9.97373
    endloop
  endfacet
  facet normal -0.125299 -0.991979 0.0166807
    outer loop
      vertex -43.6801 -52.5271 10.1426
      vertex -43.7198 -52.522 10.1518
      vertex -43.7542 -52.5206 9.97373
    endloop
  endfacet
  facet normal -0.102494 -0.993753 -0.0441533
    outer loop
      vertex -37.1165 -53.2409 8.27866
      vertex -36.6473 -53.2887 8.26666
      vertex -38.802 -53.0899 8.79224
    endloop
  endfacet
  facet normal -0.0909093 -0.995851 0.00413264
    outer loop
      vertex -36.6473 -53.2887 8.26666
      vertex -36.2212 -53.327 8.42006
      vertex -38.802 -53.0899 8.79224
    endloop
  endfacet
  facet normal -0.0922409 -0.995723 -0.00518265
    outer loop
      vertex -36.2212 -53.327 8.42006
      vertex -38.4965 -53.119 8.94553
      vertex -38.802 -53.0899 8.79224
    endloop
  endfacet
  facet normal -0.0875328 -0.996044 0.0153305
    outer loop
      vertex -36.2212 -53.327 8.42006
      vertex -35.6 -53.3738 8.9276
      vertex -38.4965 -53.119 8.94553
    endloop
  endfacet
  facet normal -0.0875913 -0.996131 0.00712064
    outer loop
      vertex -35.6 -53.3738 8.9276
      vertex -38.0452 -53.1553 9.41447
      vertex -38.4965 -53.119 8.94553
    endloop
  endfacet
  facet normal -0.0848866 -0.996175 0.0207243
    outer loop
      vertex -35.6 -53.3738 8.9276
      vertex -34.9429 -53.407 10.0242
      vertex -38.0452 -53.1553 9.41447
    endloop
  endfacet
  facet normal -0.0835351 -0.99641 0.0137504
    outer loop
      vertex -34.9429 -53.407 10.0242
      vertex -37.5564 -53.1828 10.3926
      vertex -38.0452 -53.1553 9.41447
    endloop
  endfacet
  facet normal -0.0822441 -0.99635 0.0228718
    outer loop
      vertex -34.9429 -53.407 10.0242
      vertex -34.6519 -53.4063 11.0988
      vertex -37.5564 -53.1828 10.3926
    endloop
  endfacet
  facet normal -0.0809702 -0.996562 0.0175656
    outer loop
      vertex -34.6519 -53.4063 11.0988
      vertex -37.3275 -53.1847 11.3365
      vertex -37.5564 -53.1828 10.3926
    endloop
  endfacet
  facet normal -0.0803708 -0.996471 0.0242273
    outer loop
      vertex -34.6519 -53.4063 11.0988
      vertex -34.6035 -53.3826 12.2329
      vertex -37.3275 -53.1847 11.3365
    endloop
  endfacet
  facet normal -0.0837182 -0.995891 0.0345267
    outer loop
      vertex -37.3275 -53.1847 11.3365
      vertex -34.6035 -53.3826 12.2329
      vertex -39.0984 -52.9992 12.3937
    endloop
  endfacet
  facet normal -0.0426626 -0.999026 0.0112624
    outer loop
      vertex -27.3304 -53.8594 7.28102
      vertex -26.654 -53.8808 7.94291
      vertex -30.9505 -53.689 8.68198
    endloop
  endfacet
  facet normal -0.0410262 -0.998942 0.0207542
    outer loop
      vertex -26.654 -53.8808 7.94291
      vertex -26.1042 -53.886 8.77819
      vertex -30.9505 -53.689 8.68198
    endloop
  endfacet
  facet normal -0.0407937 -0.99913 0.00866104
    outer loop
      vertex -26.1042 -53.886 8.77819
      vertex -30.5264 -53.7001 9.40157
      vertex -30.9505 -53.689 8.68198
    endloop
  endfacet
  facet normal -0.037952 -0.998866 0.0287408
    outer loop
      vertex -26.1042 -53.886 8.77819
      vertex -25.6035 -53.8614 10.295
      vertex -30.5264 -53.7001 9.40157
    endloop
  endfacet
  facet normal -0.0361091 -0.999176 0.0185302
    outer loop
      vertex -25.6035 -53.8614 10.295
      vertex -30.1305 -53.6904 10.6971
      vertex -30.5264 -53.7001 9.40157
    endloop
  endfacet
  facet normal -0.0344141 -0.998707 0.0374115
    outer loop
      vertex -25.6035 -53.8614 10.295
      vertex -25.5915 -53.8013 11.9106
      vertex -30.1305 -53.6904 10.6971
    endloop
  endfacet
  facet normal -0.0437036 -0.99642 0.0723671
    outer loop
      vertex -30.1305 -53.6904 10.6971
      vertex -25.5915 -53.8013 11.9106
      vertex -34.6035 -53.3826 12.2329
    endloop
  endfacet
  facet normal -0.0607715 -0.997028 -0.0473576
    outer loop
      vertex -29.575 -53.727 6.4847
      vertex -28.5259 -53.7985 6.64292
      vertex -32.8342 -53.572 7.40215
    endloop
  endfacet
  facet normal -0.144454 -0.922796 -0.357183
    outer loop
      vertex -29.575 -53.727 6.4847
      vertex -32.8342 -53.572 7.40215
      vertex -37.1165 -53.2409 8.27866
    endloop
  endfacet
  facet normal -0.0981399 -0.984437 -0.145782
    outer loop
      vertex -30.2917 -53.6693 6.57707
      vertex -29.575 -53.727 6.4847
      vertex -37.1165 -53.2409 8.27866
    endloop
  endfacet
  facet normal -0.126193 -0.991867 0.0165791
    outer loop
      vertex -43.8133 -52.5132 9.97031
      vertex -43.7794 -52.5142 10.1656
      vertex -43.8374 -52.5078 10.11
    endloop
  endfacet
  facet normal -0.12631 -0.991852 0.0165997
    outer loop
      vertex -43.7542 -52.5206 9.97373
      vertex -43.7794 -52.5142 10.1656
      vertex -43.8133 -52.5132 9.97031
    endloop
  endfacet
  facet normal -0.125469 -0.991957 0.0167137
    outer loop
      vertex -43.7542 -52.5206 9.97373
      vertex -43.7198 -52.522 10.1518
      vertex -43.7794 -52.5142 10.1656
    endloop
  endfacet
  facet normal -0.124836 -0.992035 0.0167861
    outer loop
      vertex -43.5659 -52.5441 9.9895
      vertex -43.6007 -52.5375 10.1243
      vertex -43.643 -52.5351 9.94637
    endloop
  endfacet
  facet normal -0.124945 -0.992021 0.0168123
    outer loop
      vertex -43.643 -52.5351 9.94637
      vertex -43.6007 -52.5375 10.1243
      vertex -43.6801 -52.5271 10.1426
    endloop
  endfacet
  facet normal -0.125335 -0.991973 0.0167366
    outer loop
      vertex -43.643 -52.5351 9.94637
      vertex -43.6801 -52.5271 10.1426
      vertex -43.7171 -52.5255 9.96461
    endloop
  endfacet
  facet normal -0.125394 -0.99197 0.0164956
    outer loop
      vertex -43.7039 -52.5279 9.92111
      vertex -43.643 -52.5351 9.94637
      vertex -43.7171 -52.5255 9.96461
    endloop
  endfacet
  facet normal -0.125349 -0.991977 0.0163863
    outer loop
      vertex -43.5953 -52.5419 9.90435
      vertex -43.643 -52.5351 9.94637
      vertex -43.7039 -52.5279 9.92111
    endloop
  endfacet
  facet normal -0.124342 -0.992084 0.0175464
    outer loop
      vertex -43.5953 -52.5419 9.90435
      vertex -43.5899 -52.5424 9.91502
      vertex -43.643 -52.5351 9.94637
    endloop
  endfacet
  facet normal -0.124332 -0.992086 0.0175412
    outer loop
      vertex -43.4792 -52.5569 9.87549
      vertex -43.5899 -52.5424 9.91502
      vertex -43.5953 -52.5419 9.90435
    endloop
  endfacet
  facet normal -0.124334 -0.992085 0.0175361
    outer loop
      vertex -43.4792 -52.5569 9.87549
      vertex -43.4724 -52.5576 9.88592
      vertex -43.5899 -52.5424 9.91502
    endloop
  endfacet
  facet normal -0.122987 -0.992257 0.0173027
    outer loop
      vertex -43.2816 -52.5785 10.0506
      vertex -43.1206 -52.5858 10.7754
      vertex -43.4093 -52.5621 10.0801
    endloop
  endfacet
  facet normal -0.123111 -0.992251 0.0167636
    outer loop
      vertex -43.2816 -52.5785 10.0506
      vertex -43.4093 -52.5621 10.0801
      vertex -43.4544 -52.5591 9.92705
    endloop
  endfacet
  facet normal -0.123481 -0.992196 0.0172907
    outer loop
      vertex -43.3335 -52.5747 9.89756
      vertex -43.2816 -52.5785 10.0506
      vertex -43.4544 -52.5591 9.92705
    endloop
  endfacet
  facet normal -0.123574 -0.992191 0.0169079
    outer loop
      vertex -43.3335 -52.5747 9.89756
      vertex -43.4544 -52.5591 9.92705
      vertex -43.4724 -52.5576 9.88592
    endloop
  endfacet
  facet normal -0.123592 -0.992185 0.017132
    outer loop
      vertex -43.3548 -52.5728 9.85681
      vertex -43.3335 -52.5747 9.89756
      vertex -43.4724 -52.5576 9.88592
    endloop
  endfacet
  facet normal -0.12361 -0.992184 0.0170582
    outer loop
      vertex -43.3548 -52.5728 9.85681
      vertex -43.4724 -52.5576 9.88592
      vertex -43.4792 -52.5569 9.87549
    endloop
  endfacet
  facet normal -0.123664 -0.992184 0.0167037
    outer loop
      vertex -43.363 -52.5719 9.84662
      vertex -43.3548 -52.5728 9.85681
      vertex -43.4792 -52.5569 9.87549
    endloop
  endfacet
  facet normal -0.120253 -0.992599 0.0169122
    outer loop
      vertex -43.1206 -52.5858 10.7754
      vertex -42.8356 -52.6212 10.7264
      vertex -43.1991 -52.5693 11.188
    endloop
  endfacet
  facet normal -0.120289 -0.992598 0.0167
    outer loop
      vertex -42.8356 -52.6212 10.7264
      vertex -43.1206 -52.5858 10.7754
      vertex -43.2816 -52.5785 10.0506
    endloop
  endfacet
  facet normal -0.121735 -0.992405 0.0176668
    outer loop
      vertex -43.0262 -52.6109 9.99164
      vertex -42.8356 -52.6212 10.7264
      vertex -43.2816 -52.5785 10.0506
    endloop
  endfacet
  facet normal -0.121943 -0.992396 0.0167639
    outer loop
      vertex -43.0262 -52.6109 9.99164
      vertex -43.2816 -52.5785 10.0506
      vertex -43.3335 -52.5747 9.89756
    endloop
  endfacet
  facet normal -0.12219 -0.992351 0.0175877
    outer loop
      vertex -43.0917 -52.6055 9.83857
      vertex -43.0262 -52.6109 9.99164
      vertex -43.3335 -52.5747 9.89756
    endloop
  endfacet
  facet normal -0.122447 -0.992337 0.0165261
    outer loop
      vertex -43.0917 -52.6055 9.83857
      vertex -43.3335 -52.5747 9.89756
      vertex -43.3548 -52.5728 9.85681
    endloop
  endfacet
  facet normal -0.122402 -0.992332 0.0171578
    outer loop
      vertex -43.1196 -52.6028 9.7986
      vertex -43.0917 -52.6055 9.83857
      vertex -43.3548 -52.5728 9.85681
    endloop
  endfacet
  facet normal -0.122706 -0.992315 0.0159221
    outer loop
      vertex -43.1196 -52.6028 9.7986
      vertex -43.3548 -52.5728 9.85681
      vertex -43.363 -52.5719 9.84662
    endloop
  endfacet
  facet normal -0.122597 -0.99232 0.0164765
    outer loop
      vertex -43.1306 -52.6016 9.78888
      vertex -43.1196 -52.6028 9.7986
      vertex -43.363 -52.5719 9.84662
    endloop
  endfacet
  facet normal -0.119155 -0.992705 0.0184081
    outer loop
      vertex -42.4632 -52.6809 9.86161
      vertex -42.308 -52.692 10.2633
      vertex -43.0262 -52.6109 9.99164
    endloop
  endfacet
  facet normal -0.1196 -0.992686 0.016468
    outer loop
      vertex -42.4632 -52.6809 9.86161
      vertex -43.0262 -52.6109 9.99164
      vertex -43.0917 -52.6055 9.83857
    endloop
  endfacet
  facet normal -0.119658 -0.992649 0.0181596
    outer loop
      vertex -42.5334 -52.6746 9.74059
      vertex -42.4632 -52.6809 9.86161
      vertex -43.0917 -52.6055 9.83857
    endloop
  endfacet
  facet normal -0.115618 -0.993148 0.017029
    outer loop
      vertex -41.9045 -52.7404 10.1829
      vertex -42.308 -52.692 10.2633
      vertex -42.4632 -52.6809 9.86161
    endloop
  endfacet
  facet normal -0.115405 -0.993154 0.0181
    outer loop
      vertex -41.9045 -52.7404 10.1829
      vertex -41.5502 -52.7537 11.7116
      vertex -42.308 -52.692 10.2633
    endloop
  endfacet
  facet normal -0.112891 -0.993466 0.016771
    outer loop
      vertex -41.5502 -52.7537 11.7116
      vertex -41.9917 -52.7029 11.7508
      vertex -42.308 -52.692 10.2633
    endloop
  endfacet
  facet normal -0.11636 -0.993038 0.0183395
    outer loop
      vertex -42.0877 -52.7265 9.77489
      vertex -41.9045 -52.7404 10.1829
      vertex -42.4632 -52.6809 9.86161
    endloop
  endfacet
  facet normal -0.116788 -0.99302 0.0164755
    outer loop
      vertex -42.0877 -52.7265 9.77489
      vertex -42.4632 -52.6809 9.86161
      vertex -42.5334 -52.6746 9.74059
    endloop
  endfacet
  facet normal -0.11687 -0.992992 0.0175817
    outer loop
      vertex -42.1724 -52.7186 9.65353
      vertex -42.0877 -52.7265 9.77489
      vertex -42.5334 -52.6746 9.74059
    endloop
  endfacet
  facet normal -0.117378 -0.992967 0.0154623
    outer loop
      vertex -42.1724 -52.7186 9.65353
      vertex -42.5334 -52.6746 9.74059
      vertex -42.5814 -52.6698 9.68515
    endloop
  endfacet
  facet normal -0.117303 -0.99296 0.0164188
    outer loop
      vertex -42.231 -52.7126 9.59893
      vertex -42.1724 -52.7186 9.65353
      vertex -42.5814 -52.6698 9.68515
    endloop
  endfacet
  facet normal -0.118136 -0.992912 0.0130116
    outer loop
      vertex -42.231 -52.7126 9.59893
      vertex -42.5814 -52.6698 9.68515
      vertex -42.6183 -52.6657 9.66157
    endloop
  endfacet
  facet normal -0.117955 -0.992918 0.0141323
    outer loop
      vertex -42.2766 -52.7075 9.57666
      vertex -42.231 -52.7126 9.59893
      vertex -42.6183 -52.6657 9.66157
    endloop
  endfacet
  facet normal -0.115744 -0.993233 0.00953312
    outer loop
      vertex -41.5633 -52.7922 9.41336
      vertex -42.231 -52.7126 9.59893
      vertex -42.2766 -52.7075 9.57666
    endloop
  endfacet
  facet normal -0.114287 -0.993337 0.014822
    outer loop
      vertex -41.5633 -52.7922 9.41336
      vertex -41.45 -52.8043 9.47937
      vertex -42.231 -52.7126 9.59893
    endloop
  endfacet
  facet normal -0.114507 -0.993332 0.0133773
    outer loop
      vertex -41.45 -52.8043 9.47937
      vertex -42.1724 -52.7186 9.65353
      vertex -42.231 -52.7126 9.59893
    endloop
  endfacet
  facet normal -0.113497 -0.993383 0.017592
    outer loop
      vertex -41.45 -52.8043 9.47937
      vertex -41.3364 -52.8151 9.60139
      vertex -42.1724 -52.7186 9.65353
    endloop
  endfacet
  facet normal -0.113642 -0.993404 0.0153027
    outer loop
      vertex -41.3364 -52.8151 9.60139
      vertex -42.0877 -52.7265 9.77489
      vertex -42.1724 -52.7186 9.65353
    endloop
  endfacet
  facet normal -0.112844 -0.993435 0.0187754
    outer loop
      vertex -41.3364 -52.8151 9.60139
      vertex -41.0972 -52.8343 10.0222
      vertex -42.0877 -52.7265 9.77489
    endloop
  endfacet
  facet normal -0.112286 -0.993539 0.0164933
    outer loop
      vertex -41.0972 -52.8343 10.0222
      vertex -41.9045 -52.7404 10.1829
      vertex -42.0877 -52.7265 9.77489
    endloop
  endfacet
  facet normal -0.106061 -0.994185 0.018658
    outer loop
      vertex -40.3166 -52.9138 10.2931
      vertex -39.9995 -52.9236 11.5738
      vertex -40.8184 -52.8498 10.8524
    endloop
  endfacet
  facet normal -0.10104 -0.99473 0.0174108
    outer loop
      vertex -38.8619 -53.0566 10.5766
      vertex -39.9995 -52.9236 11.5738
      vertex -40.3166 -52.9138 10.2931
    endloop
  endfacet
  facet normal -0.0992023 -0.994876 0.019527
    outer loop
      vertex -38.8619 -53.0566 10.5766
      vertex -38.6639 -53.0591 11.4552
      vertex -39.9995 -52.9236 11.5738
    endloop
  endfacet
  facet normal -0.0917201 -0.995562 0.021065
    outer loop
      vertex -38.6639 -53.0591 11.4552
      vertex -37.3275 -53.1847 11.3365
      vertex -39.0984 -52.9992 12.3937
    endloop
  endfacet
  facet normal -0.0920044 -0.995598 0.0179028
    outer loop
      vertex -37.3275 -53.1847 11.3365
      vertex -38.6639 -53.0591 11.4552
      vertex -38.8619 -53.0566 10.5766
    endloop
  endfacet
  facet normal -0.0933055 -0.995425 0.0205593
    outer loop
      vertex -37.5564 -53.1828 10.3926
      vertex -37.3275 -53.1847 11.3365
      vertex -38.8619 -53.0566 10.5766
    endloop
  endfacet
  facet normal -0.0939363 -0.995448 0.0161006
    outer loop
      vertex -37.5564 -53.1828 10.3926
      vertex -38.8619 -53.0566 10.5766
      vertex -39.2666 -53.0333 9.65768
    endloop
  endfacet
  facet normal -0.0954889 -0.995234 0.0197572
    outer loop
      vertex -38.0452 -53.1553 9.41447
      vertex -37.5564 -53.1828 10.3926
      vertex -39.2666 -53.0333 9.65768
    endloop
  endfacet
  facet normal -0.0969254 -0.995213 0.0125321
    outer loop
      vertex -38.0452 -53.1553 9.41447
      vertex -39.2666 -53.0333 9.65768
      vertex -39.633 -53.0033 9.20801
    endloop
  endfacet
  facet normal -0.0974558 -0.9951 0.0166939
    outer loop
      vertex -38.4965 -53.119 8.94553
      vertex -38.0452 -53.1553 9.41447
      vertex -39.633 -53.0033 9.20801
    endloop
  endfacet
  facet normal -0.100046 -0.994968 0.00542131
    outer loop
      vertex -38.4965 -53.119 8.94553
      vertex -39.633 -53.0033 9.20801
      vertex -39.8783 -52.9794 9.05477
    endloop
  endfacet
  facet normal -0.099698 -0.994969 0.00982201
    outer loop
      vertex -38.802 -53.0899 8.79224
      vertex -38.4965 -53.119 8.94553
      vertex -39.8783 -52.9794 9.05477
    endloop
  endfacet
  facet normal -0.0668108 -0.997642 0.0156809
    outer loop
      vertex -31.9189 -53.6386 7.76321
      vertex -30.9505 -53.689 8.68198
      vertex -35.6 -53.3738 8.9276
    endloop
  endfacet
  facet normal -0.066375 -0.997512 0.0237627
    outer loop
      vertex -30.9505 -53.689 8.68198
      vertex -30.5264 -53.7001 9.40157
      vertex -35.6 -53.3738 8.9276
    endloop
  endfacet
  facet normal -0.0649944 -0.997847 0.00875359
    outer loop
      vertex -30.5264 -53.7001 9.40157
      vertex -34.9429 -53.407 10.0242
      vertex -35.6 -53.3738 8.9276
    endloop
  endfacet
  facet normal -0.0624719 -0.997693 0.026575
    outer loop
      vertex -30.5264 -53.7001 9.40157
      vertex -30.1305 -53.6904 10.6971
      vertex -34.9429 -53.407 10.0242
    endloop
  endfacet
  facet normal -0.0611732 -0.99798 0.0171671
    outer loop
      vertex -30.1305 -53.6904 10.6971
      vertex -34.6519 -53.4063 11.0988
      vertex -34.9429 -53.407 10.0242
    endloop
  endfacet
  facet normal -0.241572 -0 -0.970383
    outer loop
      vertex -22.2264 -52.4093 4.56615
      vertex -22.2029 -52.5 4.5603
      vertex -22.2264 -52.5907 4.56615
    endloop
  endfacet
  facet normal -0.241648 0 -0.970364
    outer loop
      vertex -43.8894 -52.5035 9.96735
      vertex -43.8629 -52.493 9.96075
      vertex -43.8629 -52.507 9.96075
    endloop
  endfacet
  facet normal -0.241648 0 -0.970364
    outer loop
      vertex -43.8629 -52.493 9.96075
      vertex -43.8894 -52.5035 9.96735
      vertex -43.8894 -52.4965 9.96735
    endloop
  endfacet
  facet normal -0.241553 0 -0.970388
    outer loop
      vertex -43.9027 -52.5018 9.97066
      vertex -43.8894 -52.4965 9.96735
      vertex -43.8894 -52.5035 9.96735
    endloop
  endfacet
  facet normal -0.241553 0 -0.970388
    outer loop
      vertex -43.8894 -52.4965 9.96735
      vertex -43.9027 -52.5018 9.97066
      vertex -43.9027 -52.4982 9.97066
    endloop
  endfacet
  facet normal -0.242536 -0 -0.970143
    outer loop
      vertex -43.9027 -52.4982 9.97066
      vertex -43.9027 -52.5018 9.97066
      vertex -43.9159 -52.5 9.97396
    endloop
  endfacet
  facet normal -0.241952 -0 -0.970288
    outer loop
      vertex -22.2264 -52.4093 4.56615
      vertex -22.2264 -52.5907 4.56615
      vertex -22.5003 -52.1191 4.63445
    endloop
  endfacet
  facet normal -0.241958 -3.60426e-006 -0.970287
    outer loop
      vertex -22.2264 -52.5907 4.56615
      vertex -22.4889 -52.8736 4.63161
      vertex -22.5003 -52.1191 4.63445
    endloop
  endfacet
  facet normal -0.241828 -1.52011e-006 -0.970319
    outer loop
      vertex -22.5003 -52.1191 4.63445
      vertex -22.4889 -52.8736 4.63161
      vertex -22.5913 -52.0706 4.65713
    endloop
  endfacet
  facet normal -0.241817 -0 -0.970322
    outer loop
      vertex -22.5913 -52.0706 4.65713
      vertex -22.4889 -52.8736 4.63161
      vertex -22.5913 -52.9294 4.65713
    endloop
  endfacet
  facet normal -0.241934 -0 -0.970293
    outer loop
      vertex -22.5913 -52.0706 4.65713
      vertex -22.5913 -52.9294 4.65713
      vertex -23.631 -51.726 4.91637
    endloop
  endfacet
  facet normal -0.24192 1.24295e-005 -0.970296
    outer loop
      vertex -22.5913 -52.9294 4.65713
      vertex -23.5862 -53.2638 4.90518
      vertex -23.631 -51.726 4.91637
    endloop
  endfacet
  facet normal -0.24191 1.27333e-005 -0.970299
    outer loop
      vertex -23.631 -51.726 4.91637
      vertex -23.5862 -53.2638 4.90518
      vertex -24.0266 -51.6539 5.015
    endloop
  endfacet
  facet normal -0.241954 -0 -0.970288
    outer loop
      vertex -24.0266 -51.6539 5.015
      vertex -23.5862 -53.2638 4.90518
      vertex -24.0266 -53.3461 5.015
    endloop
  endfacet
  facet normal -0.241923 -0 -0.970295
    outer loop
      vertex -24.0266 -51.6539 5.015
      vertex -24.0266 -53.3461 5.015
      vertex -28.1611 -51.312 6.04585
    endloop
  endfacet
  facet normal -0.24192 5.82248e-006 -0.970296
    outer loop
      vertex -24.0266 -53.3461 5.015
      vertex -28.0586 -53.6856 6.02028
      vertex -28.1611 -51.312 6.04585
    endloop
  endfacet
  facet normal -0.241922 5.714e-006 -0.970296
    outer loop
      vertex -28.1611 -51.312 6.04585
      vertex -28.0586 -53.6856 6.02028
      vertex -30.2917 -51.3307 6.57707
    endloop
  endfacet
  facet normal -0.241928 -0 -0.970294
    outer loop
      vertex -30.2917 -51.3307 6.57707
      vertex -28.0586 -53.6856 6.02028
      vertex -30.2917 -53.6693 6.57707
    endloop
  endfacet
  facet normal -0.241919 0 -0.970297
    outer loop
      vertex -37.1165 -53.2409 8.27866
      vertex -30.2917 -51.3307 6.57707
      vertex -30.2917 -53.6693 6.57707
    endloop
  endfacet
  facet normal -0.241919 0 -0.970297
    outer loop
      vertex -30.2917 -51.3307 6.57707
      vertex -37.1165 -53.2409 8.27866
      vertex -37.1165 -51.7591 8.27866
    endloop
  endfacet
  facet normal -0.241925 0 -0.970295
    outer loop
      vertex -40.5202 -52.9094 9.12731
      vertex -37.1165 -51.7591 8.27866
      vertex -37.1165 -53.2409 8.27866
    endloop
  endfacet
  facet normal -0.241925 0 -0.970295
    outer loop
      vertex -37.1165 -51.7591 8.27866
      vertex -40.5202 -52.9094 9.12731
      vertex -40.5202 -52.0906 9.12731
    endloop
  endfacet
  facet normal -0.241923 0 -0.970296
    outer loop
      vertex -43.0678 -52.6097 9.7625
      vertex -40.5202 -52.0906 9.12731
      vertex -40.5202 -52.9094 9.12731
    endloop
  endfacet
  facet normal -0.241923 0 -0.970296
    outer loop
      vertex -40.5202 -52.0906 9.12731
      vertex -43.0678 -52.6097 9.7625
      vertex -43.0678 -52.3903 9.7625
    endloop
  endfacet
  facet normal -0.241939 0 -0.970292
    outer loop
      vertex -43.7039 -52.5279 9.92111
      vertex -43.0678 -52.3903 9.7625
      vertex -43.0678 -52.6097 9.7625
    endloop
  endfacet
  facet normal -0.241939 0 -0.970292
    outer loop
      vertex -43.0678 -52.3903 9.7625
      vertex -43.7039 -52.5279 9.92111
      vertex -43.7039 -52.4721 9.92111
    endloop
  endfacet
  facet normal -0.241854 0 -0.970313
    outer loop
      vertex -43.8099 -52.514 9.94753
      vertex -43.7039 -52.4721 9.92111
      vertex -43.7039 -52.5279 9.92111
    endloop
  endfacet
  facet normal -0.241854 0 -0.970313
    outer loop
      vertex -43.7039 -52.4721 9.92111
      vertex -43.8099 -52.514 9.94753
      vertex -43.8099 -52.486 9.94753
    endloop
  endfacet
  facet normal -0.24201 0 -0.970274
    outer loop
      vertex -43.8629 -52.507 9.96075
      vertex -43.8099 -52.486 9.94753
      vertex -43.8099 -52.514 9.94753
    endloop
  endfacet
  facet normal -0.24201 0 -0.970274
    outer loop
      vertex -43.8099 -52.486 9.94753
      vertex -43.8629 -52.507 9.96075
      vertex -43.8629 -52.493 9.96075
    endloop
  endfacet
  facet normal 0.148914 0.987601 0.0496972
    outer loop
      vertex -17.0074 53.3397 13
      vertex -16.736 53.3695 11.594
      vertex -17.3203 53.4566 11.6148
    endloop
  endfacet
  facet normal 0.14173 0.98857 0.0514018
    outer loop
      vertex -17.0074 53.3397 13
      vertex -17.3203 53.4566 11.6148
      vertex -17.585 53.4225 13
    endloop
  endfacet
  facet normal 0.2701 0.960768 0.0630167
    outer loop
      vertex -15.6919 52.9837 13
      vertex -15.4068 52.9989 11.5464
      vertex -16.736 53.3695 11.594
    endloop
  endfacet
  facet normal 0.260514 0.962877 0.0707142
    outer loop
      vertex -15.6919 52.9837 13
      vertex -16.736 53.3695 11.594
      vertex -17.0074 53.3397 13
    endloop
  endfacet
  facet normal 0.395367 0.914384 0.0871013
    outer loop
      vertex -15.2663 52.9387 11.5414
      vertex -15.4068 52.9989 11.5464
      vertex -15.6919 52.9837 13
    endloop
  endfacet
  facet normal 0.378357 0.92203 0.0819015
    outer loop
      vertex -15.5721 52.9346 13
      vertex -15.2663 52.9387 11.5414
      vertex -15.6919 52.9837 13
    endloop
  endfacet
  facet normal 0.389903 0.916988 0.0843082
    outer loop
      vertex -15.5523 52.9262 13
      vertex -15.2663 52.9387 11.5414
      vertex -15.5721 52.9346 13
    endloop
  endfacet
  facet normal 0.749664 0.645335 0.146786
    outer loop
      vertex -15.1783 52.606 13
      vertex -14.8924 52.6087 11.528
      vertex -15.3408 52.7947 13
    endloop
  endfacet
  facet normal 0.758256 0.634277 0.150801
    outer loop
      vertex -14.8924 52.6087 11.528
      vertex -15.055 52.8017 11.5338
      vertex -15.3408 52.7947 13
    endloop
  endfacet
  facet normal 0.524846 0.844534 0.106295
    outer loop
      vertex -15.3408 52.7947 13
      vertex -15.055 52.8017 11.5338
      vertex -15.5523 52.9262 13
    endloop
  endfacet
  facet normal 0.543404 0.831739 0.113676
    outer loop
      vertex -15.055 52.8017 11.5338
      vertex -15.2663 52.9387 11.5414
      vertex -15.5523 52.9262 13
    endloop
  endfacet
  facet normal 0.946159 0.266353 0.183956
    outer loop
      vertex -14.8616 52.5 11.5269
      vertex -14.8924 52.6087 11.528
      vertex -15.148 52.5 13
    endloop
  endfacet
  facet normal 0.945038 0.270239 0.184048
    outer loop
      vertex -15.148 52.5 13
      vertex -14.8924 52.6087 11.528
      vertex -15.1783 52.606 13
    endloop
  endfacet
  facet normal 0.946107 -0.266335 0.184248
    outer loop
      vertex -14.8924 52.3913 11.528
      vertex -14.8616 52.5 11.5269
      vertex -15.1783 52.394 13
    endloop
  endfacet
  facet normal 0.945092 -0.270255 0.183748
    outer loop
      vertex -14.8616 52.5 11.5269
      vertex -15.148 52.5 13
      vertex -15.1783 52.394 13
    endloop
  endfacet
  facet normal 0.0380609 0.998122 0.0479989
    outer loop
      vertex -19.9763 53.7297 11.7098
      vertex -22.6444 53.8268 11.8053
      vertex -22.8438 53.777 13
    endloop
  endfacet
  facet normal 0 0.999329 -0.0366392
    outer loop
      vertex -22.8218 53.777 13
      vertex -19.9763 53.7297 11.7098
      vertex -22.8438 53.777 13
    endloop
  endfacet
  facet normal 0.0339063 0.998696 0.0381657
    outer loop
      vertex -20.1974 53.6879 13
      vertex -19.9763 53.7297 11.7098
      vertex -22.8218 53.777 13
    endloop
  endfacet
  facet normal 0.100973 0.993927 0.043745
    outer loop
      vertex -17.585 53.4225 13
      vertex -17.3203 53.4566 11.6148
      vertex -20.1974 53.6879 13
    endloop
  endfacet
  facet normal 0.103932 0.993327 0.0499923
    outer loop
      vertex -17.3203 53.4566 11.6148
      vertex -19.9763 53.7297 11.7098
      vertex -20.1974 53.6879 13
    endloop
  endfacet
  facet normal 0.524627 -0.844182 0.110104
    outer loop
      vertex -15.2685 52.06 11.5415
      vertex -15.3408 52.2053 13
      vertex -15.5523 52.0738 13
    endloop
  endfacet
  facet normal 0.542356 -0.832935 0.109862
    outer loop
      vertex -15.2685 52.06 11.5415
      vertex -15.0559 52.1974 11.5339
      vertex -15.3408 52.2053 13
    endloop
  endfacet
  facet normal 0.749404 -0.64511 0.149088
    outer loop
      vertex -15.0559 52.1974 11.5339
      vertex -15.1783 52.394 13
      vertex -15.3408 52.2053 13
    endloop
  endfacet
  facet normal 0.758302 -0.634777 0.148444
    outer loop
      vertex -15.0559 52.1974 11.5339
      vertex -14.8924 52.3913 11.528
      vertex -15.1783 52.394 13
    endloop
  endfacet
  facet normal 0.270403 -0.962341 0.0279701
    outer loop
      vertex -15.2885 51.9942 10.0948
      vertex -15.3894 52.008 11.5458
      vertex -16.7447 51.6286 11.5943
    endloop
  endfacet
  facet normal 0.288183 -0.956437 0.0466772
    outer loop
      vertex -16.6453 51.6071 10.5398
      vertex -15.2885 51.9942 10.0948
      vertex -16.7447 51.6286 11.5943
    endloop
  endfacet
  facet normal 0.261947 -0.964248 -0.0401161
    outer loop
      vertex -15.5328 51.9861 8.69383
      vertex -15.2885 51.9942 10.0948
      vertex -16.6453 51.6071 10.5398
    endloop
  endfacet
  facet normal 0.30506 -0.952261 -0.0116724
    outer loop
      vertex -15.5328 51.9861 8.69383
      vertex -16.6453 51.6071 10.5398
      vertex -16.7341 51.5913 9.5071
    endloop
  endfacet
  facet normal 0.272394 -0.960074 -0.0637168
    outer loop
      vertex -15.5328 51.9861 8.69383
      vertex -16.7341 51.5913 9.5071
      vertex -17.0022 51.5813 8.51092
    endloop
  endfacet
  facet normal 0.277551 -0.95312 -0.120528
    outer loop
      vertex -16.1149 51.984 7.37
      vertex -15.5328 51.9861 8.69383
      vertex -17.0022 51.5813 8.51092
    endloop
  endfacet
  facet normal 0.272208 -0.954082 -0.125023
    outer loop
      vertex -16.1149 51.984 7.37
      vertex -17.0022 51.5813 8.51092
      vertex -17.4528 51.5776 7.5586
    endloop
  endfacet
  facet normal 0.258617 -0.944762 -0.201349
    outer loop
      vertex -16.9532 51.9881 6.27422
      vertex -16.1149 51.984 7.37
      vertex -17.4528 51.5776 7.5586
    endloop
  endfacet
  facet normal 0.259557 -0.944594 -0.200929
    outer loop
      vertex -16.9532 51.9881 6.27422
      vertex -17.4528 51.5776 7.5586
      vertex -18.2555 51.5826 6.49823
    endloop
  endfacet
  facet normal 0.236487 -0.924557 -0.298778
    outer loop
      vertex -17.9924 51.9977 5.42172
      vertex -16.9532 51.9881 6.27422
      vertex -18.2555 51.5826 6.49823
    endloop
  endfacet
  facet normal 0.234682 -0.924839 -0.299328
    outer loop
      vertex -17.9924 51.9977 5.42172
      vertex -18.2555 51.5826 6.49823
      vertex -19.2486 51.598 5.67184
    endloop
  endfacet
  facet normal 0.202865 -0.891293 -0.405516
    outer loop
      vertex -18.907 52.0089 4.93978
      vertex -17.9924 51.9977 5.42172
      vertex -19.2486 51.598 5.67184
    endloop
  endfacet
  facet normal 0.199375 -0.891329 -0.407165
    outer loop
      vertex -18.907 52.0089 4.93978
      vertex -19.2486 51.598 5.67184
      vertex -20.1215 51.6168 5.2033
    endloop
  endfacet
  facet normal 0.157292 -0.838237 -0.522128
    outer loop
      vertex -19.8409 52.0221 4.63717
      vertex -18.907 52.0089 4.93978
      vertex -20.1215 51.6168 5.2033
    endloop
  endfacet
  facet normal 0.15247 -0.837822 -0.524221
    outer loop
      vertex -19.8409 52.0221 4.63717
      vertex -20.1215 51.6168 5.2033
      vertex -21.012 51.6398 4.90762
    endloop
  endfacet
  facet normal 0.0541587 -0.681875 -0.729461
    outer loop
      vertex -19.8409 52.0221 4.63717
      vertex -21.012 51.6398 4.90762
      vertex -21.4717 52.0492 4.49076
    endloop
  endfacet
  facet normal 0.047895 -0.685698 -0.726309
    outer loop
      vertex -21.4717 52.0492 4.49076
      vertex -21.012 51.6398 4.90762
      vertex -22.5656 51.6877 4.75993
    endloop
  endfacet
  facet normal -0.146665 -0.265657 -0.952846
    outer loop
      vertex -21.4717 52.0492 4.49076
      vertex -22.5656 51.6877 4.75993
      vertex -22.5913 52.0706 4.65713
    endloop
  endfacet
  facet normal -0.149415 -0.265722 -0.952401
    outer loop
      vertex -22.5913 52.0706 4.65713
      vertex -22.5656 51.6877 4.75993
      vertex -23.631 51.726 4.91637
    endloop
  endfacet
  facet normal 0.395669 -0.917728 0.0349498
    outer loop
      vertex -15.167 52.0483 10.0862
      vertex -15.2685 52.06 11.5415
      vertex -15.3894 52.008 11.5458
    endloop
  endfacet
  facet normal 0.408812 -0.911864 0.0371141
    outer loop
      vertex -15.2885 51.9942 10.0948
      vertex -15.167 52.0483 10.0862
      vertex -15.3894 52.008 11.5458
    endloop
  endfacet
  facet normal 0.402078 -0.91323 -0.0659131
    outer loop
      vertex -15.167 52.0483 10.0862
      vertex -15.2885 51.9942 10.0948
      vertex -15.4122 52.0418 8.68102
    endloop
  endfacet
  facet normal 0.412274 -0.908619 -0.06665
    outer loop
      vertex -15.4122 52.0418 8.68102
      vertex -15.2885 51.9942 10.0948
      vertex -15.5328 51.9861 8.69383
    endloop
  endfacet
  facet normal 0.397348 -0.901004 -0.174085
    outer loop
      vertex -15.4122 52.0418 8.68102
      vertex -15.5328 51.9861 8.69383
      vertex -15.9967 52.0405 7.35334
    endloop
  endfacet
  facet normal 0.404283 -0.897474 -0.176342
    outer loop
      vertex -15.9967 52.0405 7.35334
      vertex -15.5328 51.9861 8.69383
      vertex -16.1149 51.984 7.37
    endloop
  endfacet
  facet normal 0.378461 -0.877935 -0.293252
    outer loop
      vertex -15.9967 52.0405 7.35334
      vertex -16.1149 51.984 7.37
      vertex -16.8385 52.0447 6.25448
    endloop
  endfacet
  facet normal 0.3816 -0.875929 -0.295178
    outer loop
      vertex -16.8385 52.0447 6.25448
      vertex -16.1149 51.984 7.37
      vertex -16.9532 51.9881 6.27422
    endloop
  endfacet
  facet normal 0.340831 -0.838591 -0.42497
    outer loop
      vertex -16.8385 52.0447 6.25448
      vertex -16.9532 51.9881 6.27422
      vertex -17.882 52.0537 5.39974
    endloop
  endfacet
  facet normal 0.340702 -0.838708 -0.424842
    outer loop
      vertex -17.882 52.0537 5.39974
      vertex -16.9532 51.9881 6.27422
      vertex -17.9924 51.9977 5.42172
    endloop
  endfacet
  facet normal 0.284533 -0.779977 -0.557383
    outer loop
      vertex -17.882 52.0537 5.39974
      vertex -17.9924 51.9977 5.42172
      vertex -18.8005 52.0639 4.91666
    endloop
  endfacet
  facet normal 0.283292 -0.781684 -0.555622
    outer loop
      vertex -18.8005 52.0639 4.91666
      vertex -17.9924 51.9977 5.42172
      vertex -18.907 52.0089 4.93978
    endloop
  endfacet
  facet normal 0.212207 -0.698015 -0.683918
    outer loop
      vertex -18.8005 52.0639 4.91666
      vertex -18.907 52.0089 4.93978
      vertex -19.7383 52.0759 4.61346
    endloop
  endfacet
  facet normal 0.210514 -0.701943 -0.680411
    outer loop
      vertex -19.7383 52.0759 4.61346
      vertex -18.907 52.0089 4.93978
      vertex -19.8409 52.0221 4.63717
    endloop
  endfacet
  facet normal 0.0690171 -0.509947 -0.857433
    outer loop
      vertex -19.7383 52.0759 4.61346
      vertex -19.8409 52.0221 4.63717
      vertex -21.376 52.1001 4.46721
    endloop
  endfacet
  facet normal 0.0677362 -0.520933 -0.850906
    outer loop
      vertex -21.376 52.1001 4.46721
      vertex -19.8409 52.0221 4.63717
      vertex -21.4717 52.0492 4.49076
    endloop
  endfacet
  facet normal -0.147779 -0.172681 -0.973829
    outer loop
      vertex -21.376 52.1001 4.46721
      vertex -21.4717 52.0492 4.49076
      vertex -22.5003 52.1191 4.63445
    endloop
  endfacet
  facet normal -0.147969 -0.1772 -0.972988
    outer loop
      vertex -22.5003 52.1191 4.63445
      vertex -21.4717 52.0492 4.49076
      vertex -22.5913 52.0706 4.65713
    endloop
  endfacet
  facet normal 0.543457 -0.83825 0.0446203
    outer loop
      vertex -15.167 52.0483 10.0862
      vertex -15.0559 52.1974 11.5339
      vertex -15.2685 52.06 11.5415
    endloop
  endfacet
  facet normal 0.764271 -0.642664 0.0536007
    outer loop
      vertex -14.7912 52.3892 10.0594
      vertex -14.8924 52.3913 11.528
      vertex -15.0559 52.1974 11.5339
    endloop
  endfacet
  facet normal 0.672635 -0.739568 0.024544
    outer loop
      vertex -14.7912 52.3892 10.0594
      vertex -15.0559 52.1974 11.5339
      vertex -15.167 52.0483 10.0862
    endloop
  endfacet
  facet normal 0.662749 -0.739741 -0.116392
    outer loop
      vertex -15.0412 52.3883 8.64159
      vertex -14.7912 52.3892 10.0594
      vertex -15.167 52.0483 10.0862
    endloop
  endfacet
  facet normal 0.671683 -0.732046 -0.113802
    outer loop
      vertex -15.0412 52.3883 8.64159
      vertex -15.167 52.0483 10.0862
      vertex -15.4122 52.0418 8.68102
    endloop
  endfacet
  facet normal 0.63841 -0.715699 -0.28321
    outer loop
      vertex -15.0412 52.3883 8.64159
      vertex -15.4122 52.0418 8.68102
      vertex -15.6349 52.3887 7.30234
    endloop
  endfacet
  facet normal 0.644063 -0.710749 -0.282877
    outer loop
      vertex -15.6349 52.3887 7.30234
      vertex -15.4122 52.0418 8.68102
      vertex -15.9967 52.0405 7.35334
    endloop
  endfacet
  facet normal 0.584738 -0.673829 -0.451704
    outer loop
      vertex -15.6349 52.3887 7.30234
      vertex -15.9967 52.0405 7.35334
      vertex -16.489 52.3903 6.19435
    endloop
  endfacet
  facet normal 0.586655 -0.671986 -0.451962
    outer loop
      vertex -16.489 52.3903 6.19435
      vertex -15.9967 52.0405 7.35334
      vertex -16.8385 52.0447 6.25448
    endloop
  endfacet
  facet normal 0.498683 -0.611297 -0.614517
    outer loop
      vertex -16.489 52.3903 6.19435
      vertex -16.8385 52.0447 6.25448
      vertex -17.5471 52.3929 5.33305
    endloop
  endfacet
  facet normal 0.497812 -0.612299 -0.614225
    outer loop
      vertex -17.5471 52.3929 5.33305
      vertex -16.8385 52.0447 6.25448
      vertex -17.882 52.0537 5.39974
    endloop
  endfacet
  facet normal 0.390508 -0.533145 -0.750507
    outer loop
      vertex -17.5471 52.3929 5.33305
      vertex -17.882 52.0537 5.39974
      vertex -18.4781 52.3956 4.84669
    endloop
  endfacet
  facet normal 0.388441 -0.535626 -0.749813
    outer loop
      vertex -18.4781 52.3956 4.84669
      vertex -17.882 52.0537 5.39974
      vertex -18.8005 52.0639 4.91666
    endloop
  endfacet
  facet normal 0.272259 -0.444563 -0.853369
    outer loop
      vertex -18.4781 52.3956 4.84669
      vertex -18.8005 52.0639 4.91666
      vertex -19.4284 52.3987 4.5419
    endloop
  endfacet
  facet normal 0.26986 -0.447939 -0.852365
    outer loop
      vertex -19.4284 52.3987 4.5419
      vertex -18.8005 52.0639 4.91666
      vertex -19.7383 52.0759 4.61346
    endloop
  endfacet
  facet normal 0.0826341 -0.290597 -0.953271
    outer loop
      vertex -19.4284 52.3987 4.5419
      vertex -19.7383 52.0759 4.61346
      vertex -21.0876 52.4047 4.39624
    endloop
  endfacet
  facet normal 0.0805329 -0.297855 -0.951208
    outer loop
      vertex -21.0876 52.4047 4.39624
      vertex -19.7383 52.0759 4.61346
      vertex -21.376 52.1001 4.46721
    endloop
  endfacet
  facet normal -0.147323 -0.0900035 -0.984985
    outer loop
      vertex -21.0876 52.4047 4.39624
      vertex -21.376 52.1001 4.46721
      vertex -22.2264 52.4093 4.56615
    endloop
  endfacet
  facet normal -0.14803 -0.0920427 -0.98469
    outer loop
      vertex -22.2264 52.4093 4.56615
      vertex -21.376 52.1001 4.46721
      vertex -22.5003 52.1191 4.63445
    endloop
  endfacet
  facet normal 0.960153 -0.271511 0.0662429
    outer loop
      vertex -14.7602 52.5 10.0572
      vertex -14.8616 52.5 11.5269
      vertex -14.8924 52.3913 11.528
    endloop
  endfacet
  facet normal 0.961216 -0.267628 0.0666253
    outer loop
      vertex -14.7912 52.3892 10.0594
      vertex -14.7602 52.5 10.0572
      vertex -14.8924 52.3913 11.528
    endloop
  endfacet
  facet normal 0.948573 -0.268756 -0.167269
    outer loop
      vertex -14.7602 52.5 10.0572
      vertex -14.7912 52.3892 10.0594
      vertex -15.0104 52.5 8.63832
    endloop
  endfacet
  facet normal 0.949182 -0.266641 -0.167198
    outer loop
      vertex -15.0104 52.5 8.63832
      vertex -14.7912 52.3892 10.0594
      vertex -15.0412 52.3883 8.64159
    endloop
  endfacet
  facet normal 0.883908 -0.255218 -0.391881
    outer loop
      vertex -15.0104 52.5 8.63832
      vertex -15.0412 52.3883 8.64159
      vertex -15.6046 52.5 7.29807
    endloop
  endfacet
  facet normal 0.883807 -0.255584 -0.391869
    outer loop
      vertex -15.6046 52.5 7.29807
      vertex -15.0412 52.3883 8.64159
      vertex -15.6349 52.3887 7.30234
    endloop
  endfacet
  facet normal 0.770249 -0.232424 -0.593882
    outer loop
      vertex -15.6046 52.5 7.29807
      vertex -15.6349 52.3887 7.30234
      vertex -16.4595 52.5 6.18929
    endloop
  endfacet
  facet normal 0.769798 -0.234287 -0.593735
    outer loop
      vertex -16.4595 52.5 6.18929
      vertex -15.6349 52.3887 7.30234
      vertex -16.489 52.3903 6.19435
    endloop
  endfacet
  facet normal 0.618253 -0.20121 -0.759788
    outer loop
      vertex -16.4595 52.5 6.18929
      vertex -16.489 52.3903 6.19435
      vertex -17.5187 52.5 5.3274
    endloop
  endfacet
  facet normal 0.617725 -0.203896 -0.759501
    outer loop
      vertex -17.5187 52.5 5.3274
      vertex -16.489 52.3903 6.19435
      vertex -17.5471 52.3929 5.33305
    endloop
  endfacet
  facet normal 0.456354 -0.167139 -0.87396
    outer loop
      vertex -17.5187 52.5 5.3274
      vertex -17.5471 52.3929 5.33305
      vertex -18.4507 52.5 4.84074
    endloop
  endfacet
  facet normal 0.455939 -0.169522 -0.873717
    outer loop
      vertex -18.4507 52.5 4.84074
      vertex -17.5471 52.3929 5.33305
      vertex -18.4781 52.3956 4.84669
    endloop
  endfacet
  facet normal 0.302558 -0.133245 -0.943771
    outer loop
      vertex -18.4507 52.5 4.84074
      vertex -18.4781 52.3956 4.84669
      vertex -19.4019 52.5 4.5358
    endloop
  endfacet
  facet normal 0.302174 -0.135885 -0.943518
    outer loop
      vertex -19.4019 52.5 4.5358
      vertex -18.4781 52.3956 4.84669
      vertex -19.4284 52.3987 4.5419
    endloop
  endfacet
  facet normal 0.0870381 -0.0825635 -0.992778
    outer loop
      vertex -19.4019 52.5 4.5358
      vertex -19.4284 52.3987 4.5419
      vertex -21.063 52.5 4.39017
    endloop
  endfacet
  facet normal 0.0868236 -0.0856609 -0.992534
    outer loop
      vertex -21.063 52.5 4.39017
      vertex -19.4284 52.3987 4.5419
      vertex -21.0876 52.4047 4.39624
    endloop
  endfacet
  facet normal -0.14757 -0.024892 -0.988738
    outer loop
      vertex -21.063 52.5 4.39017
      vertex -21.0876 52.4047 4.39624
      vertex -22.2029 52.5 4.5603
    endloop
  endfacet
  facet normal -0.14762 -0.0255259 -0.988715
    outer loop
      vertex -22.2029 52.5 4.5603
      vertex -21.0876 52.4047 4.39624
      vertex -22.2264 52.4093 4.56615
    endloop
  endfacet
  facet normal 0.960134 0.271503 0.0665564
    outer loop
      vertex -14.8616 52.5 11.5269
      vertex -14.7912 52.6108 10.0594
      vertex -14.8924 52.6087 11.528
    endloop
  endfacet
  facet normal 0.961234 0.26764 0.0663175
    outer loop
      vertex -14.7602 52.5 10.0572
      vertex -14.7912 52.6108 10.0594
      vertex -14.8616 52.5 11.5269
    endloop
  endfacet
  facet normal 0.948603 0.26876 -0.167095
    outer loop
      vertex -14.7912 52.6108 10.0594
      vertex -14.7602 52.5 10.0572
      vertex -15.0412 52.6117 8.64159
    endloop
  endfacet
  facet normal 0.949153 0.266638 -0.167371
    outer loop
      vertex -14.7602 52.5 10.0572
      vertex -15.0104 52.5 8.63832
      vertex -15.0412 52.6117 8.64159
    endloop
  endfacet
  facet normal 0.883896 0.255215 -0.391908
    outer loop
      vertex -15.0412 52.6117 8.64159
      vertex -15.0104 52.5 8.63832
      vertex -15.6349 52.6113 7.30234
    endloop
  endfacet
  facet normal 0.883819 0.255586 -0.391841
    outer loop
      vertex -15.0104 52.5 8.63832
      vertex -15.6046 52.5 7.29807
      vertex -15.6349 52.6113 7.30234
    endloop
  endfacet
  facet normal 0.770157 0.232404 -0.594009
    outer loop
      vertex -15.6349 52.6113 7.30234
      vertex -15.6046 52.5 7.29807
      vertex -16.489 52.6097 6.19435
    endloop
  endfacet
  facet normal 0.769891 0.234306 -0.593606
    outer loop
      vertex -15.6046 52.5 7.29807
      vertex -16.4595 52.5 6.18929
      vertex -16.489 52.6097 6.19435
    endloop
  endfacet
  facet normal 0.618085 0.201172 -0.759935
    outer loop
      vertex -16.489 52.6097 6.19435
      vertex -16.4595 52.5 6.18929
      vertex -17.5471 52.6071 5.33305
    endloop
  endfacet
  facet normal 0.617897 0.203934 -0.759351
    outer loop
      vertex -16.4595 52.5 6.18929
      vertex -17.5187 52.5 5.3274
      vertex -17.5471 52.6071 5.33305
    endloop
  endfacet
  facet normal 0.456137 0.167088 -0.874083
    outer loop
      vertex -17.5471 52.6071 5.33305
      vertex -17.5187 52.5 5.3274
      vertex -18.4781 52.6044 4.84669
    endloop
  endfacet
  facet normal 0.456161 0.169579 -0.87359
    outer loop
      vertex -17.5187 52.5 5.3274
      vertex -18.4507 52.5 4.84074
      vertex -18.4781 52.6044 4.84669
    endloop
  endfacet
  facet normal 0.302294 0.133186 -0.943864
    outer loop
      vertex -18.4781 52.6044 4.84669
      vertex -18.4507 52.5 4.84074
      vertex -19.4284 52.6013 4.5419
    endloop
  endfacet
  facet normal 0.302445 0.13595 -0.943422
    outer loop
      vertex -18.4507 52.5 4.84074
      vertex -19.4019 52.5 4.5358
      vertex -19.4284 52.6013 4.5419
    endloop
  endfacet
  facet normal 0.0868581 0.0825176 -0.992797
    outer loop
      vertex -19.4284 52.6013 4.5419
      vertex -19.4019 52.5 4.5358
      vertex -21.0876 52.5953 4.39624
    endloop
  endfacet
  facet normal 0.0870149 0.085709 -0.992513
    outer loop
      vertex -19.4019 52.5 4.5358
      vertex -21.063 52.5 4.39017
      vertex -21.0876 52.5953 4.39624
    endloop
  endfacet
  facet normal -0.14762 0.0248785 -0.988731
    outer loop
      vertex -21.0876 52.5953 4.39624
      vertex -21.063 52.5 4.39017
      vertex -22.2264 52.5907 4.56615
    endloop
  endfacet
  facet normal -0.147567 0.0255401 -0.988722
    outer loop
      vertex -21.063 52.5 4.39017
      vertex -22.2029 52.5 4.5603
      vertex -22.2264 52.5907 4.56615
    endloop
  endfacet
  facet normal 0.764464 0.642433 0.0536137
    outer loop
      vertex -14.8924 52.6087 11.528
      vertex -14.7912 52.6108 10.0594
      vertex -15.055 52.8017 11.5338
    endloop
  endfacet
  facet normal 0.544652 0.837468 0.0447257
    outer loop
      vertex -15.055 52.8017 11.5338
      vertex -15.1626 52.949 10.0859
      vertex -15.2663 52.9387 11.5414
    endloop
  endfacet
  facet normal 0.674017 0.738292 0.0250228
    outer loop
      vertex -15.055 52.8017 11.5338
      vertex -14.7912 52.6108 10.0594
      vertex -15.1626 52.949 10.0859
    endloop
  endfacet
  facet normal 0.664618 0.738711 -0.112203
    outer loop
      vertex -15.1626 52.949 10.0859
      vertex -14.7912 52.6108 10.0594
      vertex -15.4057 52.9542 8.68033
    endloop
  endfacet
  facet normal 0.673262 0.729887 -0.118252
    outer loop
      vertex -14.7912 52.6108 10.0594
      vertex -15.0412 52.6117 8.64159
      vertex -15.4057 52.9542 8.68033
    endloop
  endfacet
  facet normal 0.641096 0.714086 -0.281208
    outer loop
      vertex -15.4057 52.9542 8.68033
      vertex -15.0412 52.6117 8.64159
      vertex -15.9883 52.9542 7.35215
    endloop
  endfacet
  facet normal 0.646024 0.707477 -0.286583
    outer loop
      vertex -15.0412 52.6117 8.64159
      vertex -15.6349 52.6113 7.30234
      vertex -15.9883 52.9542 7.35215
    endloop
  endfacet
  facet normal 0.587471 0.671174 -0.452109
    outer loop
      vertex -15.9883 52.9542 7.35215
      vertex -15.6349 52.6113 7.30234
      vertex -16.8285 52.9491 6.25276
    endloop
  endfacet
  facet normal 0.589091 0.667757 -0.455051
    outer loop
      vertex -15.6349 52.6113 7.30234
      vertex -16.489 52.6097 6.19435
      vertex -16.8285 52.9491 6.25276
    endloop
  endfacet
  facet normal 0.5006 0.607113 -0.617101
    outer loop
      vertex -16.8285 52.9491 6.25276
      vertex -16.489 52.6097 6.19435
      vertex -17.8709 52.9393 5.39753
    endloop
  endfacet
  facet normal 0.500497 0.607571 -0.616734
    outer loop
      vertex -16.489 52.6097 6.19435
      vertex -17.5471 52.6071 5.33305
      vertex -17.8709 52.9393 5.39753
    endloop
  endfacet
  facet normal 0.391097 0.527599 -0.75411
    outer loop
      vertex -17.8709 52.9393 5.39753
      vertex -17.5471 52.6071 5.33305
      vertex -18.7888 52.9288 4.91413
    endloop
  endfacet
  facet normal 0.391159 0.530918 -0.751745
    outer loop
      vertex -17.5471 52.6071 5.33305
      vertex -18.4781 52.6044 4.84669
      vertex -18.7888 52.9288 4.91413
    endloop
  endfacet
  facet normal 0.271615 0.438267 -0.856824
    outer loop
      vertex -18.7888 52.9288 4.91413
      vertex -18.4781 52.6044 4.84669
      vertex -19.7263 52.9166 4.61072
    endloop
  endfacet
  facet normal 0.272396 0.443691 -0.853779
    outer loop
      vertex -18.4781 52.6044 4.84669
      vertex -19.4284 52.6013 4.5419
      vertex -19.7263 52.9166 4.61072
    endloop
  endfacet
  facet normal 0.0811588 0.28512 -0.95505
    outer loop
      vertex -19.7263 52.9166 4.61072
      vertex -19.4284 52.6013 4.5419
      vertex -21.3642 52.8924 4.4643
    endloop
  endfacet
  facet normal 0.0825038 0.294888 -0.951963
    outer loop
      vertex -19.4284 52.6013 4.5419
      vertex -21.0876 52.5953 4.39624
      vertex -21.3642 52.8924 4.4643
    endloop
  endfacet
  facet normal -0.148004 0.0878706 -0.985075
    outer loop
      vertex -21.3642 52.8924 4.4643
      vertex -21.0876 52.5953 4.39624
      vertex -22.4889 52.8736 4.63161
    endloop
  endfacet
  facet normal -0.147312 0.0911859 -0.984878
    outer loop
      vertex -21.0876 52.5953 4.39624
      vertex -22.2264 52.5907 4.56615
      vertex -22.4889 52.8736 4.63161
    endloop
  endfacet
  facet normal 0.395075 0.917931 0.0363225
    outer loop
      vertex -15.2663 52.9387 11.5414
      vertex -15.3029 53.0116 10.0959
      vertex -15.4068 52.9989 11.5464
    endloop
  endfacet
  facet normal 0.409651 0.911546 0.0356313
    outer loop
      vertex -15.2663 52.9387 11.5414
      vertex -15.1626 52.949 10.0859
      vertex -15.3029 53.0116 10.0959
    endloop
  endfacet
  facet normal 0.403069 0.912861 -0.0649629
    outer loop
      vertex -15.3029 53.0116 10.0959
      vertex -15.1626 52.949 10.0859
      vertex -15.5443 53.0185 8.69505
    endloop
  endfacet
  facet normal 0.414058 0.907689 -0.0682373
    outer loop
      vertex -15.1626 52.949 10.0859
      vertex -15.4057 52.9542 8.68033
      vertex -15.5443 53.0185 8.69505
    endloop
  endfacet
  facet normal 0.399314 0.900139 -0.174063
    outer loop
      vertex -15.5443 53.0185 8.69505
      vertex -15.4057 52.9542 8.68033
      vertex -16.1234 53.0194 7.3712
    endloop
  endfacet
  facet normal 0.407214 0.895697 -0.178615
    outer loop
      vertex -15.4057 52.9542 8.68033
      vertex -15.9883 52.9542 7.35215
      vertex -16.1234 53.0194 7.3712
    endloop
  endfacet
  facet normal 0.381378 0.876133 -0.294858
    outer loop
      vertex -16.1234 53.0194 7.3712
      vertex -15.9883 52.9542 7.35215
      vertex -16.959 53.0143 6.27522
    endloop
  endfacet
  facet normal 0.385232 0.873211 -0.298495
    outer loop
      vertex -15.9883 52.9542 7.35215
      vertex -16.8285 52.9491 6.25276
      vertex -16.959 53.0143 6.27522
    endloop
  endfacet
  facet normal 0.343947 0.835441 -0.428648
    outer loop
      vertex -16.959 53.0143 6.27522
      vertex -16.8285 52.9491 6.25276
      vertex -17.9961 53.0037 5.42245
    endloop
  endfacet
  facet normal 0.344406 0.834902 -0.429329
    outer loop
      vertex -16.8285 52.9491 6.25276
      vertex -17.8709 52.9393 5.39753
      vertex -17.9961 53.0037 5.42245
    endloop
  endfacet
  facet normal 0.287161 0.775243 -0.562616
    outer loop
      vertex -17.9961 53.0037 5.42245
      vertex -17.8709 52.9393 5.39753
      vertex -18.9093 52.9921 4.94027
    endloop
  endfacet
  facet normal 0.286454 0.776797 -0.56083
    outer loop
      vertex -17.8709 52.9393 5.39753
      vertex -18.7888 52.9288 4.91413
      vertex -18.9093 52.9921 4.94027
    endloop
  endfacet
  facet normal 0.213795 0.691741 -0.689773
    outer loop
      vertex -18.9093 52.9921 4.94027
      vertex -18.7888 52.9288 4.91413
      vertex -19.8421 52.9784 4.63745
    endloop
  endfacet
  facet normal 0.212995 0.695711 -0.686017
    outer loop
      vertex -18.7888 52.9288 4.91413
      vertex -19.7263 52.9166 4.61072
      vertex -19.8421 52.9784 4.63745
    endloop
  endfacet
  facet normal 0.0690708 0.502176 -0.862002
    outer loop
      vertex -19.8421 52.9784 4.63745
      vertex -19.7263 52.9166 4.61072
      vertex -21.472 52.9509 4.49081
    endloop
  endfacet
  facet normal 0.0688203 0.514157 -0.854931
    outer loop
      vertex -19.7263 52.9166 4.61072
      vertex -21.3642 52.8924 4.4643
      vertex -21.472 52.9509 4.49081
    endloop
  endfacet
  facet normal -0.148037 0.168778 -0.974474
    outer loop
      vertex -21.472 52.9509 4.49081
      vertex -21.3642 52.8924 4.4643
      vertex -22.5913 52.9294 4.65713
    endloop
  endfacet
  facet normal -0.147729 0.174235 -0.97356
    outer loop
      vertex -21.3642 52.8924 4.4643
      vertex -22.4889 52.8736 4.63161
      vertex -22.5913 52.9294 4.65713
    endloop
  endfacet
  facet normal 0.269772 0.961855 0.0453724
    outer loop
      vertex -15.4068 52.9989 11.5464
      vertex -16.6301 53.3896 10.5389
      vertex -16.736 53.3695 11.594
    endloop
  endfacet
  facet normal 0.282596 0.958812 0.0286233
    outer loop
      vertex -15.4068 52.9989 11.5464
      vertex -15.3029 53.0116 10.0959
      vertex -16.6301 53.3896 10.5389
    endloop
  endfacet
  facet normal 0.271326 0.962452 -0.00824883
    outer loop
      vertex -16.6301 53.3896 10.5389
      vertex -15.3029 53.0116 10.0959
      vertex -16.7125 53.4039 9.50518
    endloop
  endfacet
  facet normal 0.285093 0.95747 -0.0444127
    outer loop
      vertex -15.3029 53.0116 10.0959
      vertex -15.5443 53.0185 8.69505
      vertex -16.7125 53.4039 9.50518
    endloop
  endfacet
  facet normal 0.272776 0.959988 -0.0633714
    outer loop
      vertex -16.7125 53.4039 9.50518
      vertex -15.5443 53.0185 8.69505
      vertex -16.9745 53.4125 8.50774
    endloop
  endfacet
  facet normal 0.278935 0.951789 -0.127641
    outer loop
      vertex -16.9745 53.4125 8.50774
      vertex -15.5443 53.0185 8.69505
      vertex -17.4195 53.415 7.55391
    endloop
  endfacet
  facet normal 0.274418 0.95417 -0.119392
    outer loop
      vertex -15.5443 53.0185 8.69505
      vertex -16.1234 53.0194 7.3712
      vertex -17.4195 53.415 7.55391
    endloop
  endfacet
  facet normal 0.260025 0.94453 -0.200624
    outer loop
      vertex -17.4195 53.415 7.55391
      vertex -16.1234 53.0194 7.3712
      vertex -18.2161 53.4087 6.49146
    endloop
  endfacet
  facet normal 0.261038 0.943652 -0.203422
    outer loop
      vertex -16.1234 53.0194 7.3712
      vertex -16.959 53.0143 6.27522
      vertex -18.2161 53.4087 6.49146
    endloop
  endfacet
  facet normal 0.237658 0.923197 -0.302037
    outer loop
      vertex -18.2161 53.4087 6.49146
      vertex -16.959 53.0143 6.27522
      vertex -19.2048 53.3922 5.66313
    endloop
  endfacet
  facet normal 0.237223 0.923988 -0.299952
    outer loop
      vertex -16.959 53.0143 6.27522
      vertex -17.9961 53.0037 5.42245
      vertex -19.2048 53.3922 5.66313
    endloop
  endfacet
  facet normal 0.203102 0.887824 -0.412939
    outer loop
      vertex -19.2048 53.3922 5.66313
      vertex -17.9961 53.0037 5.42245
      vertex -20.0756 53.3729 5.19334
    endloop
  endfacet
  facet normal 0.202908 0.891129 -0.405854
    outer loop
      vertex -17.9961 53.0037 5.42245
      vertex -18.9093 52.9921 4.94027
      vertex -20.0756 53.3729 5.19334
    endloop
  endfacet
  facet normal 0.155958 0.831725 -0.532833
    outer loop
      vertex -20.0756 53.3729 5.19334
      vertex -18.9093 52.9921 4.94027
      vertex -20.965 53.3497 4.89677
    endloop
  endfacet
  facet normal 0.156948 0.838818 -0.521298
    outer loop
      vertex -18.9093 52.9921 4.94027
      vertex -19.8421 52.9784 4.63745
      vertex -20.965 53.3497 4.89677
    endloop
  endfacet
  facet normal 0.0501238 0.669354 -0.741251
    outer loop
      vertex -20.965 53.3497 4.89677
      vertex -19.8421 52.9784 4.63745
      vertex -22.519 53.3018 4.74846
    endloop
  endfacet
  facet normal 0.0533408 0.689488 -0.72233
    outer loop
      vertex -19.8421 52.9784 4.63745
      vertex -21.472 52.9509 4.49081
      vertex -22.519 53.3018 4.74846
    endloop
  endfacet
  facet normal -0.149363 0.255654 -0.955161
    outer loop
      vertex -22.519 53.3018 4.74846
      vertex -21.472 52.9509 4.49081
      vertex -23.5862 53.2638 4.90518
    endloop
  endfacet
  facet normal -0.14659 0.269798 -0.951693
    outer loop
      vertex -21.472 52.9509 4.49081
      vertex -22.5913 52.9294 4.65713
      vertex -23.5862 53.2638 4.90518
    endloop
  endfacet
  facet normal 0.14854 0.988228 0.0366284
    outer loop
      vertex -16.736 53.3695 11.594
      vertex -17.2173 53.4796 10.5755
      vertex -17.3203 53.4566 11.6148
    endloop
  endfacet
  facet normal 0.153535 0.987551 0.0341945
    outer loop
      vertex -16.736 53.3695 11.594
      vertex -16.6301 53.3896 10.5389
      vertex -17.2173 53.4796 10.5755
    endloop
  endfacet
  facet normal 0.15179 0.988404 0.00415112
    outer loop
      vertex -17.2173 53.4796 10.5755
      vertex -16.6301 53.3896 10.5389
      vertex -17.2985 53.4963 9.55724
    endloop
  endfacet
  facet normal 0.155867 0.987777 0.00130695
    outer loop
      vertex -16.6301 53.3896 10.5389
      vertex -16.7125 53.4039 9.50518
      vertex -17.2985 53.4963 9.55724
    endloop
  endfacet
  facet normal 0.15312 0.987764 -0.0295912
    outer loop
      vertex -17.2985 53.4963 9.55724
      vertex -16.7125 53.4039 9.50518
      vertex -17.5554 53.5067 8.57451
    endloop
  endfacet
  facet normal 0.156308 0.987172 -0.0325442
    outer loop
      vertex -16.7125 53.4039 9.50518
      vertex -16.9745 53.4125 8.50774
      vertex -17.5554 53.5067 8.57451
    endloop
  endfacet
  facet normal 0.152199 0.986092 -0.0667759
    outer loop
      vertex -17.5554 53.5067 8.57451
      vertex -16.9745 53.4125 8.50774
      vertex -17.9912 53.5103 7.63451
    endloop
  endfacet
  facet normal 0.154475 0.98555 -0.0694871
    outer loop
      vertex -16.9745 53.4125 8.50774
      vertex -17.4195 53.415 7.55391
      vertex -17.9912 53.5103 7.63451
    endloop
  endfacet
  facet normal 0.14745 0.982305 -0.115477
    outer loop
      vertex -17.9912 53.5103 7.63451
      vertex -17.4195 53.415 7.55391
      vertex -18.7713 53.5043 6.58695
    endloop
  endfacet
  facet normal 0.148874 0.981849 -0.11751
    outer loop
      vertex -17.4195 53.415 7.55391
      vertex -18.2161 53.4087 6.49146
      vertex -18.7713 53.5043 6.58695
    endloop
  endfacet
  facet normal 0.136359 0.973764 -0.182181
    outer loop
      vertex -18.7713 53.5043 6.58695
      vertex -18.2161 53.4087 6.49146
      vertex -19.7391 53.4869 5.76951
    endloop
  endfacet
  facet normal 0.13631 0.973791 -0.182074
    outer loop
      vertex -18.2161 53.4087 6.49146
      vertex -19.2048 53.3922 5.66313
      vertex -19.7391 53.4869 5.76951
    endloop
  endfacet
  facet normal 0.1181 0.958403 -0.259838
    outer loop
      vertex -19.7391 53.4869 5.76951
      vertex -19.2048 53.3922 5.66313
      vertex -20.5914 53.466 5.30526
    endloop
  endfacet
  facet normal 0.117431 0.959231 -0.257073
    outer loop
      vertex -19.2048 53.3922 5.66313
      vertex -20.0756 53.3729 5.19334
      vertex -20.5914 53.466 5.30526
    endloop
  endfacet
  facet normal 0.0917629 0.93141 -0.352214
    outer loop
      vertex -20.5914 53.466 5.30526
      vertex -20.0756 53.3729 5.19334
      vertex -21.4618 53.4407 5.01151
    endloop
  endfacet
  facet normal 0.0910996 0.933687 -0.346307
    outer loop
      vertex -20.0756 53.3729 5.19334
      vertex -20.965 53.3497 4.89677
      vertex -21.4618 53.4407 5.01151
    endloop
  endfacet
  facet normal 0.0252414 0.833486 -0.551963
    outer loop
      vertex -21.4618 53.4407 5.01151
      vertex -20.965 53.3497 4.89677
      vertex -22.9825 53.3881 4.86251
    endloop
  endfacet
  facet normal 0.0251678 0.8438 -0.536068
    outer loop
      vertex -20.965 53.3497 4.89677
      vertex -22.519 53.3018 4.74846
      vertex -22.9825 53.3881 4.86251
    endloop
  endfacet
  facet normal -0.13573 0.442557 -0.886409
    outer loop
      vertex -22.9825 53.3881 4.86251
      vertex -22.519 53.3018 4.74846
      vertex -23.8962 53.3516 4.98421
    endloop
  endfacet
  facet normal -0.148823 0.317554 -0.936489
    outer loop
      vertex -22.519 53.3018 4.74846
      vertex -23.5862 53.2638 4.90518
      vertex -23.8962 53.3516 4.98421
    endloop
  endfacet
  facet normal -0.231684 0.056154 -0.971169
    outer loop
      vertex -23.8962 53.3516 4.98421
      vertex -23.5862 53.2638 4.90518
      vertex -24.0266 53.3461 5.015
    endloop
  endfacet
  facet normal 0.0181194 0.991575 -0.12826
    outer loop
      vertex -24.6247 53.8799 6.74229
      vertex -22.9451 53.7294 5.81599
      vertex -26.0081 53.8171 6.06143
    endloop
  endfacet
  facet normal -0.14567 0.684979 -0.713852
    outer loop
      vertex -27.2251 53.7442 5.90648
      vertex -25.3477 53.615 5.39941
      vertex -28.0586 53.6856 6.02028
    endloop
  endfacet
  facet normal -0.232665 0.101038 -0.967294
    outer loop
      vertex -23.8962 53.3516 4.98421
      vertex -24.0266 53.3461 5.015
      vertex -28.0586 53.6856 6.02028
    endloop
  endfacet
  facet normal -0.20182 0.337276 -0.919518
    outer loop
      vertex -25.3477 53.615 5.39941
      vertex -23.8962 53.3516 4.98421
      vertex -28.0586 53.6856 6.02028
    endloop
  endfacet
  facet normal -0.131144 0.563254 -0.81581
    outer loop
      vertex -22.9825 53.3881 4.86251
      vertex -23.8962 53.3516 4.98421
      vertex -25.3477 53.615 5.39941
    endloop
  endfacet
  facet normal 0.103554 0.993907 0.0377595
    outer loop
      vertex -17.3203 53.4566 11.6148
      vertex -19.8879 53.7572 10.7422
      vertex -19.9763 53.7297 11.7098
    endloop
  endfacet
  facet normal 0.10535 0.993905 0.0324741
    outer loop
      vertex -17.3203 53.4566 11.6148
      vertex -17.2173 53.4796 10.5755
      vertex -19.8879 53.7572 10.7422
    endloop
  endfacet
  facet normal 0.104131 0.994492 0.0119678
    outer loop
      vertex -19.8879 53.7572 10.7422
      vertex -17.2173 53.4796 10.5755
      vertex -19.9651 53.7767 9.79413
    endloop
  endfacet
  facet normal 0.105262 0.994413 0.0079602
    outer loop
      vertex -17.2173 53.4796 10.5755
      vertex -17.2985 53.4963 9.55724
      vertex -19.9651 53.7767 9.79413
    endloop
  endfacet
  facet normal 0.103309 0.994548 -0.0141873
    outer loop
      vertex -19.9651 53.7767 9.79413
      vertex -17.2985 53.4963 9.55724
      vertex -20.2002 53.7881 8.87855
    endloop
  endfacet
  facet normal 0.103874 0.994451 -0.0166469
    outer loop
      vertex -17.2985 53.4963 9.55724
      vertex -17.5554 53.5067 8.57451
      vertex -20.2002 53.7881 8.87855
    endloop
  endfacet
  facet normal 0.100865 0.993996 -0.042402
    outer loop
      vertex -20.2002 53.7881 8.87855
      vertex -17.5554 53.5067 8.57451
      vertex -20.5961 53.7908 8.00171
    endloop
  endfacet
  facet normal 0.100974 0.99396 -0.0429972
    outer loop
      vertex -17.5554 53.5067 8.57451
      vertex -17.9912 53.5103 7.63451
      vertex -20.5961 53.7908 8.00171
    endloop
  endfacet
  facet normal 0.0957185 0.99227 -0.0789875
    outer loop
      vertex -20.5961 53.7908 8.00171
      vertex -17.9912 53.5103 7.63451
      vertex -21.3021 53.781 7.02229
    endloop
  endfacet
  facet normal 0.0953155 0.992487 -0.0767119
    outer loop
      vertex -17.9912 53.5103 7.63451
      vertex -18.7713 53.5043 6.58695
      vertex -21.3021 53.781 7.02229
    endloop
  endfacet
  facet normal 0.0858894 0.987966 -0.128636
    outer loop
      vertex -21.3021 53.781 7.02229
      vertex -18.7713 53.5043 6.58695
      vertex -22.1762 53.757 6.25478
    endloop
  endfacet
  facet normal 0.0853142 0.988848 -0.122068
    outer loop
      vertex -18.7713 53.5043 6.58695
      vertex -19.7391 53.4869 5.76951
      vertex -22.1762 53.757 6.25478
    endloop
  endfacet
  facet normal 0.0714113 0.97979 -0.186848
    outer loop
      vertex -22.1762 53.757 6.25478
      vertex -19.7391 53.4869 5.76951
      vertex -22.9451 53.7294 5.81599
    endloop
  endfacet
  facet normal 0.0717256 0.981818 -0.175751
    outer loop
      vertex -19.7391 53.4869 5.76951
      vertex -20.5914 53.466 5.30526
      vertex -22.9451 53.7294 5.81599
    endloop
  endfacet
  facet normal 0.0518636 0.964638 -0.258426
    outer loop
      vertex -22.9451 53.7294 5.81599
      vertex -20.5914 53.466 5.30526
      vertex -23.7296 53.6964 5.53525
    endloop
  endfacet
  facet normal 0.0533955 0.968866 -0.241758
    outer loop
      vertex -20.5914 53.466 5.30526
      vertex -21.4618 53.4407 5.01151
      vertex -23.7296 53.6964 5.53525
    endloop
  endfacet
  facet normal -0.00605233 0.888046 -0.459715
    outer loop
      vertex -23.7296 53.6964 5.53525
      vertex -21.4618 53.4407 5.01151
      vertex -25.3477 53.615 5.39941
    endloop
  endfacet
  facet normal 0.0044158 0.927916 -0.372764
    outer loop
      vertex -21.4618 53.4407 5.01151
      vertex -22.9825 53.3881 4.86251
      vertex -25.3477 53.615 5.39941
    endloop
  endfacet
  facet normal 0.0378199 0.998446 0.0409315
    outer loop
      vertex -19.9763 53.7297 11.7098
      vertex -22.5709 53.8607 10.9097
      vertex -22.6444 53.8268 11.8053
    endloop
  endfacet
  facet normal 0.0405424 0.998661 0.0321381
    outer loop
      vertex -19.9763 53.7297 11.7098
      vertex -19.8879 53.7572 10.7422
      vertex -22.5709 53.8607 10.9097
    endloop
  endfacet
  facet normal 0.0401246 0.998874 0.0253129
    outer loop
      vertex -22.5709 53.8607 10.9097
      vertex -19.8879 53.7572 10.7422
      vertex -22.6441 53.8859 10.0321
    endloop
  endfacet
  facet normal 0.042245 0.998961 0.0170988
    outer loop
      vertex -19.8879 53.7572 10.7422
      vertex -19.9651 53.7767 9.79413
      vertex -22.6441 53.8859 10.0321
    endloop
  endfacet
  facet normal 0.0415074 0.9991 0.00873188
    outer loop
      vertex -22.6441 53.8859 10.0321
      vertex -19.9651 53.7767 9.79413
      vertex -22.8573 53.9022 9.18399
    endloop
  endfacet
  facet normal 0.043066 0.999071 0.00133774
    outer loop
      vertex -19.9651 53.7767 9.79413
      vertex -20.2002 53.7881 8.87855
      vertex -22.8573 53.9022 9.18399
    endloop
  endfacet
  facet normal 0.041773 0.999078 -0.00991331
    outer loop
      vertex -22.8573 53.9022 9.18399
      vertex -20.2002 53.7881 8.87855
      vertex -23.213 53.909 8.37061
    endloop
  endfacet
  facet normal 0.0428245 0.998952 -0.0161805
    outer loop
      vertex -20.2002 53.7881 8.87855
      vertex -20.5961 53.7908 8.00171
      vertex -23.213 53.909 8.37061
    endloop
  endfacet
  facet normal 0.0401689 0.998583 -0.0349008
    outer loop
      vertex -23.213 53.909 8.37061
      vertex -20.5961 53.7908 8.00171
      vertex -23.8446 53.9026 7.45965
    endloop
  endfacet
  facet normal 0.0409397 0.998378 -0.0395626
    outer loop
      vertex -20.5961 53.7908 8.00171
      vertex -21.3021 53.781 7.02229
      vertex -23.8446 53.9026 7.45965
    endloop
  endfacet
  facet normal 0.0355985 0.996897 -0.070201
    outer loop
      vertex -23.8446 53.9026 7.45965
      vertex -21.3021 53.781 7.02229
      vertex -24.6247 53.8799 6.74229
    endloop
  endfacet
  facet normal 0.0357284 0.99678 -0.0717831
    outer loop
      vertex -21.3021 53.781 7.02229
      vertex -22.1762 53.757 6.25478
      vertex -24.6247 53.8799 6.74229
    endloop
  endfacet
  facet normal 0.0277218 0.993417 -0.111148
    outer loop
      vertex -22.1762 53.757 6.25478
      vertex -22.9451 53.7294 5.81599
      vertex -24.6247 53.8799 6.74229
    endloop
  endfacet
  facet normal -0.0208818 0.947612 -0.318741
    outer loop
      vertex -23.7296 53.6964 5.53525
      vertex -25.3477 53.615 5.39941
      vertex -27.2251 53.7442 5.90648
    endloop
  endfacet
  facet normal -0.0188657 0.953587 -0.300527
    outer loop
      vertex -26.0081 53.8171 6.06143
      vertex -23.7296 53.6964 5.53525
      vertex -27.2251 53.7442 5.90648
    endloop
  endfacet
  facet normal 0.015493 0.987087 -0.159433
    outer loop
      vertex -22.9451 53.7294 5.81599
      vertex -23.7296 53.6964 5.53525
      vertex -26.0081 53.8171 6.06143
    endloop
  endfacet
  facet normal -0.00731437 0.999279 0.0372586
    outer loop
      vertex -22.6444 53.8268 11.8053
      vertex -22.5709 53.8607 10.9097
      vertex -25.5915 53.8013 11.9106
    endloop
  endfacet
  facet normal -0.00732336 0.99928 0.0372316
    outer loop
      vertex -25.5915 53.8013 11.9106
      vertex -22.5709 53.8607 10.9097
      vertex -25.6035 53.8614 10.295
    endloop
  endfacet
  facet normal -0.0056858 0.999559 0.0291534
    outer loop
      vertex -22.5709 53.8607 10.9097
      vertex -22.6441 53.8859 10.0321
      vertex -25.6035 53.8614 10.295
    endloop
  endfacet
  facet normal -0.00664132 0.999808 0.0184205
    outer loop
      vertex -25.6035 53.8614 10.295
      vertex -22.6441 53.8859 10.0321
      vertex -26.1042 53.886 8.77819
    endloop
  endfacet
  facet normal -0.00760916 0.999749 0.0210912
    outer loop
      vertex -22.6441 53.8859 10.0321
      vertex -22.8573 53.9022 9.18399
      vertex -26.1042 53.886 8.77819
    endloop
  endfacet
  facet normal -0.00636702 0.999918 0.0111458
    outer loop
      vertex -22.8573 53.9022 9.18399
      vertex -23.213 53.909 8.37061
      vertex -26.1042 53.886 8.77819
    endloop
  endfacet
  facet normal -0.00807169 0.999967 -0.000943566
    outer loop
      vertex -26.1042 53.886 8.77819
      vertex -23.213 53.909 8.37061
      vertex -26.654 53.8808 7.94291
    endloop
  endfacet
  facet normal -0.00800095 0.999967 -0.00151264
    outer loop
      vertex -23.213 53.909 8.37061
      vertex -23.8446 53.9026 7.45965
      vertex -26.654 53.8808 7.94291
    endloop
  endfacet
  facet normal -0.0113157 0.99972 -0.0207941
    outer loop
      vertex -26.654 53.8808 7.94291
      vertex -23.8446 53.9026 7.45965
      vertex -27.3304 53.8594 7.28102
    endloop
  endfacet
  facet normal -0.0113987 0.999751 -0.0191837
    outer loop
      vertex -23.8446 53.9026 7.45965
      vertex -24.6247 53.8799 6.74229
      vertex -27.3304 53.8594 7.28102
    endloop
  endfacet
  facet normal -0.0193234 0.998068 -0.0590488
    outer loop
      vertex -27.3304 53.8594 7.28102
      vertex -24.6247 53.8799 6.74229
      vertex -28.5259 53.7985 6.64292
    endloop
  endfacet
  facet normal -0.0194989 0.998433 -0.0524583
    outer loop
      vertex -24.6247 53.8799 6.74229
      vertex -26.0081 53.8171 6.06143
      vertex -28.5259 53.7985 6.64292
    endloop
  endfacet
  facet normal -0.0435395 0.98665 -0.156929
    outer loop
      vertex -28.5259 53.7985 6.64292
      vertex -26.0081 53.8171 6.06143
      vertex -29.575 53.727 6.4847
    endloop
  endfacet
  facet normal -0.0415262 0.989367 -0.139385
    outer loop
      vertex -26.0081 53.8171 6.06143
      vertex -27.2251 53.7442 5.90648
      vertex -29.575 53.727 6.4847
    endloop
  endfacet
  facet normal -0.135427 0.839985 -0.525438
    outer loop
      vertex -29.575 53.727 6.4847
      vertex -27.2251 53.7442 5.90648
      vertex -30.2917 53.6693 6.57707
    endloop
  endfacet
  facet normal -0.127029 0.865712 -0.484156
    outer loop
      vertex -27.2251 53.7442 5.90648
      vertex -28.0586 53.6856 6.02028
      vertex -30.2917 53.6693 6.57707
    endloop
  endfacet
  facet normal 0.148741 -0.988285 0.0341823
    outer loop
      vertex -16.6453 51.6071 10.5398
      vertex -16.7447 51.6286 11.5943
      vertex -17.2593 51.5518 11.6127
    endloop
  endfacet
  facet normal 0.153445 -0.987467 0.0369168
    outer loop
      vertex -17.1638 51.5277 10.5722
      vertex -16.6453 51.6071 10.5398
      vertex -17.2593 51.5518 11.6127
    endloop
  endfacet
  facet normal 0.151424 -0.988467 0.00209196
    outer loop
      vertex -16.7341 51.5913 9.5071
      vertex -16.6453 51.6071 10.5398
      vertex -17.1638 51.5277 10.5722
    endloop
  endfacet
  facet normal 0.155321 -0.987857 0.00370054
    outer loop
      vertex -16.7341 51.5913 9.5071
      vertex -17.1638 51.5277 10.5722
      vertex -17.2528 51.5099 9.55318
    endloop
  endfacet
  facet normal 0.152229 -0.987856 -0.0310997
    outer loop
      vertex -17.0022 51.5813 8.51092
      vertex -16.7341 51.5913 9.5071
      vertex -17.2528 51.5099 9.55318
    endloop
  endfacet
  facet normal 0.155269 -0.987406 -0.030338
    outer loop
      vertex -17.0022 51.5813 8.51092
      vertex -17.2528 51.5099 9.55318
      vertex -17.5176 51.4985 8.57017
    endloop
  endfacet
  facet normal 0.150817 -0.986257 -0.0674576
    outer loop
      vertex -17.4528 51.5776 7.5586
      vertex -17.0022 51.5813 8.51092
      vertex -17.5176 51.4985 8.57017
    endloop
  endfacet
  facet normal 0.152945 -0.985941 -0.0672965
    outer loop
      vertex -17.4528 51.5776 7.5586
      vertex -17.5176 51.4985 8.57017
      vertex -17.9614 51.4938 7.63029
    endloop
  endfacet
  facet normal 0.145688 -0.982634 -0.11491
    outer loop
      vertex -17.4528 51.5776 7.5586
      vertex -17.9614 51.4938 7.63029
      vertex -18.2555 51.5826 6.49823
    endloop
  endfacet
  facet normal 0.146834 -0.982431 -0.115192
    outer loop
      vertex -18.2555 51.5826 6.49823
      vertex -17.9614 51.4938 7.63029
      vertex -18.7507 51.4986 6.58341
    endloop
  endfacet
  facet normal 0.134386 -0.974494 -0.179728
    outer loop
      vertex -18.2555 51.5826 6.49823
      vertex -18.7507 51.4986 6.58341
      vertex -19.2486 51.598 5.67184
    endloop
  endfacet
  facet normal 0.133856 -0.974618 -0.179452
    outer loop
      vertex -19.2486 51.598 5.67184
      vertex -18.7507 51.4986 6.58341
      vertex -19.7263 51.5149 5.76696
    endloop
  endfacet
  facet normal 0.116246 -0.959916 -0.255044
    outer loop
      vertex -19.2486 51.598 5.67184
      vertex -19.7263 51.5149 5.76696
      vertex -20.1215 51.6168 5.2033
    endloop
  endfacet
  facet normal 0.114783 -0.960344 -0.254095
    outer loop
      vertex -20.1215 51.6168 5.2033
      vertex -19.7263 51.5149 5.76696
      vertex -20.5834 51.5351 5.30354
    endloop
  endfacet
  facet normal 0.0904539 -0.934259 -0.344933
    outer loop
      vertex -20.1215 51.6168 5.2033
      vertex -20.5834 51.5351 5.30354
      vertex -21.012 51.6398 4.90762
    endloop
  endfacet
  facet normal 0.0884083 -0.93518 -0.342962
    outer loop
      vertex -21.012 51.6398 4.90762
      vertex -20.5834 51.5351 5.30354
      vertex -21.4575 51.5599 5.01051
    endloop
  endfacet
  facet normal 0.025556 -0.84032 -0.541488
    outer loop
      vertex -21.012 51.6398 4.90762
      vertex -21.4575 51.5599 5.01051
      vertex -22.5656 51.6877 4.75993
    endloop
  endfacet
  facet normal 0.0228248 -0.846185 -0.5324
    outer loop
      vertex -22.5656 51.6877 4.75993
      vertex -21.4575 51.5599 5.01051
      vertex -22.9818 51.612 4.86234
    endloop
  endfacet
  facet normal -0.146938 -0.410085 -0.900133
    outer loop
      vertex -22.5656 51.6877 4.75993
      vertex -22.9818 51.612 4.86234
      vertex -23.631 51.726 4.91637
    endloop
  endfacet
  facet normal -0.137507 -0.342526 -0.929391
    outer loop
      vertex -23.631 51.726 4.91637
      vertex -22.9818 51.612 4.86234
      vertex -23.8961 51.6484 4.98421
    endloop
  endfacet
  facet normal -0.231563 -0.057851 -0.971098
    outer loop
      vertex -23.631 51.726 4.91637
      vertex -23.8961 51.6484 4.98421
      vertex -24.0266 51.6539 5.015
    endloop
  endfacet
  facet normal 0.14928 -0.98737 0.0530615
    outer loop
      vertex -17.2593 51.5518 11.6127
      vertex -16.7447 51.6286 11.5943
      vertex -17.3171 51.5599 11.9266
    endloop
  endfacet
  facet normal 0.147646 -0.987767 0.050166
    outer loop
      vertex -16.7447 51.6286 11.5943
      vertex -16.8452 51.6409 12.1318
      vertex -17.3171 51.5599 11.9266
    endloop
  endfacet
  facet normal -0.0071978 0.999154 0.0404883
    outer loop
      vertex -22.8438 53.777 13
      vertex -22.6444 53.8268 11.8053
      vertex -25.5915 53.8013 11.9106
    endloop
  endfacet
  facet normal -0.00890655 0.998957 0.044794
    outer loop
      vertex -22.8438 53.777 13
      vertex -25.5915 53.8013 11.9106
      vertex -25.7545 53.751 13
    endloop
  endfacet
  facet normal 0.0339254 0.999259 0.0181754
    outer loop
      vertex -20.1974 53.6879 13
      vertex -22.8218 53.777 13
      vertex -26.4385 53.2834 46.8861
    endloop
  endfacet
  facet normal 0.101022 0.994417 0.0304754
    outer loop
      vertex -17.585 53.4225 13
      vertex -20.1974 53.6879 13
      vertex -26.4385 53.2834 46.8861
    endloop
  endfacet
  facet normal 0.0748898 0.996911 0.0236579
    outer loop
      vertex -22.8716 53.0155 46.8861
      vertex -17.585 53.4225 13
      vertex -26.4385 53.2834 46.8861
    endloop
  endfacet
  facet normal 0.141835 0.989306 0.0340108
    outer loop
      vertex -17.0074 53.3397 13
      vertex -17.585 53.4225 13
      vertex -22.8716 53.0155 46.8861
    endloop
  endfacet
  facet normal 0.2714 0.960826 0.0561701
    outer loop
      vertex -21.9926 52.7672 46.8861
      vertex -15.5721 52.9346 13
      vertex -22.8716 53.0155 46.8861
    endloop
  endfacet
  facet normal 0.378436 0.922223 0.0793191
    outer loop
      vertex -15.5721 52.9346 13
      vertex -15.6919 52.9837 13
      vertex -22.8716 53.0155 46.8861
    endloop
  endfacet
  facet normal 0.260781 0.963867 0.0543518
    outer loop
      vertex -15.6919 52.9837 13
      vertex -17.0074 53.3397 13
      vertex -22.8716 53.0155 46.8861
    endloop
  endfacet
  facet normal 0.390091 0.917429 0.0784479
    outer loop
      vertex -15.5523 52.9262 13
      vertex -15.5721 52.9346 13
      vertex -21.9805 52.7619 46.8861
    endloop
  endfacet
  facet normal 0.398626 0.913614 0.0800427
    outer loop
      vertex -21.9805 52.7619 46.8861
      vertex -15.5721 52.9346 13
      vertex -21.9926 52.7672 46.8861
    endloop
  endfacet
  facet normal 0.524991 0.844768 0.103686
    outer loop
      vertex -15.3408 52.7947 13
      vertex -15.5523 52.9262 13
      vertex -21.9805 52.7619 46.8861
    endloop
  endfacet
  facet normal 0.652142 0.747126 0.128506
    outer loop
      vertex -21.7531 52.5634 46.8861
      vertex -15.3408 52.7947 13
      vertex -21.9805 52.7619 46.8861
    endloop
  endfacet
  facet normal 0.749722 0.645384 0.146276
    outer loop
      vertex -15.1783 52.606 13
      vertex -15.3408 52.7947 13
      vertex -21.7531 52.5634 46.8861
    endloop
  endfacet
  facet normal 0.945099 0.270257 0.183709
    outer loop
      vertex -15.148 52.5 13
      vertex -15.1783 52.606 13
      vertex -21.7348 52.5 46.8861
    endloop
  endfacet
  facet normal 0.944443 0.272621 0.183589
    outer loop
      vertex -21.7348 52.5 46.8861
      vertex -15.1783 52.606 13
      vertex -21.7531 52.5634 46.8861
    endloop
  endfacet
  facet normal 0.945098 -0.270257 0.183713
    outer loop
      vertex -15.1783 52.394 13
      vertex -15.148 52.5 13
      vertex -21.7531 52.4366 46.8861
    endloop
  endfacet
  facet normal 0.944444 -0.272622 0.183582
    outer loop
      vertex -15.148 52.5 13
      vertex -21.7348 52.5 46.8861
      vertex -21.7531 52.4366 46.8861
    endloop
  endfacet
  facet normal 0.749722 -0.645384 0.146276
    outer loop
      vertex -15.3408 52.2053 13
      vertex -15.1783 52.394 13
      vertex -21.7531 52.4366 46.8861
    endloop
  endfacet
  facet normal 0.652142 -0.747126 0.128506
    outer loop
      vertex -15.3408 52.2053 13
      vertex -21.7531 52.4366 46.8861
      vertex -21.9805 52.2381 46.8861
    endloop
  endfacet
  facet normal 0.524991 -0.844768 0.103686
    outer loop
      vertex -15.5523 52.0738 13
      vertex -15.3408 52.2053 13
      vertex -21.9805 52.2381 46.8861
    endloop
  endfacet
  facet normal -0 0.999894 0.0145637
    outer loop
      vertex -22.8438 53.777 13
      vertex -26.4385 53.2834 46.8861
      vertex -22.8218 53.777 13
    endloop
  endfacet
  facet normal 0 0.999894 0.0145637
    outer loop
      vertex -26.4385 53.2834 46.8861
      vertex -22.8438 53.777 13
      vertex -26.452 53.2834 46.8861
    endloop
  endfacet
  facet normal -0.0438669 0.998255 0.0395304
    outer loop
      vertex -25.7545 53.751 13
      vertex -25.5915 53.8013 11.9106
      vertex -34.6559 53.3599 13
    endloop
  endfacet
  facet normal -0.0454439 0.998614 0.0265537
    outer loop
      vertex -25.5915 53.8013 11.9106
      vertex -34.6035 53.3826 12.2329
      vertex -34.6559 53.3599 13
    endloop
  endfacet
  facet normal -0.0833464 0.996234 0.0238939
    outer loop
      vertex -34.6559 53.3599 13
      vertex -34.6035 53.3826 12.2329
      vertex -39.0958 52.9884 13
    endloop
  endfacet
  facet normal -0.0843379 0.996273 0.0181069
    outer loop
      vertex -39.0958 52.9884 13
      vertex -34.6035 53.3826 12.2329
      vertex -39.0984 52.9992 12.3937
    endloop
  endfacet
  facet normal -0.109605 0.993809 0.0181714
    outer loop
      vertex -39.0958 52.9884 13
      vertex -39.0984 52.9992 12.3937
      vertex -43.5243 52.5 13
    endloop
  endfacet
  facet normal -0.110143 0.993814 0.0142504
    outer loop
      vertex -43.5243 52.5 13
      vertex -39.0984 52.9992 12.3937
      vertex -43.582 52.5 12.554
    endloop
  endfacet
  facet normal 0.390091 -0.917429 0.0784443
    outer loop
      vertex -15.5721 52.0654 13
      vertex -15.5523 52.0738 13
      vertex -21.9926 52.2328 46.8861
    endloop
  endfacet
  facet normal 0.398626 -0.913614 0.0800486
    outer loop
      vertex -15.5523 52.0738 13
      vertex -21.9805 52.2381 46.8861
      vertex -21.9926 52.2328 46.8861
    endloop
  endfacet
  facet normal 0.395991 -0.914243 0.0857393
    outer loop
      vertex -15.3894 52.008 11.5458
      vertex -15.2685 52.06 11.5415
      vertex -15.5523 52.0738 13
    endloop
  endfacet
  facet normal 0.389874 -0.91692 0.0851753
    outer loop
      vertex -15.3894 52.008 11.5458
      vertex -15.5523 52.0738 13
      vertex -15.5721 52.0654 13
    endloop
  endfacet
  facet normal 0.38001 -0.921151 0.084103
    outer loop
      vertex -15.3894 52.008 11.5458
      vertex -15.5721 52.0654 13
      vertex -15.6718 52.0243 13
    endloop
  endfacet
  facet normal 0.344531 -0.935581 0.0773745
    outer loop
      vertex -15.3894 52.008 11.5458
      vertex -15.6718 52.0243 13
      vertex -16 51.9034 13
    endloop
  endfacet
  facet normal 0.324286 -0.94349 0.0683048
    outer loop
      vertex -15.3894 52.008 11.5458
      vertex -16 51.9034 13
      vertex -16.06 51.8638 12.7383
    endloop
  endfacet
  facet normal 0.300623 -0.952216 0.053943
    outer loop
      vertex -15.3894 52.008 11.5458
      vertex -16.06 51.8638 12.7383
      vertex -16.229 51.7986 12.5283
    endloop
  endfacet
  facet normal 0.245849 -0.969302 0.00349315
    outer loop
      vertex -15.3894 52.008 11.5458
      vertex -16.229 51.7986 12.5283
      vertex -16.8452 51.6409 12.1318
    endloop
  endfacet
  facet normal 0.271277 -0.959757 0.0726392
    outer loop
      vertex -16.7447 51.6286 11.5943
      vertex -15.3894 52.008 11.5458
      vertex -16.8452 51.6409 12.1318
    endloop
  endfacet
  facet normal -0.241572 -0 -0.970383
    outer loop
      vertex -22.2264 52.5907 4.56615
      vertex -22.2029 52.5 4.5603
      vertex -22.2264 52.4093 4.56615
    endloop
  endfacet
  facet normal -0.241648 0 -0.970364
    outer loop
      vertex -43.8894 52.4965 9.96735
      vertex -43.8629 52.507 9.96075
      vertex -43.8629 52.493 9.96075
    endloop
  endfacet
  facet normal -0.241648 0 -0.970364
    outer loop
      vertex -43.8629 52.507 9.96075
      vertex -43.8894 52.4965 9.96735
      vertex -43.8894 52.5035 9.96735
    endloop
  endfacet
  facet normal -0.241553 0 -0.970388
    outer loop
      vertex -43.9027 52.4982 9.97066
      vertex -43.8894 52.5035 9.96735
      vertex -43.8894 52.4965 9.96735
    endloop
  endfacet
  facet normal -0.241553 0 -0.970388
    outer loop
      vertex -43.8894 52.5035 9.96735
      vertex -43.9027 52.4982 9.97066
      vertex -43.9027 52.5018 9.97066
    endloop
  endfacet
  facet normal -0.242536 -0 -0.970143
    outer loop
      vertex -43.9027 52.5018 9.97066
      vertex -43.9027 52.4982 9.97066
      vertex -43.9159 52.5 9.97396
    endloop
  endfacet
  facet normal -0.24201 0 -0.970274
    outer loop
      vertex -43.8629 52.493 9.96075
      vertex -43.8099 52.514 9.94753
      vertex -43.8099 52.486 9.94753
    endloop
  endfacet
  facet normal -0.24201 0 -0.970274
    outer loop
      vertex -43.8099 52.514 9.94753
      vertex -43.8629 52.493 9.96075
      vertex -43.8629 52.507 9.96075
    endloop
  endfacet
  facet normal -0.241854 0 -0.970313
    outer loop
      vertex -43.8099 52.486 9.94753
      vertex -43.7039 52.5279 9.92111
      vertex -43.7039 52.4721 9.92111
    endloop
  endfacet
  facet normal -0.241854 0 -0.970313
    outer loop
      vertex -43.7039 52.5279 9.92111
      vertex -43.8099 52.486 9.94753
      vertex -43.8099 52.514 9.94753
    endloop
  endfacet
  facet normal -0.241939 0 -0.970292
    outer loop
      vertex -43.7039 52.4721 9.92111
      vertex -43.0678 52.6097 9.7625
      vertex -43.0678 52.3903 9.7625
    endloop
  endfacet
  facet normal -0.241939 0 -0.970292
    outer loop
      vertex -43.0678 52.6097 9.7625
      vertex -43.7039 52.4721 9.92111
      vertex -43.7039 52.5279 9.92111
    endloop
  endfacet
  facet normal -0.241923 0 -0.970296
    outer loop
      vertex -43.0678 52.3903 9.7625
      vertex -40.5202 52.9094 9.12731
      vertex -40.5202 52.0906 9.12731
    endloop
  endfacet
  facet normal -0.241923 0 -0.970296
    outer loop
      vertex -40.5202 52.9094 9.12731
      vertex -43.0678 52.3903 9.7625
      vertex -43.0678 52.6097 9.7625
    endloop
  endfacet
  facet normal -0.241925 0 -0.970295
    outer loop
      vertex -40.5202 52.0906 9.12731
      vertex -37.1165 53.2409 8.27866
      vertex -37.1165 51.7591 8.27866
    endloop
  endfacet
  facet normal -0.241925 0 -0.970295
    outer loop
      vertex -37.1165 53.2409 8.27866
      vertex -40.5202 52.0906 9.12731
      vertex -40.5202 52.9094 9.12731
    endloop
  endfacet
  facet normal -0.241919 0 -0.970297
    outer loop
      vertex -37.1165 51.7591 8.27866
      vertex -30.2917 53.6693 6.57707
      vertex -30.2917 51.3307 6.57707
    endloop
  endfacet
  facet normal -0.241919 0 -0.970297
    outer loop
      vertex -30.2917 53.6693 6.57707
      vertex -37.1165 51.7591 8.27866
      vertex -37.1165 53.2409 8.27866
    endloop
  endfacet
  facet normal -0.241928 -0 -0.970294
    outer loop
      vertex -30.2917 53.6693 6.57707
      vertex -28.0586 53.6856 6.02028
      vertex -30.2917 51.3307 6.57707
    endloop
  endfacet
  facet normal -0.241922 -5.714e-006 -0.970296
    outer loop
      vertex -28.0586 53.6856 6.02028
      vertex -28.1611 51.312 6.04585
      vertex -30.2917 51.3307 6.57707
    endloop
  endfacet
  facet normal -0.24192 -5.82248e-006 -0.970296
    outer loop
      vertex -28.0586 53.6856 6.02028
      vertex -24.0266 53.3461 5.015
      vertex -28.1611 51.312 6.04585
    endloop
  endfacet
  facet normal -0.241923 -0 -0.970295
    outer loop
      vertex -24.0266 53.3461 5.015
      vertex -24.0266 51.6539 5.015
      vertex -28.1611 51.312 6.04585
    endloop
  endfacet
  facet normal -0.241954 -0 -0.970288
    outer loop
      vertex -24.0266 53.3461 5.015
      vertex -23.5862 53.2638 4.90518
      vertex -24.0266 51.6539 5.015
    endloop
  endfacet
  facet normal -0.24191 -1.27333e-005 -0.970299
    outer loop
      vertex -23.5862 53.2638 4.90518
      vertex -23.631 51.726 4.91637
      vertex -24.0266 51.6539 5.015
    endloop
  endfacet
  facet normal -0.24192 -1.24295e-005 -0.970296
    outer loop
      vertex -23.5862 53.2638 4.90518
      vertex -22.5913 52.9294 4.65713
      vertex -23.631 51.726 4.91637
    endloop
  endfacet
  facet normal -0.241934 -0 -0.970293
    outer loop
      vertex -22.5913 52.9294 4.65713
      vertex -22.5913 52.0706 4.65713
      vertex -23.631 51.726 4.91637
    endloop
  endfacet
  facet normal -0.241817 -0 -0.970322
    outer loop
      vertex -22.5913 52.9294 4.65713
      vertex -22.4889 52.8736 4.63161
      vertex -22.5913 52.0706 4.65713
    endloop
  endfacet
  facet normal -0.241828 1.52011e-006 -0.970319
    outer loop
      vertex -22.4889 52.8736 4.63161
      vertex -22.5003 52.1191 4.63445
      vertex -22.5913 52.0706 4.65713
    endloop
  endfacet
  facet normal -0.241958 3.60426e-006 -0.970287
    outer loop
      vertex -22.4889 52.8736 4.63161
      vertex -22.2264 52.5907 4.56615
      vertex -22.5003 52.1191 4.63445
    endloop
  endfacet
  facet normal -0.241952 -0 -0.970288
    outer loop
      vertex -22.2264 52.5907 4.56615
      vertex -22.2264 52.4093 4.56615
      vertex -22.5003 52.1191 4.63445
    endloop
  endfacet
  facet normal -0.127381 0.991716 0.0165648
    outer loop
      vertex -43.8174 52.5028 10.5638
      vertex -43.9027 52.5018 9.97066
      vertex -43.9159 52.5 9.97396
    endloop
  endfacet
  facet normal -0.126502 0.99183 0.0164383
    outer loop
      vertex -43.8174 52.5028 10.5638
      vertex -43.8894 52.5035 9.96735
      vertex -43.9027 52.5018 9.97066
    endloop
  endfacet
  facet normal -0.126797 0.991791 0.016538
    outer loop
      vertex -43.8517 52.5047 10.1823
      vertex -43.8629 52.507 9.96075
      vertex -43.8894 52.5035 9.96735
    endloop
  endfacet
  facet normal -0.125643 0.991941 0.0163347
    outer loop
      vertex -43.8174 52.5028 10.5638
      vertex -43.8517 52.5047 10.1823
      vertex -43.8894 52.5035 9.96735
    endloop
  endfacet
  facet normal -0.126349 0.991851 0.0163392
    outer loop
      vertex -43.8133 52.5132 9.97031
      vertex -43.8099 52.514 9.94753
      vertex -43.8629 52.507 9.96075
    endloop
  endfacet
  facet normal -0.126367 0.991847 0.0164388
    outer loop
      vertex -43.8598 52.5072 9.97009
      vertex -43.8133 52.5132 9.97031
      vertex -43.8629 52.507 9.96075
    endloop
  endfacet
  facet normal -0.126297 0.991858 0.0163472
    outer loop
      vertex -43.7542 52.5206 9.97373
      vertex -43.8099 52.514 9.94753
      vertex -43.8133 52.5132 9.97031
    endloop
  endfacet
  facet normal -0.107138 0.994045 0.0198949
    outer loop
      vertex -39.9995 52.9236 11.5738
      vertex -40.8184 52.8498 10.8524
      vertex -41.5502 52.7537 11.7116
    endloop
  endfacet
  facet normal -0.120869 0.992533 0.0164196
    outer loop
      vertex -42.8356 52.6212 10.7264
      vertex -43.1991 52.5693 11.188
      vertex -43.3291 52.5422 11.8696
    endloop
  endfacet
  facet normal -0.121347 0.992476 0.016326
    outer loop
      vertex -43.3291 52.5422 11.8696
      vertex -43.1991 52.5693 11.188
      vertex -43.4619 52.5486 10.493
    endloop
  endfacet
  facet normal -0.103972 0.985265 -0.135808
    outer loop
      vertex -36.6473 53.2887 8.26666
      vertex -32.8342 53.572 7.40215
      vertex -37.1165 53.2409 8.27866
    endloop
  endfacet
  facet normal -0.0484552 0.998818 -0.00373078
    outer loop
      vertex -30.9505 53.689 8.68198
      vertex -27.3304 53.8594 7.28102
      vertex -31.9189 53.6386 7.76321
    endloop
  endfacet
  facet normal -0.048526 0.998812 -0.00440776
    outer loop
      vertex -27.3304 53.8594 7.28102
      vertex -28.5259 53.7985 6.64292
      vertex -31.9189 53.6386 7.76321
    endloop
  endfacet
  facet normal -0.0586887 0.99765 -0.0353533
    outer loop
      vertex -31.9189 53.6386 7.76321
      vertex -28.5259 53.7985 6.64292
      vertex -32.8342 53.572 7.40215
    endloop
  endfacet
  facet normal -0.126144 0.991875 0.0165121
    outer loop
      vertex -43.8517 52.5047 10.1823
      vertex -43.8374 52.5078 10.11
      vertex -43.8598 52.5072 9.97009
    endloop
  endfacet
  facet normal -0.12664 0.991811 0.0165303
    outer loop
      vertex -43.8517 52.5047 10.1823
      vertex -43.8598 52.5072 9.97009
      vertex -43.8629 52.507 9.96075
    endloop
  endfacet
  facet normal -0.126368 0.991845 0.0165481
    outer loop
      vertex -43.8374 52.5078 10.11
      vertex -43.8133 52.5132 9.97031
      vertex -43.8598 52.5072 9.97009
    endloop
  endfacet
  facet normal -0.124954 0.992021 0.0167734
    outer loop
      vertex -43.3291 52.5422 11.8696
      vertex -43.6007 52.5375 10.1243
      vertex -43.6801 52.5271 10.1426
    endloop
  endfacet
  facet normal -0.123263 0.992237 0.0165097
    outer loop
      vertex -43.3291 52.5422 11.8696
      vertex -43.4619 52.5486 10.493
      vertex -43.6007 52.5375 10.1243
    endloop
  endfacet
  facet normal -0.124336 0.992096 0.016918
    outer loop
      vertex -43.4619 52.5486 10.493
      vertex -43.5659 52.5441 9.9895
      vertex -43.6007 52.5375 10.1243
    endloop
  endfacet
  facet normal -0.124811 0.992039 0.0167415
    outer loop
      vertex -43.5659 52.5441 9.9895
      vertex -43.5899 52.5424 9.91502
      vertex -43.643 52.5351 9.94637
    endloop
  endfacet
  facet normal -0.123019 0.992259 0.0169644
    outer loop
      vertex -43.1991 52.5693 11.188
      vertex -43.4093 52.5621 10.0801
      vertex -43.4619 52.5486 10.493
    endloop
  endfacet
  facet normal -0.123963 0.992144 0.0168404
    outer loop
      vertex -43.4619 52.5486 10.493
      vertex -43.4093 52.5621 10.0801
      vertex -43.5659 52.5441 9.9895
    endloop
  endfacet
  facet normal -0.124083 0.992125 0.0170526
    outer loop
      vertex -43.4093 52.5621 10.0801
      vertex -43.4544 52.5591 9.92705
      vertex -43.5659 52.5441 9.9895
    endloop
  endfacet
  facet normal -0.12434 0.992101 0.0165883
    outer loop
      vertex -43.5659 52.5441 9.9895
      vertex -43.4544 52.5591 9.92705
      vertex -43.5899 52.5424 9.91502
    endloop
  endfacet
  facet normal -0.124399 0.992082 0.0172729
    outer loop
      vertex -43.4544 52.5591 9.92705
      vertex -43.4724 52.5576 9.88592
      vertex -43.5899 52.5424 9.91502
    endloop
  endfacet
  facet normal -0.121484 0.992453 0.016672
    outer loop
      vertex -43.1991 52.5693 11.188
      vertex -43.1206 52.5858 10.7754
      vertex -43.4093 52.5621 10.0801
    endloop
  endfacet
  facet normal -0.117737 0.992885 0.0178058
    outer loop
      vertex -41.9917 52.7029 11.7508
      vertex -42.308 52.692 10.2633
      vertex -42.8356 52.6212 10.7264
    endloop
  endfacet
  facet normal -0.118573 0.992803 0.0168409
    outer loop
      vertex -42.8356 52.6212 10.7264
      vertex -42.308 52.692 10.2633
      vertex -43.0262 52.6109 9.99164
    endloop
  endfacet
  facet normal -0.119764 0.992647 0.0175556
    outer loop
      vertex -42.5334 52.6746 9.74059
      vertex -42.5814 52.6698 9.68515
      vertex -43.0917 52.6055 9.83857
    endloop
  endfacet
  facet normal -0.120321 0.992611 0.015686
    outer loop
      vertex -43.0917 52.6055 9.83857
      vertex -42.5814 52.6698 9.68515
      vertex -43.1196 52.6028 9.7986
    endloop
  endfacet
  facet normal -0.120195 0.992617 0.0162865
    outer loop
      vertex -42.5814 52.6698 9.68515
      vertex -42.6183 52.6657 9.66157
      vertex -43.1196 52.6028 9.7986
    endloop
  endfacet
  facet normal -0.120727 0.992582 0.014327
    outer loop
      vertex -43.1196 52.6028 9.7986
      vertex -42.6183 52.6657 9.66157
      vertex -43.1306 52.6016 9.78888
    endloop
  endfacet
  facet normal -0.110535 0.993727 0.0169662
    outer loop
      vertex -41.5502 52.7537 11.7116
      vertex -40.8184 52.8498 10.8524
      vertex -41.9045 52.7404 10.1829
    endloop
  endfacet
  facet normal -0.111784 0.99355 0.0190213
    outer loop
      vertex -40.8184 52.8498 10.8524
      vertex -41.0972 52.8343 10.0222
      vertex -41.9045 52.7404 10.1829
    endloop
  endfacet
  facet normal -0.107322 0.99407 0.0175134
    outer loop
      vertex -40.8184 52.8498 10.8524
      vertex -40.3166 52.9138 10.2931
      vertex -41.0972 52.8343 10.0222
    endloop
  endfacet
  facet normal -0.107653 0.994017 0.0184834
    outer loop
      vertex -40.3166 52.9138 10.2931
      vertex -40.6294 52.8918 9.65332
      vertex -41.0972 52.8343 10.0222
    endloop
  endfacet
  facet normal -0.109102 0.993892 0.016627
    outer loop
      vertex -41.0972 52.8343 10.0222
      vertex -40.6294 52.8918 9.65332
      vertex -41.3364 52.8151 9.60139
    endloop
  endfacet
  facet normal -0.109137 0.993879 0.0171322
    outer loop
      vertex -40.6294 52.8918 9.65332
      vertex -40.8383 52.8732 9.40051
      vertex -41.3364 52.8151 9.60139
    endloop
  endfacet
  facet normal -0.110197 0.993804 0.0144824
    outer loop
      vertex -41.3364 52.8151 9.60139
      vertex -40.8383 52.8732 9.40051
      vertex -41.45 52.8043 9.47937
    endloop
  endfacet
  facet normal -0.110298 0.993804 0.0136977
    outer loop
      vertex -40.8383 52.8732 9.40051
      vertex -41.0002 52.8567 9.29607
      vertex -41.45 52.8043 9.47937
    endloop
  endfacet
  facet normal -0.111678 0.993691 0.0102798
    outer loop
      vertex -41.45 52.8043 9.47937
      vertex -41.0002 52.8567 9.29607
      vertex -41.5633 52.7922 9.41336
    endloop
  endfacet
  facet normal -0.101424 0.994654 0.0194184
    outer loop
      vertex -38.8619 53.0566 10.5766
      vertex -39.2666 53.0333 9.65768
      vertex -40.3166 52.9138 10.2931
    endloop
  endfacet
  facet normal -0.103279 0.994518 0.0163275
    outer loop
      vertex -40.3166 52.9138 10.2931
      vertex -39.2666 53.0333 9.65768
      vertex -40.6294 52.8918 9.65332
    endloop
  endfacet
  facet normal -0.103281 0.994494 0.017759
    outer loop
      vertex -39.2666 53.0333 9.65768
      vertex -39.633 53.0033 9.20801
      vertex -40.6294 52.8918 9.65332
    endloop
  endfacet
  facet normal -0.105067 0.99437 0.0137326
    outer loop
      vertex -40.6294 52.8918 9.65332
      vertex -39.633 53.0033 9.20801
      vertex -40.8383 52.8732 9.40051
    endloop
  endfacet
  facet normal -0.10509 0.99437 0.0135886
    outer loop
      vertex -39.633 53.0033 9.20801
      vertex -39.8783 52.9794 9.05477
      vertex -40.8383 52.8732 9.40051
    endloop
  endfacet
  facet normal -0.106936 0.99423 0.00841854
    outer loop
      vertex -40.8383 52.8732 9.40051
      vertex -39.8783 52.9794 9.05477
      vertex -41.0002 52.8567 9.29607
    endloop
  endfacet
  facet normal -0.0606124 0.997887 0.0234136
    outer loop
      vertex -34.6035 53.3826 12.2329
      vertex -30.1305 53.6904 10.6971
      vertex -34.6519 53.4063 11.0988
    endloop
  endfacet
  facet normal -0.0726865 0.99735 -0.00296095
    outer loop
      vertex -35.6 53.3738 8.9276
      vertex -31.9189 53.6386 7.76321
      vertex -36.2212 53.327 8.42006
    endloop
  endfacet
  facet normal -0.0723421 0.99738 -0.00069156
    outer loop
      vertex -31.9189 53.6386 7.76321
      vertex -32.8342 53.572 7.40215
      vertex -36.2212 53.327 8.42006
    endloop
  endfacet
  facet normal -0.0799873 0.996447 -0.0263545
    outer loop
      vertex -36.2212 53.327 8.42006
      vertex -32.8342 53.572 7.40215
      vertex -36.6473 53.2887 8.26666
    endloop
  endfacet
  facet normal -0.128386 0.991718 -0.00351136
    outer loop
      vertex -43.5953 52.5419 9.90435
      vertex -43.0678 52.6097 9.7625
      vertex -43.7039 52.5279 9.92111
    endloop
  endfacet
  facet normal -0.142811 0.987994 -0.058931
    outer loop
      vertex -43.4792 52.5569 9.87549
      vertex -43.0678 52.6097 9.7625
      vertex -43.5953 52.5419 9.90435
    endloop
  endfacet
  facet normal -0.133788 0.990699 -0.0248162
    outer loop
      vertex -43.363 52.5719 9.84662
      vertex -43.0678 52.6097 9.7625
      vertex -43.4792 52.5569 9.87549
    endloop
  endfacet
  facet normal -0.125083 0.992126 0.00637248
    outer loop
      vertex -43.1306 52.6016 9.78888
      vertex -43.0678 52.6097 9.7625
      vertex -43.363 52.5719 9.84662
    endloop
  endfacet
  facet normal -0.119181 0.992659 0.0205872
    outer loop
      vertex -42.6183 52.6657 9.66157
      vertex -43.0678 52.6097 9.7625
      vertex -43.1306 52.6016 9.78888
    endloop
  endfacet
  facet normal -0.110211 0.993831 0.0123932
    outer loop
      vertex -39.0984 52.9992 12.3937
      vertex -38.6639 53.0591 11.4552
      vertex -43.582 52.5 12.554
    endloop
  endfacet
  facet normal -0.0926069 0.991621 0.090064
    outer loop
      vertex -38.6639 53.0591 11.4552
      vertex -39.9995 52.9236 11.5738
      vertex -43.582 52.5 12.554
    endloop
  endfacet
  facet normal -0.104689 0.993409 0.0466768
    outer loop
      vertex -39.9995 52.9236 11.5738
      vertex -41.5502 52.7537 11.7116
      vertex -43.582 52.5 12.554
    endloop
  endfacet
  facet normal -0.111725 0.993296 0.029673
    outer loop
      vertex -41.5502 52.7537 11.7116
      vertex -41.9917 52.7029 11.7508
      vertex -43.582 52.5 12.554
    endloop
  endfacet
  facet normal -0.117688 0.992892 0.0177646
    outer loop
      vertex -41.9917 52.7029 11.7508
      vertex -42.8356 52.6212 10.7264
      vertex -43.582 52.5 12.554
    endloop
  endfacet
  facet normal -0.119932 0.992639 0.0168312
    outer loop
      vertex -42.8356 52.6212 10.7264
      vertex -43.3291 52.5422 11.8696
      vertex -43.582 52.5 12.554
    endloop
  endfacet
  facet normal -0.121798 0.992424 0.0161285
    outer loop
      vertex -43.582 52.5 12.554
      vertex -43.3291 52.5422 11.8696
      vertex -43.6801 52.5271 10.1426
    endloop
  endfacet
  facet normal -0.125394 0.991974 0.0162697
    outer loop
      vertex -43.582 52.5 12.554
      vertex -43.6801 52.5271 10.1426
      vertex -43.7198 52.522 10.1518
    endloop
  endfacet
  facet normal -0.125569 0.991951 0.0162795
    outer loop
      vertex -43.582 52.5 12.554
      vertex -43.7198 52.522 10.1518
      vertex -43.7794 52.5142 10.1656
    endloop
  endfacet
  facet normal -0.125939 0.991904 0.0163098
    outer loop
      vertex -43.582 52.5 12.554
      vertex -43.7794 52.5142 10.1656
      vertex -43.8374 52.5078 10.11
    endloop
  endfacet
  facet normal -0.126732 0.991801 0.0163924
    outer loop
      vertex -43.582 52.5 12.554
      vertex -43.8374 52.5078 10.11
      vertex -43.8517 52.5047 10.1823
    endloop
  endfacet
  facet normal -0.128364 0.991589 0.0165776
    outer loop
      vertex -43.8174 52.5028 10.5638
      vertex -43.582 52.5 12.554
      vertex -43.8517 52.5047 10.1823
    endloop
  endfacet
  facet normal -0.125293 0.991987 0.0162148
    outer loop
      vertex -43.582 52.5 12.554
      vertex -43.8174 52.5028 10.5638
      vertex -43.9159 52.5 9.97396
    endloop
  endfacet
  facet normal -0.178471 0.946417 -0.269152
    outer loop
      vertex -42.6183 52.6657 9.66157
      vertex -40.5202 52.9094 9.12731
      vertex -43.0678 52.6097 9.7625
    endloop
  endfacet
  facet normal -0.25382 0.682412 -0.685485
    outer loop
      vertex -42.2766 52.7075 9.57666
      vertex -40.5202 52.9094 9.12731
      vertex -42.6183 52.6657 9.66157
    endloop
  endfacet
  facet normal -0.147735 0.979442 -0.137358
    outer loop
      vertex -41.5633 52.7922 9.41336
      vertex -40.5202 52.9094 9.12731
      vertex -42.2766 52.7075 9.57666
    endloop
  endfacet
  facet normal -0.120429 0.992188 -0.0325615
    outer loop
      vertex -41.0002 52.8567 9.29607
      vertex -40.5202 52.9094 9.12731
      vertex -41.5633 52.7922 9.41336
    endloop
  endfacet
  facet normal -0.108015 0.994144 0.00336047
    outer loop
      vertex -39.8783 52.9794 9.05477
      vertex -40.5202 52.9094 9.12731
      vertex -41.0002 52.8567 9.29607
    endloop
  endfacet
  facet normal -0.113698 0.992322 -0.0486883
    outer loop
      vertex -39.8783 52.9794 9.05477
      vertex -38.802 53.0899 8.79224
      vertex -40.5202 52.9094 9.12731
    endloop
  endfacet
  facet normal -0.130005 0.981872 -0.137936
    outer loop
      vertex -38.802 53.0899 8.79224
      vertex -37.1165 53.2409 8.27866
      vertex -40.5202 52.9094 9.12731
    endloop
  endfacet
  facet normal -0.126014 0.991895 0.0163032
    outer loop
      vertex -43.7171 52.5255 9.96461
      vertex -43.7039 52.5279 9.92111
      vertex -43.8099 52.514 9.94753
    endloop
  endfacet
  facet normal -0.125847 0.991931 0.0153734
    outer loop
      vertex -43.7542 52.5206 9.97373
      vertex -43.7171 52.5255 9.96461
      vertex -43.8099 52.514 9.94753
    endloop
  endfacet
  facet normal -0.125506 0.991951 0.0167724
    outer loop
      vertex -43.6801 52.5271 10.1426
      vertex -43.7171 52.5255 9.96461
      vertex -43.7542 52.5206 9.97373
    endloop
  endfacet
  facet normal -0.125299 0.991979 0.0166807
    outer loop
      vertex -43.7198 52.522 10.1518
      vertex -43.6801 52.5271 10.1426
      vertex -43.7542 52.5206 9.97373
    endloop
  endfacet
  facet normal -0.0837182 0.995891 0.0345267
    outer loop
      vertex -34.6035 53.3826 12.2329
      vertex -37.3275 53.1847 11.3365
      vertex -39.0984 52.9992 12.3937
    endloop
  endfacet
  facet normal -0.0803708 0.996471 0.0242273
    outer loop
      vertex -34.6035 53.3826 12.2329
      vertex -34.6519 53.4063 11.0988
      vertex -37.3275 53.1847 11.3365
    endloop
  endfacet
  facet normal -0.0809702 0.996562 0.0175656
    outer loop
      vertex -37.3275 53.1847 11.3365
      vertex -34.6519 53.4063 11.0988
      vertex -37.5564 53.1828 10.3926
    endloop
  endfacet
  facet normal -0.0822441 0.99635 0.0228718
    outer loop
      vertex -34.6519 53.4063 11.0988
      vertex -34.9429 53.407 10.0242
      vertex -37.5564 53.1828 10.3926
    endloop
  endfacet
  facet normal -0.0835351 0.99641 0.0137504
    outer loop
      vertex -37.5564 53.1828 10.3926
      vertex -34.9429 53.407 10.0242
      vertex -38.0452 53.1553 9.41447
    endloop
  endfacet
  facet normal -0.0848866 0.996175 0.0207243
    outer loop
      vertex -34.9429 53.407 10.0242
      vertex -35.6 53.3738 8.9276
      vertex -38.0452 53.1553 9.41447
    endloop
  endfacet
  facet normal -0.0875913 0.996131 0.00712064
    outer loop
      vertex -38.0452 53.1553 9.41447
      vertex -35.6 53.3738 8.9276
      vertex -38.4965 53.119 8.94553
    endloop
  endfacet
  facet normal -0.0875328 0.996044 0.0153305
    outer loop
      vertex -35.6 53.3738 8.9276
      vertex -36.2212 53.327 8.42006
      vertex -38.4965 53.119 8.94553
    endloop
  endfacet
  facet normal -0.0922409 0.995723 -0.00518265
    outer loop
      vertex -38.4965 53.119 8.94553
      vertex -36.2212 53.327 8.42006
      vertex -38.802 53.0899 8.79224
    endloop
  endfacet
  facet normal -0.0909093 0.995851 0.00413264
    outer loop
      vertex -36.2212 53.327 8.42006
      vertex -36.6473 53.2887 8.26666
      vertex -38.802 53.0899 8.79224
    endloop
  endfacet
  facet normal -0.102494 0.993753 -0.0441533
    outer loop
      vertex -36.6473 53.2887 8.26666
      vertex -37.1165 53.2409 8.27866
      vertex -38.802 53.0899 8.79224
    endloop
  endfacet
  facet normal -0.0437036 0.99642 0.0723671
    outer loop
      vertex -25.5915 53.8013 11.9106
      vertex -30.1305 53.6904 10.6971
      vertex -34.6035 53.3826 12.2329
    endloop
  endfacet
  facet normal -0.0344141 0.998707 0.0374115
    outer loop
      vertex -25.5915 53.8013 11.9106
      vertex -25.6035 53.8614 10.295
      vertex -30.1305 53.6904 10.6971
    endloop
  endfacet
  facet normal -0.0361091 0.999176 0.0185302
    outer loop
      vertex -30.1305 53.6904 10.6971
      vertex -25.6035 53.8614 10.295
      vertex -30.5264 53.7001 9.40157
    endloop
  endfacet
  facet normal -0.037952 0.998866 0.0287408
    outer loop
      vertex -25.6035 53.8614 10.295
      vertex -26.1042 53.886 8.77819
      vertex -30.5264 53.7001 9.40157
    endloop
  endfacet
  facet normal -0.0407937 0.99913 0.00866104
    outer loop
      vertex -30.5264 53.7001 9.40157
      vertex -26.1042 53.886 8.77819
      vertex -30.9505 53.689 8.68198
    endloop
  endfacet
  facet normal -0.0410262 0.998942 0.0207542
    outer loop
      vertex -26.1042 53.886 8.77819
      vertex -26.654 53.8808 7.94291
      vertex -30.9505 53.689 8.68198
    endloop
  endfacet
  facet normal -0.0426626 0.999026 0.0112624
    outer loop
      vertex -26.654 53.8808 7.94291
      vertex -27.3304 53.8594 7.28102
      vertex -30.9505 53.689 8.68198
    endloop
  endfacet
  facet normal -0.0981399 0.984437 -0.145782
    outer loop
      vertex -29.575 53.727 6.4847
      vertex -30.2917 53.6693 6.57707
      vertex -37.1165 53.2409 8.27866
    endloop
  endfacet
  facet normal -0.144454 0.922796 -0.357183
    outer loop
      vertex -32.8342 53.572 7.40215
      vertex -29.575 53.727 6.4847
      vertex -37.1165 53.2409 8.27866
    endloop
  endfacet
  facet normal -0.0607715 0.997028 -0.0473576
    outer loop
      vertex -28.5259 53.7985 6.64292
      vertex -29.575 53.727 6.4847
      vertex -32.8342 53.572 7.40215
    endloop
  endfacet
  facet normal -0.125469 0.991957 0.0167137
    outer loop
      vertex -43.7198 52.522 10.1518
      vertex -43.7542 52.5206 9.97373
      vertex -43.7794 52.5142 10.1656
    endloop
  endfacet
  facet normal -0.12631 0.991852 0.0165997
    outer loop
      vertex -43.7794 52.5142 10.1656
      vertex -43.7542 52.5206 9.97373
      vertex -43.8133 52.5132 9.97031
    endloop
  endfacet
  facet normal -0.126193 0.991867 0.0165791
    outer loop
      vertex -43.7794 52.5142 10.1656
      vertex -43.8133 52.5132 9.97031
      vertex -43.8374 52.5078 10.11
    endloop
  endfacet
  facet normal -0.125335 0.991973 0.0167366
    outer loop
      vertex -43.6801 52.5271 10.1426
      vertex -43.643 52.5351 9.94637
      vertex -43.7171 52.5255 9.96461
    endloop
  endfacet
  facet normal -0.124945 0.992021 0.0168123
    outer loop
      vertex -43.6007 52.5375 10.1243
      vertex -43.643 52.5351 9.94637
      vertex -43.6801 52.5271 10.1426
    endloop
  endfacet
  facet normal -0.124836 0.992035 0.0167861
    outer loop
      vertex -43.6007 52.5375 10.1243
      vertex -43.5659 52.5441 9.9895
      vertex -43.643 52.5351 9.94637
    endloop
  endfacet
  facet normal -0.124334 0.992085 0.0175361
    outer loop
      vertex -43.4724 52.5576 9.88592
      vertex -43.4792 52.5569 9.87549
      vertex -43.5899 52.5424 9.91502
    endloop
  endfacet
  facet normal -0.124332 0.992086 0.0175412
    outer loop
      vertex -43.5899 52.5424 9.91502
      vertex -43.4792 52.5569 9.87549
      vertex -43.5953 52.5419 9.90435
    endloop
  endfacet
  facet normal -0.124342 0.992084 0.0175464
    outer loop
      vertex -43.5899 52.5424 9.91502
      vertex -43.5953 52.5419 9.90435
      vertex -43.643 52.5351 9.94637
    endloop
  endfacet
  facet normal -0.125349 0.991977 0.0163863
    outer loop
      vertex -43.643 52.5351 9.94637
      vertex -43.5953 52.5419 9.90435
      vertex -43.7039 52.5279 9.92111
    endloop
  endfacet
  facet normal -0.125394 0.99197 0.0164956
    outer loop
      vertex -43.643 52.5351 9.94637
      vertex -43.7039 52.5279 9.92111
      vertex -43.7171 52.5255 9.96461
    endloop
  endfacet
  facet normal -0.123664 0.992184 0.0167037
    outer loop
      vertex -43.3548 52.5728 9.85681
      vertex -43.363 52.5719 9.84662
      vertex -43.4792 52.5569 9.87549
    endloop
  endfacet
  facet normal -0.12361 0.992184 0.0170582
    outer loop
      vertex -43.4724 52.5576 9.88592
      vertex -43.3548 52.5728 9.85681
      vertex -43.4792 52.5569 9.87549
    endloop
  endfacet
  facet normal -0.123592 0.992185 0.017132
    outer loop
      vertex -43.3335 52.5747 9.89756
      vertex -43.3548 52.5728 9.85681
      vertex -43.4724 52.5576 9.88592
    endloop
  endfacet
  facet normal -0.123574 0.992191 0.0169079
    outer loop
      vertex -43.4544 52.5591 9.92705
      vertex -43.3335 52.5747 9.89756
      vertex -43.4724 52.5576 9.88592
    endloop
  endfacet
  facet normal -0.123481 0.992196 0.0172907
    outer loop
      vertex -43.2816 52.5785 10.0506
      vertex -43.3335 52.5747 9.89756
      vertex -43.4544 52.5591 9.92705
    endloop
  endfacet
  facet normal -0.123111 0.992251 0.0167636
    outer loop
      vertex -43.4093 52.5621 10.0801
      vertex -43.2816 52.5785 10.0506
      vertex -43.4544 52.5591 9.92705
    endloop
  endfacet
  facet normal -0.122987 0.992257 0.0173027
    outer loop
      vertex -43.1206 52.5858 10.7754
      vertex -43.2816 52.5785 10.0506
      vertex -43.4093 52.5621 10.0801
    endloop
  endfacet
  facet normal -0.122597 0.99232 0.0164765
    outer loop
      vertex -43.1196 52.6028 9.7986
      vertex -43.1306 52.6016 9.78888
      vertex -43.363 52.5719 9.84662
    endloop
  endfacet
  facet normal -0.122706 0.992315 0.0159221
    outer loop
      vertex -43.3548 52.5728 9.85681
      vertex -43.1196 52.6028 9.7986
      vertex -43.363 52.5719 9.84662
    endloop
  endfacet
  facet normal -0.122402 0.992332 0.0171578
    outer loop
      vertex -43.0917 52.6055 9.83857
      vertex -43.1196 52.6028 9.7986
      vertex -43.3548 52.5728 9.85681
    endloop
  endfacet
  facet normal -0.122447 0.992337 0.0165261
    outer loop
      vertex -43.3335 52.5747 9.89756
      vertex -43.0917 52.6055 9.83857
      vertex -43.3548 52.5728 9.85681
    endloop
  endfacet
  facet normal -0.12219 0.992351 0.0175877
    outer loop
      vertex -43.0262 52.6109 9.99164
      vertex -43.0917 52.6055 9.83857
      vertex -43.3335 52.5747 9.89756
    endloop
  endfacet
  facet normal -0.121943 0.992396 0.0167639
    outer loop
      vertex -43.2816 52.5785 10.0506
      vertex -43.0262 52.6109 9.99164
      vertex -43.3335 52.5747 9.89756
    endloop
  endfacet
  facet normal -0.121735 0.992405 0.0176668
    outer loop
      vertex -42.8356 52.6212 10.7264
      vertex -43.0262 52.6109 9.99164
      vertex -43.2816 52.5785 10.0506
    endloop
  endfacet
  facet normal -0.120289 0.992598 0.0167
    outer loop
      vertex -43.1206 52.5858 10.7754
      vertex -42.8356 52.6212 10.7264
      vertex -43.2816 52.5785 10.0506
    endloop
  endfacet
  facet normal -0.120253 0.992599 0.0169122
    outer loop
      vertex -42.8356 52.6212 10.7264
      vertex -43.1206 52.5858 10.7754
      vertex -43.1991 52.5693 11.188
    endloop
  endfacet
  facet normal -0.119658 0.992649 0.0181596
    outer loop
      vertex -42.4632 52.6809 9.86161
      vertex -42.5334 52.6746 9.74059
      vertex -43.0917 52.6055 9.83857
    endloop
  endfacet
  facet normal -0.1196 0.992686 0.016468
    outer loop
      vertex -43.0262 52.6109 9.99164
      vertex -42.4632 52.6809 9.86161
      vertex -43.0917 52.6055 9.83857
    endloop
  endfacet
  facet normal -0.119155 0.992705 0.0184081
    outer loop
      vertex -42.308 52.692 10.2633
      vertex -42.4632 52.6809 9.86161
      vertex -43.0262 52.6109 9.99164
    endloop
  endfacet
  facet normal -0.112891 0.993466 0.016771
    outer loop
      vertex -41.9917 52.7029 11.7508
      vertex -41.5502 52.7537 11.7116
      vertex -42.308 52.692 10.2633
    endloop
  endfacet
  facet normal -0.115405 0.993154 0.0181
    outer loop
      vertex -41.5502 52.7537 11.7116
      vertex -41.9045 52.7404 10.1829
      vertex -42.308 52.692 10.2633
    endloop
  endfacet
  facet normal -0.115618 0.993148 0.017029
    outer loop
      vertex -42.308 52.692 10.2633
      vertex -41.9045 52.7404 10.1829
      vertex -42.4632 52.6809 9.86161
    endloop
  endfacet
  facet normal -0.11636 0.993038 0.0183395
    outer loop
      vertex -41.9045 52.7404 10.1829
      vertex -42.0877 52.7265 9.77489
      vertex -42.4632 52.6809 9.86161
    endloop
  endfacet
  facet normal -0.116788 0.99302 0.0164755
    outer loop
      vertex -42.4632 52.6809 9.86161
      vertex -42.0877 52.7265 9.77489
      vertex -42.5334 52.6746 9.74059
    endloop
  endfacet
  facet normal -0.11687 0.992992 0.0175817
    outer loop
      vertex -42.0877 52.7265 9.77489
      vertex -42.1724 52.7186 9.65353
      vertex -42.5334 52.6746 9.74059
    endloop
  endfacet
  facet normal -0.117378 0.992967 0.0154623
    outer loop
      vertex -42.5334 52.6746 9.74059
      vertex -42.1724 52.7186 9.65353
      vertex -42.5814 52.6698 9.68515
    endloop
  endfacet
  facet normal -0.117303 0.99296 0.0164188
    outer loop
      vertex -42.1724 52.7186 9.65353
      vertex -42.231 52.7126 9.59893
      vertex -42.5814 52.6698 9.68515
    endloop
  endfacet
  facet normal -0.118136 0.992912 0.0130116
    outer loop
      vertex -42.5814 52.6698 9.68515
      vertex -42.231 52.7126 9.59893
      vertex -42.6183 52.6657 9.66157
    endloop
  endfacet
  facet normal -0.117955 0.992918 0.0141323
    outer loop
      vertex -42.231 52.7126 9.59893
      vertex -42.2766 52.7075 9.57666
      vertex -42.6183 52.6657 9.66157
    endloop
  endfacet
  facet normal -0.112286 0.993539 0.0164933
    outer loop
      vertex -41.9045 52.7404 10.1829
      vertex -41.0972 52.8343 10.0222
      vertex -42.0877 52.7265 9.77489
    endloop
  endfacet
  facet normal -0.112844 0.993435 0.0187754
    outer loop
      vertex -41.0972 52.8343 10.0222
      vertex -41.3364 52.8151 9.60139
      vertex -42.0877 52.7265 9.77489
    endloop
  endfacet
  facet normal -0.113642 0.993404 0.0153027
    outer loop
      vertex -42.0877 52.7265 9.77489
      vertex -41.3364 52.8151 9.60139
      vertex -42.1724 52.7186 9.65353
    endloop
  endfacet
  facet normal -0.113497 0.993383 0.017592
    outer loop
      vertex -41.3364 52.8151 9.60139
      vertex -41.45 52.8043 9.47937
      vertex -42.1724 52.7186 9.65353
    endloop
  endfacet
  facet normal -0.114507 0.993332 0.0133773
    outer loop
      vertex -42.1724 52.7186 9.65353
      vertex -41.45 52.8043 9.47937
      vertex -42.231 52.7126 9.59893
    endloop
  endfacet
  facet normal -0.114287 0.993337 0.014822
    outer loop
      vertex -41.45 52.8043 9.47937
      vertex -41.5633 52.7922 9.41336
      vertex -42.231 52.7126 9.59893
    endloop
  endfacet
  facet normal -0.115744 0.993233 0.00953312
    outer loop
      vertex -42.231 52.7126 9.59893
      vertex -41.5633 52.7922 9.41336
      vertex -42.2766 52.7075 9.57666
    endloop
  endfacet
  facet normal -0.0992023 0.994876 0.019527
    outer loop
      vertex -38.6639 53.0591 11.4552
      vertex -38.8619 53.0566 10.5766
      vertex -39.9995 52.9236 11.5738
    endloop
  endfacet
  facet normal -0.10104 0.99473 0.0174108
    outer loop
      vertex -39.9995 52.9236 11.5738
      vertex -38.8619 53.0566 10.5766
      vertex -40.3166 52.9138 10.2931
    endloop
  endfacet
  facet normal -0.106061 0.994185 0.018658
    outer loop
      vertex -39.9995 52.9236 11.5738
      vertex -40.3166 52.9138 10.2931
      vertex -40.8184 52.8498 10.8524
    endloop
  endfacet
  facet normal -0.099698 0.994969 0.00982201
    outer loop
      vertex -38.4965 53.119 8.94553
      vertex -38.802 53.0899 8.79224
      vertex -39.8783 52.9794 9.05477
    endloop
  endfacet
  facet normal -0.100046 0.994968 0.00542131
    outer loop
      vertex -39.633 53.0033 9.20801
      vertex -38.4965 53.119 8.94553
      vertex -39.8783 52.9794 9.05477
    endloop
  endfacet
  facet normal -0.0974558 0.9951 0.0166939
    outer loop
      vertex -38.0452 53.1553 9.41447
      vertex -38.4965 53.119 8.94553
      vertex -39.633 53.0033 9.20801
    endloop
  endfacet
  facet normal -0.0969254 0.995213 0.0125321
    outer loop
      vertex -39.2666 53.0333 9.65768
      vertex -38.0452 53.1553 9.41447
      vertex -39.633 53.0033 9.20801
    endloop
  endfacet
  facet normal -0.0954889 0.995234 0.0197572
    outer loop
      vertex -37.5564 53.1828 10.3926
      vertex -38.0452 53.1553 9.41447
      vertex -39.2666 53.0333 9.65768
    endloop
  endfacet
  facet normal -0.0939363 0.995448 0.0161006
    outer loop
      vertex -38.8619 53.0566 10.5766
      vertex -37.5564 53.1828 10.3926
      vertex -39.2666 53.0333 9.65768
    endloop
  endfacet
  facet normal -0.0933055 0.995425 0.0205593
    outer loop
      vertex -37.3275 53.1847 11.3365
      vertex -37.5564 53.1828 10.3926
      vertex -38.8619 53.0566 10.5766
    endloop
  endfacet
  facet normal -0.0920044 0.995598 0.0179028
    outer loop
      vertex -38.6639 53.0591 11.4552
      vertex -37.3275 53.1847 11.3365
      vertex -38.8619 53.0566 10.5766
    endloop
  endfacet
  facet normal -0.0917201 0.995562 0.021065
    outer loop
      vertex -37.3275 53.1847 11.3365
      vertex -38.6639 53.0591 11.4552
      vertex -39.0984 52.9992 12.3937
    endloop
  endfacet
  facet normal -0.0611732 0.99798 0.0171671
    outer loop
      vertex -34.6519 53.4063 11.0988
      vertex -30.1305 53.6904 10.6971
      vertex -34.9429 53.407 10.0242
    endloop
  endfacet
  facet normal -0.0624719 0.997693 0.026575
    outer loop
      vertex -30.1305 53.6904 10.6971
      vertex -30.5264 53.7001 9.40157
      vertex -34.9429 53.407 10.0242
    endloop
  endfacet
  facet normal -0.0649944 0.997847 0.00875359
    outer loop
      vertex -34.9429 53.407 10.0242
      vertex -30.5264 53.7001 9.40157
      vertex -35.6 53.3738 8.9276
    endloop
  endfacet
  facet normal -0.066375 0.997512 0.0237627
    outer loop
      vertex -30.5264 53.7001 9.40157
      vertex -30.9505 53.689 8.68198
      vertex -35.6 53.3738 8.9276
    endloop
  endfacet
  facet normal -0.0668108 0.997642 0.0156809
    outer loop
      vertex -30.9505 53.689 8.68198
      vertex -31.9189 53.6386 7.76321
      vertex -35.6 53.3738 8.9276
    endloop
  endfacet
  facet normal 0.123748 -0.991874 0.029521
    outer loop
      vertex -17.2593 51.5518 11.6127
      vertex -17.6965 51.5032 11.8125
      vertex -18.3843 51.4126 11.6529
    endloop
  endfacet
  facet normal 0.132937 -0.989857 0.050117
    outer loop
      vertex -17.2593 51.5518 11.6127
      vertex -17.3171 51.5599 11.9266
      vertex -17.6965 51.5032 11.8125
    endloop
  endfacet
  facet normal 0.0265197 -0.993696 -0.10893
    outer loop
      vertex -22.9934 51.2665 5.82648
      vertex -22.2197 51.2393 6.26341
      vertex -24.7247 51.1177 6.76221
    endloop
  endfacet
  facet normal 0.01685 -0.991821 -0.126523
    outer loop
      vertex -22.9934 51.2665 5.82648
      vertex -24.7247 51.1177 6.76221
      vertex -26.1155 51.1804 6.08624
    endloop
  endfacet
  facet normal -0.145624 -0.689641 -0.709358
    outer loop
      vertex -25.4003 51.3806 5.41241
      vertex -27.3317 51.2533 5.9327
      vertex -28.1611 51.312 6.04585
    endloop
  endfacet
  facet normal -0.204486 -0.318248 -0.925691
    outer loop
      vertex -24.0266 51.6539 5.015
      vertex -25.4003 51.3806 5.41241
      vertex -28.1611 51.312 6.04585
    endloop
  endfacet
  facet normal -0.232901 -0.210095 -0.949535
    outer loop
      vertex -24.0266 51.6539 5.015
      vertex -23.8961 51.6484 4.98421
      vertex -25.4003 51.3806 5.41241
    endloop
  endfacet
  facet normal -0.131019 -0.56578 -0.81408
    outer loop
      vertex -23.8961 51.6484 4.98421
      vertex -22.9818 51.612 4.86234
      vertex -25.4003 51.3806 5.41241
    endloop
  endfacet
  facet normal 0.0410906 -0.998885 0.0232411
    outer loop
      vertex -19.9667 51.2228 9.79427
      vertex -22.6052 51.1441 11.0758
      vertex -22.7694 51.1051 9.68777
    endloop
  endfacet
  facet normal 0.0384905 -0.999099 0.0178749
    outer loop
      vertex -19.9667 51.2228 9.79427
      vertex -19.8784 51.2432 10.7416
      vertex -22.6052 51.1441 11.0758
    endloop
  endfacet
  facet normal 0.0463383 -0.995473 0.0829809
    outer loop
      vertex -19.8784 51.2432 10.7416
      vertex -18.8552 51.3586 11.5545
      vertex -22.6052 51.1441 11.0758
    endloop
  endfacet
  facet normal 0.0345117 -0.996978 -0.0695938
    outer loop
      vertex -22.2197 51.2393 6.26341
      vertex -23.9347 51.0953 7.47514
      vertex -24.7247 51.1177 6.76221
    endloop
  endfacet
  facet normal 0.034292 -0.996964 -0.0699031
    outer loop
      vertex -22.2197 51.2393 6.26341
      vertex -21.3366 51.216 7.02823
      vertex -23.9347 51.0953 7.47514
    endloop
  endfacet
  facet normal 0.0402968 -0.99856 -0.035425
    outer loop
      vertex -21.3366 51.216 7.02823
      vertex -23.2892 51.0892 8.38135
      vertex -23.9347 51.0953 7.47514
    endloop
  endfacet
  facet normal 0.0387611 -0.998539 -0.0376392
    outer loop
      vertex -21.3366 51.216 7.02823
      vertex -20.619 51.2071 8.00494
      vertex -23.2892 51.0892 8.38135
    endloop
  endfacet
  facet normal 0.0433645 -0.999046 -0.00514182
    outer loop
      vertex -20.619 51.2071 8.00494
      vertex -22.7694 51.1051 9.68777
      vertex -23.2892 51.0892 8.38135
    endloop
  endfacet
  facet normal 0.037105 -0.999225 -0.0131514
    outer loop
      vertex -20.619 51.2071 8.00494
      vertex -20.2127 51.2106 8.87998
      vertex -22.7694 51.1051 9.68777
    endloop
  endfacet
  facet normal 0.0419055 -0.999119 0.00205613
    outer loop
      vertex -20.2127 51.2106 8.87998
      vertex -19.9667 51.2228 9.79427
      vertex -22.7694 51.1051 9.68777
    endloop
  endfacet
  facet normal -0.0188516 -0.952757 -0.303149
    outer loop
      vertex -25.4003 51.3806 5.41241
      vertex -26.1155 51.1804 6.08624
      vertex -27.3317 51.2533 5.9327
    endloop
  endfacet
  facet normal -0.0222646 -0.951631 -0.306437
    outer loop
      vertex -25.4003 51.3806 5.41241
      vertex -23.781 51.2993 5.54711
      vertex -26.1155 51.1804 6.08624
    endloop
  endfacet
  facet normal 0.0142646 -0.987622 -0.156204
    outer loop
      vertex -23.781 51.2993 5.54711
      vertex -22.9934 51.2665 5.82648
      vertex -26.1155 51.1804 6.08624
    endloop
  endfacet
  facet normal 0.123898 -0.991702 0.0343028
    outer loop
      vertex -17.1638 51.5277 10.5722
      vertex -17.2593 51.5518 11.6127
      vertex -18.3843 51.4126 11.6529
    endloop
  endfacet
  facet normal 0.110173 -0.993739 0.0185851
    outer loop
      vertex -17.1638 51.5277 10.5722
      vertex -18.3843 51.4126 11.6529
      vertex -18.8552 51.3586 11.5545
    endloop
  endfacet
  facet normal 0.104812 -0.994449 0.00923398
    outer loop
      vertex -17.1638 51.5277 10.5722
      vertex -18.8552 51.3586 11.5545
      vertex -19.8784 51.2432 10.7416
    endloop
  endfacet
  facet normal 0.104752 -0.994464 0.00823285
    outer loop
      vertex -17.2528 51.5099 9.55318
      vertex -17.1638 51.5277 10.5722
      vertex -19.8784 51.2432 10.7416
    endloop
  endfacet
  facet normal 0.106194 -0.994279 0.0114611
    outer loop
      vertex -17.2528 51.5099 9.55318
      vertex -19.8784 51.2432 10.7416
      vertex -19.9667 51.2228 9.79427
    endloop
  endfacet
  facet normal 0.103741 -0.99447 -0.0163756
    outer loop
      vertex -17.5176 51.4985 8.57017
      vertex -17.2528 51.5099 9.55318
      vertex -19.9667 51.2228 9.79427
    endloop
  endfacet
  facet normal 0.104498 -0.994414 -0.014848
    outer loop
      vertex -17.5176 51.4985 8.57017
      vertex -19.9667 51.2228 9.79427
      vertex -20.2127 51.2106 8.87998
    endloop
  endfacet
  facet normal 0.10123 -0.99394 -0.0428378
    outer loop
      vertex -17.9614 51.4938 7.63029
      vertex -17.5176 51.4985 8.57017
      vertex -20.2127 51.2106 8.87998
    endloop
  endfacet
  facet normal 0.101182 -0.993941 -0.0429252
    outer loop
      vertex -17.9614 51.4938 7.63029
      vertex -20.2127 51.2106 8.87998
      vertex -20.619 51.2071 8.00494
    endloop
  endfacet
  facet normal 0.0962005 -0.992374 -0.0770619
    outer loop
      vertex -18.7507 51.4986 6.58341
      vertex -17.9614 51.4938 7.63029
      vertex -20.619 51.2071 8.00494
    endloop
  endfacet
  facet normal 0.0948711 -0.992365 -0.0788073
    outer loop
      vertex -18.7507 51.4986 6.58341
      vertex -20.619 51.2071 8.00494
      vertex -21.3366 51.216 7.02823
    endloop
  endfacet
  facet normal 0.0867716 -0.988548 -0.123468
    outer loop
      vertex -19.7263 51.5149 5.76696
      vertex -18.7507 51.4986 6.58341
      vertex -21.3366 51.216 7.02823
    endloop
  endfacet
  facet normal 0.0839677 -0.988342 -0.126999
    outer loop
      vertex -19.7263 51.5149 5.76696
      vertex -21.3366 51.216 7.02823
      vertex -22.2197 51.2393 6.26341
    endloop
  endfacet
  facet normal 0.0730677 -0.98134 -0.177856
    outer loop
      vertex -20.5834 51.5351 5.30354
      vertex -19.7263 51.5149 5.76696
      vertex -22.2197 51.2393 6.26341
    endloop
  endfacet
  facet normal 0.0693449 -0.980488 -0.18394
    outer loop
      vertex -20.5834 51.5351 5.30354
      vertex -22.2197 51.2393 6.26341
      vertex -22.9934 51.2665 5.82648
    endloop
  endfacet
  facet normal 0.0546745 -0.967952 -0.245112
    outer loop
      vertex -21.4575 51.5599 5.01051
      vertex -20.5834 51.5351 5.30354
      vertex -22.9934 51.2665 5.82648
    endloop
  endfacet
  facet normal 0.0497448 -0.966005 -0.253691
    outer loop
      vertex -21.4575 51.5599 5.01051
      vertex -22.9934 51.2665 5.82648
      vertex -23.781 51.2993 5.54711
    endloop
  endfacet
  facet normal 0.00836654 -0.913276 -0.407255
    outer loop
      vertex -22.9818 51.612 4.86234
      vertex -21.4575 51.5599 5.01051
      vertex -23.781 51.2993 5.54711
    endloop
  endfacet
  facet normal -0.0100646 -0.905118 -0.425041
    outer loop
      vertex -22.9818 51.612 4.86234
      vertex -23.781 51.2993 5.54711
      vertex -25.4003 51.3806 5.41241
    endloop
  endfacet
  facet normal 0.427843 0 -0.903853
    outer loop
      vertex -17.6965 51.5032 11.8125
      vertex -16.3008 8.1271 12.4731
      vertex -17.6965 7.8932 11.8125
    endloop
  endfacet
  facet normal 0.288832 -0.00528794 -0.957365
    outer loop
      vertex -17.3171 51.5599 11.9266
      vertex -16.3008 8.1271 12.4731
      vertex -17.6965 51.5032 11.8125
    endloop
  endfacet
  facet normal 0.399102 -0.00219858 -0.916904
    outer loop
      vertex -16.8452 51.6409 12.1318
      vertex -16.3008 8.1271 12.4731
      vertex -17.3171 51.5599 11.9266
    endloop
  endfacet
  facet normal 0.541078 0 -0.840973
    outer loop
      vertex -16.229 51.7986 12.5283
      vertex -16.229 8.13621 12.5283
      vertex -16.8452 51.6409 12.1318
    endloop
  endfacet
  facet normal 0.609103 0.00139987 -0.79309
    outer loop
      vertex -16.229 8.13621 12.5283
      vertex -16.3008 8.1271 12.4731
      vertex -16.8452 51.6409 12.1318
    endloop
  endfacet
  facet normal -0.031052 0.999431 0.0131524
    outer loop
      vertex -26.452 53.2834 46.8861
      vertex -25.7545 53.751 13
      vertex -32.8074 53.0859 46.8861
    endloop
  endfacet
  facet normal -0.00891468 0.999868 0.0136141
    outer loop
      vertex -22.8438 53.777 13
      vertex -25.7545 53.751 13
      vertex -26.452 53.2834 46.8861
    endloop
  endfacet
  facet normal -0.0438988 0.998981 0.0104697
    outer loop
      vertex -32.8074 53.0859 46.8861
      vertex -25.7545 53.751 13
      vertex -34.6559 53.3599 13
    endloop
  endfacet
  facet normal -0.109612 0.993873 0.0141859
    outer loop
      vertex -39.1388 52.5 46.8861
      vertex -39.0958 52.9884 13
      vertex -43.5243 52.5 13
    endloop
  endfacet
  facet normal -0.0833617 0.996417 0.0142559
    outer loop
      vertex -34.6559 53.3599 13
      vertex -39.0958 52.9884 13
      vertex -39.1388 52.5 46.8861
    endloop
  endfacet
  facet normal -0.107378 0.994157 0.0110213
    outer loop
      vertex -35.9776 52.8414 46.8861
      vertex -34.6559 53.3599 13
      vertex -39.1388 52.5 46.8861
    endloop
  endfacet
  facet normal -0.0768937 0.996964 0.0122533
    outer loop
      vertex -32.8074 53.0859 46.8861
      vertex -34.6559 53.3599 13
      vertex -35.9776 52.8414 46.8861
    endloop
  endfacet
  facet normal 0 0 1
    outer loop
      vertex -21.7531 52.5634 46.8861
      vertex -21.7531 52.4366 46.8861
      vertex -21.7348 52.5 46.8861
    endloop
  endfacet
  facet normal 0 0 1
    outer loop
      vertex -21.9805 52.7619 46.8861
      vertex -21.7531 52.4366 46.8861
      vertex -21.7531 52.5634 46.8861
    endloop
  endfacet
  facet normal 0 0 1
    outer loop
      vertex -21.9805 52.7619 46.8861
      vertex -21.9805 52.2381 46.8861
      vertex -21.7531 52.4366 46.8861
    endloop
  endfacet
  facet normal 0 0 1
    outer loop
      vertex -21.9926 52.7672 46.8861
      vertex -21.9805 52.2381 46.8861
      vertex -21.9805 52.7619 46.8861
    endloop
  endfacet
  facet normal 0 0 1
    outer loop
      vertex -21.9926 52.7672 46.8861
      vertex -21.9926 52.2328 46.8861
      vertex -21.9805 52.2381 46.8861
    endloop
  endfacet
  facet normal 0 0 1
    outer loop
      vertex -22.8716 53.0155 46.8861
      vertex -21.9926 52.2328 46.8861
      vertex -21.9926 52.7672 46.8861
    endloop
  endfacet
  facet normal 0 0 1
    outer loop
      vertex -22.8716 53.0155 46.8861
      vertex -22.8716 51.9845 46.8861
      vertex -21.9926 52.2328 46.8861
    endloop
  endfacet
  facet normal 0 0 1
    outer loop
      vertex -26.4385 53.2834 46.8861
      vertex -22.8716 51.9845 46.8861
      vertex -22.8716 53.0155 46.8861
    endloop
  endfacet
  facet normal 0 0 1
    outer loop
      vertex -26.4385 53.2834 46.8861
      vertex -26.4385 51.7166 46.8861
      vertex -22.8716 51.9845 46.8861
    endloop
  endfacet
  facet normal -0 0 1
    outer loop
      vertex -26.452 53.2834 46.8861
      vertex -26.4385 51.7166 46.8861
      vertex -26.4385 53.2834 46.8861
    endloop
  endfacet
  facet normal 0 0 1
    outer loop
      vertex -26.452 53.2834 46.8861
      vertex -26.452 51.7166 46.8861
      vertex -26.4385 51.7166 46.8861
    endloop
  endfacet
  facet normal -0 0 1
    outer loop
      vertex -32.8074 53.0859 46.8861
      vertex -26.452 51.7166 46.8861
      vertex -26.452 53.2834 46.8861
    endloop
  endfacet
  facet normal 0 0 1
    outer loop
      vertex -32.8074 53.0859 46.8861
      vertex -32.8074 51.914 46.8861
      vertex -26.452 51.7166 46.8861
    endloop
  endfacet
  facet normal -0 0 1
    outer loop
      vertex -35.9776 52.8414 46.8861
      vertex -32.8074 51.914 46.8861
      vertex -32.8074 53.0859 46.8861
    endloop
  endfacet
  facet normal 0 0 1
    outer loop
      vertex -35.9776 52.8414 46.8861
      vertex -35.9776 52.1586 46.8861
      vertex -32.8074 51.914 46.8861
    endloop
  endfacet
  facet normal 0 -0 1
    outer loop
      vertex -35.9776 52.1586 46.8861
      vertex -35.9776 52.8414 46.8861
      vertex -39.1388 52.5 46.8861
    endloop
  endfacet
  facet normal -0.112155 -0.993585 0.0145106
    outer loop
      vertex -39.81 52.0723 12.4191
      vertex -43.5243 52.5 13
      vertex -43.582 52.5 12.554
    endloop
  endfacet
  facet normal -0.111667 -0.993589 0.0176326
    outer loop
      vertex -39.81 52.0723 12.4191
      vertex -39.7939 52.0807 13
      vertex -43.5243 52.5 13
    endloop
  endfacet
  facet normal 0.344722 -0.936098 0.0699172
    outer loop
      vertex -16 51.9034 13
      vertex -15.6718 52.0243 13
      vertex -16.0392 51.9049 13.2136
    endloop
  endfacet
  facet normal 0.364766 -0.924473 0.110889
    outer loop
      vertex -16.0392 51.9049 13.2136
      vertex -15.6718 52.0243 13
      vertex -16.229 51.861 13.4717
    endloop
  endfacet
  facet normal 0.378154 -0.916653 0.129411
    outer loop
      vertex -15.6718 52.0243 13
      vertex -15.5721 52.0654 13
      vertex -16.229 51.861 13.4717
    endloop
  endfacet
  facet normal 0.341446 -0.937341 0.0693259
    outer loop
      vertex -16.229 51.861 13.4717
      vertex -15.5721 52.0654 13
      vertex -21.9926 52.2328 46.8861
    endloop
  endfacet
  facet normal 0.222152 -0.973841 0.0477628
    outer loop
      vertex -17.1844 51.6701 14.0231
      vertex -16.229 51.861 13.4717
      vertex -22.8716 51.9845 46.8861
    endloop
  endfacet
  facet normal 0.271384 -0.960752 0.0575014
    outer loop
      vertex -16.229 51.861 13.4717
      vertex -21.9926 52.2328 46.8861
      vertex -22.8716 51.9845 46.8861
    endloop
  endfacet
  facet normal -0.000284267 -0.999894 0.0145336
    outer loop
      vertex -23.0509 51.2514 14.9458
      vertex -23.0293 51.2514 14.945
      vertex -26.452 51.7166 46.8861
    endloop
  endfacet
  facet normal 0 -0.999894 0.014564
    outer loop
      vertex -23.0293 51.2514 14.945
      vertex -26.4385 51.7166 46.8861
      vertex -26.452 51.7166 46.8861
    endloop
  endfacet
  facet normal 0.0349224 -0.999223 0.0182816
    outer loop
      vertex -23.0293 51.2514 14.945
      vertex -20.353 51.3404 14.7008
      vertex -26.4385 51.7166 46.8861
    endloop
  endfacet
  facet normal 0.0748847 -0.996858 0.02581
    outer loop
      vertex -20.353 51.3404 14.7008
      vertex -22.8716 51.9845 46.8861
      vertex -26.4385 51.7166 46.8861
    endloop
  endfacet
  facet normal 0.103231 -0.994264 0.0279762
    outer loop
      vertex -20.353 51.3404 14.7008
      vertex -17.6965 51.6018 14.1875
      vertex -22.8716 51.9845 46.8861
    endloop
  endfacet
  facet normal 0.142936 -0.989141 0.0342002
    outer loop
      vertex -17.6965 51.6018 14.1875
      vertex -17.1844 51.6701 14.0231
      vertex -22.8716 51.9845 46.8861
    endloop
  endfacet
  facet normal 0.821353 0 -0.57042
    outer loop
      vertex -16.229 51.7986 12.5283
      vertex -16.0286 8.15898 12.8169
      vertex -16.229 8.13621 12.5283
    endloop
  endfacet
  facet normal 0.779112 -0.000567349 -0.626885
    outer loop
      vertex -16.06 51.8638 12.7383
      vertex -16.0286 8.15898 12.8169
      vertex -16.229 51.7986 12.5283
    endloop
  endfacet
  facet normal 0.988026 0.000432461 -0.154289
    outer loop
      vertex -16 8.15957 13
      vertex -16.0286 8.15898 12.8169
      vertex -16.06 51.8638 12.7383
    endloop
  endfacet
  facet normal 0.974715 0 -0.223453
    outer loop
      vertex -16 51.9034 13
      vertex -16 8.15957 13
      vertex -16.06 51.8638 12.7383
    endloop
  endfacet
  facet normal -0.10209 0.99428 -0.0313911
    outer loop
      vertex 0 9.79714 12.3564
      vertex -16.229 8.13621 12.5283
      vertex 0 9.79731 12.362
    endloop
  endfacet
  facet normal -0.10209 0.994279 -0.0314003
    outer loop
      vertex -16.229 8.13621 12.5283
      vertex 0 9.79714 12.3564
      vertex -16.3008 8.1271 12.4731
    endloop
  endfacet
  facet normal -0.101896 0.994765 -0.00769532
    outer loop
      vertex 0 9.79731 12.362
      vertex -16.0286 8.15898 12.8169
      vertex 0 9.79754 12.3913
    endloop
  endfacet
  facet normal -0.101897 0.994765 -0.00772281
    outer loop
      vertex -16.0286 8.15898 12.8169
      vertex 0 9.79731 12.362
      vertex -16.229 8.13621 12.5283
    endloop
  endfacet
  facet normal -0.102727 0.993791 -0.0427334
    outer loop
      vertex 0 9.81413 12.7771
      vertex 0 9.79754 12.3913
      vertex -16.0286 8.15898 12.8169
    endloop
  endfacet
  facet normal -0.101725 0.981629 -0.161419
    outer loop
      vertex 0 9.79714 12.3564
      vertex 0 9.68465 11.6724
      vertex -16.3008 8.1271 12.4731
    endloop
  endfacet
  facet normal -0.0989587 0.943748 -0.315511
    outer loop
      vertex 0 9.44186 10.8944
      vertex -17.6965 7.8932 11.8125
      vertex 0 9.45752 10.9412
    endloop
  endfacet
  facet normal -0.0989586 0.943749 -0.315507
    outer loop
      vertex -17.6965 7.8932 11.8125
      vertex 0 9.44186 10.8944
      vertex -19.9611 7.50367 11.3576
    endloop
  endfacet
  facet normal -0.0943524 0.984304 -0.149144
    outer loop
      vertex 0 9.45752 10.9412
      vertex -16.3008 8.1271 12.4731
      vertex 0 9.46851 11.0137
    endloop
  endfacet
  facet normal -0.094353 0.984303 -0.149151
    outer loop
      vertex -16.3008 8.1271 12.4731
      vertex 0 9.45752 10.9412
      vertex -17.6965 7.8932 11.8125
    endloop
  endfacet
  facet normal -0.105512 0.944841 -0.310068
    outer loop
      vertex 0 9.68465 11.6724
      vertex 0 9.46851 11.0137
      vertex -16.3008 8.1271 12.4731
    endloop
  endfacet
  facet normal -0.00129692 -0.999599 0.0282753
    outer loop
      vertex -22.7694 51.1051 9.68777
      vertex -22.6052 51.1441 11.0758
      vertex -24.4197 51.1453 11.0336
    endloop
  endfacet
  facet normal -0.0154191 -0.999821 0.0109651
    outer loop
      vertex -22.7694 51.1051 9.68777
      vertex -24.4197 51.1453 11.0336
      vertex -25.4269 51.161 11.0469
    endloop
  endfacet
  facet normal -0.00577999 -0.999539 0.0298009
    outer loop
      vertex -22.7694 51.1051 9.68777
      vertex -25.4269 51.161 11.0469
      vertex -25.6034 51.1271 9.87636
    endloop
  endfacet
  facet normal -0.00677949 -0.999867 0.0148195
    outer loop
      vertex -23.2892 51.0892 8.38135
      vertex -22.7694 51.1051 9.68777
      vertex -25.6034 51.1271 9.87636
    endloop
  endfacet
  facet normal -0.00642703 -0.999861 0.0153649
    outer loop
      vertex -23.2892 51.0892 8.38135
      vertex -25.6034 51.1271 9.87636
      vertex -26.0434 51.1129 8.76961
    endloop
  endfacet
  facet normal -0.00867194 -0.999962 -0.000553657
    outer loop
      vertex -23.9347 51.0953 7.47514
      vertex -23.2892 51.0892 8.38135
      vertex -26.0434 51.1129 8.76961
    endloop
  endfacet
  facet normal -0.00875327 -0.999961 -0.000686152
    outer loop
      vertex -23.9347 51.0953 7.47514
      vertex -26.0434 51.1129 8.76961
      vertex -26.6121 51.1185 7.93569
    endloop
  endfacet
  facet normal -0.0117935 -0.999762 -0.0183704
    outer loop
      vertex -24.7247 51.1177 6.76221
      vertex -23.9347 51.0953 7.47514
      vertex -26.6121 51.1185 7.93569
    endloop
  endfacet
  facet normal -0.012592 -0.999728 -0.0196547
    outer loop
      vertex -24.7247 51.1177 6.76221
      vertex -26.6121 51.1185 7.93569
      vertex -27.3042 51.1401 7.27582
    endloop
  endfacet
  facet normal -0.0192088 -0.998413 -0.0529433
    outer loop
      vertex -26.1155 51.1804 6.08624
      vertex -24.7247 51.1177 6.76221
      vertex -27.3042 51.1401 7.27582
    endloop
  endfacet
  facet normal -0.0214721 -0.998244 -0.0551993
    outer loop
      vertex -26.1155 51.1804 6.08624
      vertex -27.3042 51.1401 7.27582
      vertex -28.5171 51.2013 6.64088
    endloop
  endfacet
  facet normal -0.0413944 -0.989028 -0.141812
    outer loop
      vertex -27.3317 51.2533 5.9327
      vertex -26.1155 51.1804 6.08624
      vertex -28.5171 51.2013 6.64088
    endloop
  endfacet
  facet normal -0.0450541 -0.987981 -0.147861
    outer loop
      vertex -27.3317 51.2533 5.9327
      vertex -28.5171 51.2013 6.64088
      vertex -29.5735 51.2729 6.48434
    endloop
  endfacet
  facet normal -0.127788 -0.863136 -0.488535
    outer loop
      vertex -28.1611 51.312 6.04585
      vertex -27.3317 51.2533 5.9327
      vertex -29.5735 51.2729 6.48434
    endloop
  endfacet
  facet normal -0.134015 -0.851151 -0.507525
    outer loop
      vertex -28.1611 51.312 6.04585
      vertex -29.5735 51.2729 6.48434
      vertex -30.2917 51.3307 6.57707
    endloop
  endfacet
  facet normal -0.105305 -0.972054 -0.209814
    outer loop
      vertex -30.2917 51.3307 6.57707
      vertex -29.5735 51.2729 6.48434
      vertex -32.8313 51.4279 7.40146
    endloop
  endfacet
  facet normal -0.0340174 -0.998841 0.0340386
    outer loop
      vertex -25.6034 51.1271 9.87636
      vertex -25.4269 51.161 11.0469
      vertex -30.0607 51.3066 10.691
    endloop
  endfacet
  facet normal -0.108006 -0.994145 0.00337502
    outer loop
      vertex -40.5202 52.0906 9.12731
      vertex -39.8777 52.0205 9.0546
      vertex -40.9999 52.1433 9.296
    endloop
  endfacet
  facet normal -0.200519 -0.903994 -0.377606
    outer loop
      vertex -40.5202 52.0906 9.12731
      vertex -42.2786 52.2927 9.57714
      vertex -43.0678 52.3903 9.7625
    endloop
  endfacet
  facet normal -0.147795 -0.979396 -0.137622
    outer loop
      vertex -40.5202 52.0906 9.12731
      vertex -41.5632 52.2078 9.41333
      vertex -42.2786 52.2927 9.57714
    endloop
  endfacet
  facet normal -0.120399 -0.992194 -0.0324763
    outer loop
      vertex -40.5202 52.0906 9.12731
      vertex -40.9999 52.1433 9.296
      vertex -41.5632 52.2078 9.41333
    endloop
  endfacet
  facet normal -0.11916 -0.99266 0.0206849
    outer loop
      vertex -43.0678 52.3903 9.7625
      vertex -42.6212 52.3346 9.66229
      vertex -43.1351 52.399 9.78998
    endloop
  endfacet
  facet normal -0.126351 -0.991851 0.0163307
    outer loop
      vertex -43.8099 52.486 9.94753
      vertex -43.814 52.4869 9.97048
      vertex -43.8629 52.493 9.96075
    endloop
  endfacet
  facet normal -0.126112 -0.991881 0.0163746
    outer loop
      vertex -43.8099 52.486 9.94753
      vertex -43.7551 52.4795 9.97397
      vertex -43.814 52.4869 9.97048
    endloop
  endfacet
  facet normal -0.126811 -0.99179 0.0164842
    outer loop
      vertex -43.8629 52.493 9.96075
      vertex -43.852 52.4953 10.1823
      vertex -43.8894 52.4965 9.96735
    endloop
  endfacet
  facet normal -0.127744 -0.991669 0.0165289
    outer loop
      vertex -43.8602 52.4928 9.97018
      vertex -43.852 52.4953 10.1823
      vertex -43.8629 52.493 9.96075
    endloop
  endfacet
  facet normal -0.125799 -0.991919 0.0164566
    outer loop
      vertex -43.8378 52.4923 10.1101
      vertex -43.852 52.4953 10.1823
      vertex -43.8602 52.4928 9.97018
    endloop
  endfacet
  facet normal -0.126505 -0.99183 0.0164266
    outer loop
      vertex -43.8894 52.4965 9.96735
      vertex -43.8176 52.4972 10.5638
      vertex -43.9027 52.4982 9.97066
    endloop
  endfacet
  facet normal -0.126428 -0.99184 0.0164174
    outer loop
      vertex -43.852 52.4953 10.1823
      vertex -43.8176 52.4972 10.5638
      vertex -43.8894 52.4965 9.96735
    endloop
  endfacet
  facet normal -0.127384 -0.991715 0.0165529
    outer loop
      vertex -43.9027 52.4982 9.97066
      vertex -43.8176 52.4972 10.5638
      vertex -43.9159 52.5 9.97396
    endloop
  endfacet
  facet normal -0.0586201 -0.997656 -0.0353149
    outer loop
      vertex -28.5171 51.2013 6.64088
      vertex -31.9067 51.3609 7.76058
      vertex -32.8313 51.4279 7.40146
    endloop
  endfacet
  facet normal -0.0606305 -0.997058 -0.0468964
    outer loop
      vertex -29.5735 51.2729 6.48434
      vertex -28.5171 51.2013 6.64088
      vertex -32.8313 51.4279 7.40146
    endloop
  endfacet
  facet normal -0.0726186 -0.997355 -0.00302206
    outer loop
      vertex -31.9067 51.3609 7.76058
      vertex -35.587 51.6253 8.92502
      vertex -36.2167 51.6727 8.41904
    endloop
  endfacet
  facet normal -0.072204 -0.99739 -0.000291715
    outer loop
      vertex -32.8313 51.4279 7.40146
      vertex -31.9067 51.3609 7.76058
      vertex -36.2167 51.6727 8.41904
    endloop
  endfacet
  facet normal -0.0813482 -0.996632 0.0103575
    outer loop
      vertex -34.6054 51.5905 11.0947
      vertex -35.286 51.65 11.4791
      vertex -37.2948 51.8125 11.3336
    endloop
  endfacet
  facet normal -0.103223 -0.994524 0.0163442
    outer loop
      vertex -39.2594 51.966 9.65624
      vertex -40.308 52.0853 10.2916
      vertex -40.6261 52.1078 9.65261
    endloop
  endfacet
  facet normal -0.103225 -0.994497 0.0178794
    outer loop
      vertex -39.6306 51.9965 9.20744
      vertex -39.2594 51.966 9.65624
      vertex -40.6261 52.1078 9.65261
    endloop
  endfacet
  facet normal -0.105038 -0.994373 0.013793
    outer loop
      vertex -39.6306 51.9965 9.20744
      vertex -40.6261 52.1078 9.65261
      vertex -40.8371 52.1266 9.40022
    endloop
  endfacet
  facet normal -0.105061 -0.994372 0.0136488
    outer loop
      vertex -39.8777 52.0205 9.0546
      vertex -39.6306 51.9965 9.20744
      vertex -40.8371 52.1266 9.40022
    endloop
  endfacet
  facet normal -0.106932 -0.994231 0.00841121
    outer loop
      vertex -39.8777 52.0205 9.0546
      vertex -40.8371 52.1266 9.40022
      vertex -40.9999 52.1433 9.296
    endloop
  endfacet
  facet normal -0.105979 -0.994193 0.018682
    outer loop
      vertex -40.308 52.0853 10.2916
      vertex -39.9806 52.0745 11.5722
      vertex -40.8083 52.1492 10.851
    endloop
  endfacet
  facet normal -0.107256 -0.994077 0.0175268
    outer loop
      vertex -40.308 52.0853 10.2916
      vertex -40.8083 52.1492 10.851
      vertex -41.0928 52.1652 10.0213
    endloop
  endfacet
  facet normal -0.1076 -0.994021 0.0185406
    outer loop
      vertex -40.6261 52.1078 9.65261
      vertex -40.308 52.0853 10.2916
      vertex -41.0928 52.1652 10.0213
    endloop
  endfacet
  facet normal -0.109056 -0.993896 0.0166781
    outer loop
      vertex -40.6261 52.1078 9.65261
      vertex -41.0928 52.1652 10.0213
      vertex -41.335 52.1848 9.60106
    endloop
  endfacet
  facet normal -0.109094 -0.993882 0.0172202
    outer loop
      vertex -40.8371 52.1266 9.40022
      vertex -40.6261 52.1078 9.65261
      vertex -41.335 52.1848 9.60106
    endloop
  endfacet
  facet normal -0.110192 -0.993805 0.0144762
    outer loop
      vertex -40.8371 52.1266 9.40022
      vertex -41.335 52.1848 9.60106
      vertex -41.4494 52.1957 9.47922
    endloop
  endfacet
  facet normal -0.110289 -0.993805 0.0137227
    outer loop
      vertex -40.9999 52.1433 9.296
      vertex -40.8371 52.1266 9.40022
      vertex -41.4494 52.1957 9.47922
    endloop
  endfacet
  facet normal -0.111651 -0.993694 0.0103497
    outer loop
      vertex -40.9999 52.1433 9.296
      vertex -41.4494 52.1957 9.47922
      vertex -41.5632 52.2078 9.41333
    endloop
  endfacet
  facet normal -0.110458 -0.993736 0.0169514
    outer loop
      vertex -40.8083 52.1492 10.851
      vertex -41.5419 52.2454 11.7109
      vertex -41.9038 52.2595 10.1828
    endloop
  endfacet
  facet normal -0.111733 -0.993555 0.0190719
    outer loop
      vertex -41.0928 52.1652 10.0213
      vertex -40.8083 52.1492 10.851
      vertex -41.9038 52.2595 10.1828
    endloop
  endfacet
  facet normal -0.117712 -0.992888 0.0178293
    outer loop
      vertex -42.3091 52.3081 10.2635
      vertex -41.9869 52.2966 11.7504
      vertex -42.8388 52.3792 10.7269
    endloop
  endfacet
  facet normal -0.118574 -0.992803 0.0168305
    outer loop
      vertex -42.3091 52.3081 10.2635
      vertex -42.8388 52.3792 10.7269
      vertex -43.0306 52.3897 9.99266
    endloop
  endfacet
  facet normal -0.119788 -0.992646 0.0174648
    outer loop
      vertex -42.5843 52.3306 9.68587
      vertex -42.5362 52.3257 9.74126
      vertex -43.0962 52.3951 9.83967
    endloop
  endfacet
  facet normal -0.120317 -0.992612 0.0156873
    outer loop
      vertex -42.5843 52.3306 9.68587
      vertex -43.0962 52.3951 9.83967
      vertex -43.1241 52.3978 9.79971
    endloop
  endfacet
  facet normal -0.120117 -0.99262 0.0166444
    outer loop
      vertex -42.6212 52.3346 9.66229
      vertex -42.5843 52.3306 9.68587
      vertex -43.1241 52.3978 9.79971
    endloop
  endfacet
  facet normal -0.120582 -0.992591 0.0149269
    outer loop
      vertex -42.6212 52.3346 9.66229
      vertex -43.1241 52.3978 9.79971
      vertex -43.1351 52.399 9.78998
    endloop
  endfacet
  facet normal -0.121507 -0.99245 0.0166771
    outer loop
      vertex -43.1228 52.4145 10.7758
      vertex -43.2003 52.4309 11.1882
      vertex -43.4117 52.4382 10.0807
    endloop
  endfacet
  facet normal -0.123045 -0.992256 0.0169719
    outer loop
      vertex -43.4117 52.4382 10.0807
      vertex -43.2003 52.4309 11.1882
      vertex -43.4634 52.4516 10.4933
    endloop
  endfacet
  facet normal -0.124017 -0.992137 0.0168462
    outer loop
      vertex -43.4117 52.4382 10.0807
      vertex -43.4634 52.4516 10.4933
      vertex -43.5677 52.4561 9.98994
    endloop
  endfacet
  facet normal -0.124173 -0.992113 0.0171199
    outer loop
      vertex -43.4569 52.4412 9.92766
      vertex -43.4117 52.4382 10.0807
      vertex -43.5677 52.4561 9.98994
    endloop
  endfacet
  facet normal -0.124295 -0.992101 0.0169
    outer loop
      vertex -43.4569 52.4412 9.92766
      vertex -43.5677 52.4561 9.98994
      vertex -43.5918 52.4579 9.91547
    endloop
  endfacet
  facet normal -0.124324 -0.992092 0.0172322
    outer loop
      vertex -43.4749 52.4427 9.88654
      vertex -43.4569 52.4412 9.92766
      vertex -43.5918 52.4579 9.91547
    endloop
  endfacet
  facet normal -0.124187 -0.992115 0.0168816
    outer loop
      vertex -43.5677 52.4561 9.98994
      vertex -43.4634 52.4516 10.4933
      vertex -43.6022 52.4627 10.1247
    endloop
  endfacet
  facet normal -0.124802 -0.992035 0.0170657
    outer loop
      vertex -43.5918 52.4579 9.91547
      vertex -43.5677 52.4561 9.98994
      vertex -43.6445 52.465 9.94674
    endloop
  endfacet
  facet normal -0.12602 -0.991889 0.0165896
    outer loop
      vertex -43.814 52.4869 9.97048
      vertex -43.7801 52.4859 10.1657
      vertex -43.8378 52.4923 10.1101
    endloop
  endfacet
  facet normal -0.126311 -0.991853 0.0165388
    outer loop
      vertex -43.814 52.4869 9.97048
      vertex -43.8378 52.4923 10.1101
      vertex -43.8602 52.4928 9.97018
    endloop
  endfacet
  facet normal -0.126309 -0.99186 0.0161139
    outer loop
      vertex -43.814 52.4869 9.97048
      vertex -43.8602 52.4928 9.97018
      vertex -43.8629 52.493 9.96075
    endloop
  endfacet
  facet normal -0.125601 -0.991948 0.0162548
    outer loop
      vertex -43.8176 52.4972 10.5638
      vertex -43.582 52.5 12.554
      vertex -43.9159 52.5 9.97396
    endloop
  endfacet
  facet normal -0.122434 -0.99235 0.0158804
    outer loop
      vertex -43.3293 52.4579 11.8696
      vertex -43.582 52.5 12.554
      vertex -43.8176 52.4972 10.5638
    endloop
  endfacet
  facet normal -0.117713 -0.992891 0.0176568
    outer loop
      vertex -43.3293 52.4579 11.8696
      vertex -41.9869 52.2966 11.7504
      vertex -43.582 52.5 12.554
    endloop
  endfacet
  facet normal -0.111571 -0.993305 0.0299535
    outer loop
      vertex -41.9869 52.2966 11.7504
      vertex -39.81 52.0723 12.4191
      vertex -43.582 52.5 12.554
    endloop
  endfacet
  facet normal -0.127581 -0.991828 -0.000200554
    outer loop
      vertex -43.0678 52.3903 9.7625
      vertex -43.1351 52.399 9.78998
      vertex -43.7039 52.4721 9.92111
    endloop
  endfacet
  facet normal -0.137969 -0.989337 -0.0466521
    outer loop
      vertex -43.1351 52.399 9.78998
      vertex -43.3661 52.4285 9.8474
      vertex -43.7039 52.4721 9.92111
    endloop
  endfacet
  facet normal -0.129675 -0.991529 -0.00734324
    outer loop
      vertex -43.3661 52.4285 9.8474
      vertex -43.4816 52.4434 9.8761
      vertex -43.7039 52.4721 9.92111
    endloop
  endfacet
  facet normal -0.126431 -0.991935 0.00893764
    outer loop
      vertex -43.4816 52.4434 9.8761
      vertex -43.5971 52.4584 9.9048
      vertex -43.7039 52.4721 9.92111
    endloop
  endfacet
  facet normal -0.125353 -0.991983 0.0160404
    outer loop
      vertex -43.5971 52.4584 9.9048
      vertex -43.6445 52.465 9.94674
      vertex -43.7039 52.4721 9.92111
    endloop
  endfacet
  facet normal -0.125566 -0.991947 0.0165455
    outer loop
      vertex -43.7039 52.4721 9.92111
      vertex -43.6445 52.465 9.94674
      vertex -43.7182 52.4747 9.96489
    endloop
  endfacet
  facet normal -0.125768 -0.991923 0.0164783
    outer loop
      vertex -43.7039 52.4721 9.92111
      vertex -43.7182 52.4747 9.96489
      vertex -43.7551 52.4795 9.97397
    endloop
  endfacet
  facet normal -0.126036 -0.991893 0.0162146
    outer loop
      vertex -43.7039 52.4721 9.92111
      vertex -43.7551 52.4795 9.97397
      vertex -43.8099 52.486 9.94753
    endloop
  endfacet
  facet normal -0.111646 -0.993289 0.0302027
    outer loop
      vertex -41.5419 52.2454 11.7109
      vertex -39.81 52.0723 12.4191
      vertex -41.9869 52.2966 11.7504
    endloop
  endfacet
  facet normal -0.107385 -0.994024 0.0196051
    outer loop
      vertex -40.8083 52.1492 10.851
      vertex -39.81 52.0723 12.4191
      vertex -41.5419 52.2454 11.7109
    endloop
  endfacet
  facet normal -0.106018 -0.994188 0.0187264
    outer loop
      vertex -39.9806 52.0745 11.5722
      vertex -39.81 52.0723 12.4191
      vertex -40.8083 52.1492 10.851
    endloop
  endfacet
  facet normal -0.102181 -0.994604 0.0179525
    outer loop
      vertex -39.8259 52.0639 11.8633
      vertex -39.81 52.0723 12.4191
      vertex -39.9806 52.0745 11.5722
    endloop
  endfacet
  facet normal -0.123056 -0.992269 0.0161156
    outer loop
      vertex -43.3293 52.4579 11.8696
      vertex -43.8176 52.4972 10.5638
      vertex -43.852 52.4953 10.1823
    endloop
  endfacet
  facet normal -0.124795 -0.992043 0.0166592
    outer loop
      vertex -43.8378 52.4923 10.1101
      vertex -43.3293 52.4579 11.8696
      vertex -43.852 52.4953 10.1823
    endloop
  endfacet
  facet normal -0.12658 -0.991808 0.0171796
    outer loop
      vertex -43.7801 52.4859 10.1657
      vertex -43.3293 52.4579 11.8696
      vertex -43.8378 52.4923 10.1101
    endloop
  endfacet
  facet normal -0.125569 -0.991941 0.0169099
    outer loop
      vertex -43.7208 52.4781 10.152
      vertex -43.3293 52.4579 11.8696
      vertex -43.7801 52.4859 10.1657
    endloop
  endfacet
  facet normal -0.125419 -0.99196 0.0168755
    outer loop
      vertex -43.6813 52.473 10.1429
      vertex -43.3293 52.4579 11.8696
      vertex -43.7208 52.4781 10.152
    endloop
  endfacet
  facet normal -0.124923 -0.992025 0.0167739
    outer loop
      vertex -43.6022 52.4627 10.1247
      vertex -43.3293 52.4579 11.8696
      vertex -43.6813 52.473 10.1429
    endloop
  endfacet
  facet normal -0.123189 -0.992246 0.0165021
    outer loop
      vertex -43.4634 52.4516 10.4933
      vertex -43.3293 52.4579 11.8696
      vertex -43.6022 52.4627 10.1247
    endloop
  endfacet
  facet normal -0.121351 -0.992475 0.016324
    outer loop
      vertex -43.2003 52.4309 11.1882
      vertex -43.3293 52.4579 11.8696
      vertex -43.4634 52.4516 10.4933
    endloop
  endfacet
  facet normal -0.11777 -0.992895 0.0170185
    outer loop
      vertex -43.2003 52.4309 11.1882
      vertex -41.9869 52.2966 11.7504
      vertex -43.3293 52.4579 11.8696
    endloop
  endfacet
  facet normal -0.104345 -0.979574 -0.171893
    outer loop
      vertex -30.2917 51.3307 6.57707
      vertex -36.6461 51.7112 8.26637
      vertex -37.1165 51.7591 8.27866
    endloop
  endfacet
  facet normal -0.146333 -0.928479 -0.34134
    outer loop
      vertex -30.2917 51.3307 6.57707
      vertex -32.8313 51.4279 7.40146
      vertex -36.6461 51.7112 8.26637
    endloop
  endfacet
  facet normal -0.0799483 -0.996452 -0.0262817
    outer loop
      vertex -32.8313 51.4279 7.40146
      vertex -36.2167 51.6727 8.41904
      vertex -36.6461 51.7112 8.26637
    endloop
  endfacet
  facet normal -0.0424876 -0.987959 0.148765
    outer loop
      vertex -30.0607 51.3066 10.691
      vertex -25.4269 51.161 11.0469
      vertex -35.286 51.65 11.4791
    endloop
  endfacet
  facet normal -0.0576065 -0.996961 0.0524455
    outer loop
      vertex -34.6054 51.5905 11.0947
      vertex -30.0607 51.3066 10.691
      vertex -35.286 51.65 11.4791
    endloop
  endfacet
  facet normal -0.0599993 -0.997856 0.0261386
    outer loop
      vertex -30.4807 51.298 9.39514
      vertex -30.0607 51.3066 10.691
      vertex -34.6054 51.5905 11.0947
    endloop
  endfacet
  facet normal -0.0634675 -0.997827 0.0177164
    outer loop
      vertex -30.4807 51.298 9.39514
      vertex -34.6054 51.5905 11.0947
      vertex -34.9125 51.5909 10.0199
    endloop
  endfacet
  facet normal -0.0628447 -0.997778 0.0221118
    outer loop
      vertex -30.9191 51.3096 8.67657
      vertex -30.4807 51.298 9.39514
      vertex -34.9125 51.5909 10.0199
    endloop
  endfacet
  facet normal -0.0669431 -0.997708 0.00991343
    outer loop
      vertex -30.9191 51.3096 8.67657
      vertex -34.9125 51.5909 10.0199
      vertex -35.587 51.6253 8.92502
    endloop
  endfacet
  facet normal -0.066614 -0.99765 0.0160231
    outer loop
      vertex -31.9067 51.3609 7.76058
      vertex -30.9191 51.3096 8.67657
      vertex -35.587 51.6253 8.92502
    endloop
  endfacet
  facet normal -0.0860308 -0.994779 0.0548959
    outer loop
      vertex -38.6382 51.9385 11.4529
      vertex -35.286 51.65 11.4791
      vertex -39.8259 52.0639 11.8633
    endloop
  endfacet
  facet normal -0.0993354 -0.994918 0.0164285
    outer loop
      vertex -38.6382 51.9385 11.4529
      vertex -39.8259 52.0639 11.8633
      vertex -39.9806 52.0745 11.5722
    endloop
  endfacet
  facet normal -0.0990566 -0.99489 0.0195342
    outer loop
      vertex -38.845 51.9418 10.5742
      vertex -38.6382 51.9385 11.4529
      vertex -39.9806 52.0745 11.5722
    endloop
  endfacet
  facet normal -0.100927 -0.994742 0.0173857
    outer loop
      vertex -38.845 51.9418 10.5742
      vertex -39.9806 52.0745 11.5722
      vertex -40.308 52.0853 10.2916
    endloop
  endfacet
  facet normal -0.101328 -0.994662 0.0194985
    outer loop
      vertex -39.2594 51.966 9.65624
      vertex -38.845 51.9418 10.5742
      vertex -40.308 52.0853 10.2916
    endloop
  endfacet
  facet normal -0.117456 -0.989464 -0.0846411
    outer loop
      vertex -37.1165 51.7591 8.27866
      vertex -39.8777 52.0205 9.0546
      vertex -40.5202 52.0906 9.12731
    endloop
  endfacet
  facet normal -0.149595 -0.966921 -0.206602
    outer loop
      vertex -37.1165 51.7591 8.27866
      vertex -38.8011 51.9101 8.79202
      vertex -39.8777 52.0205 9.0546
    endloop
  endfacet
  facet normal -0.100549 -0.994912 0.00626845
    outer loop
      vertex -38.8011 51.9101 8.79202
      vertex -39.6306 51.9965 9.20744
      vertex -39.8777 52.0205 9.0546
    endloop
  endfacet
  facet normal -0.099178 -0.995029 0.00902926
    outer loop
      vertex -38.8011 51.9101 8.79202
      vertex -38.4933 51.8808 8.94481
      vertex -39.6306 51.9965 9.20744
    endloop
  endfacet
  facet normal -0.0981231 -0.995081 0.0136204
    outer loop
      vertex -38.4933 51.8808 8.94481
      vertex -39.2594 51.966 9.65624
      vertex -39.6306 51.9965 9.20744
    endloop
  endfacet
  facet normal -0.0962211 -0.995236 0.0156872
    outer loop
      vertex -38.4933 51.8808 8.94481
      vertex -38.036 51.8439 9.41265
      vertex -39.2594 51.966 9.65624
    endloop
  endfacet
  facet normal -0.0959491 -0.99524 0.0170553
    outer loop
      vertex -38.036 51.8439 9.41265
      vertex -38.845 51.9418 10.5742
      vertex -39.2594 51.966 9.65624
    endloop
  endfacet
  facet normal -0.0934076 -0.99545 0.0188429
    outer loop
      vertex -38.036 51.8439 9.41265
      vertex -37.535 51.8154 10.3896
      vertex -38.845 51.9418 10.5742
    endloop
  endfacet
  facet normal -0.0934953 -0.995453 0.0182232
    outer loop
      vertex -37.535 51.8154 10.3896
      vertex -38.6382 51.9385 11.4529
      vertex -38.845 51.9418 10.5742
    endloop
  endfacet
  facet normal -0.0915907 -0.995592 0.0202152
    outer loop
      vertex -37.535 51.8154 10.3896
      vertex -37.2948 51.8125 11.3336
      vertex -38.6382 51.9385 11.4529
    endloop
  endfacet
  facet normal -0.0860793 -0.993101 0.0796273
    outer loop
      vertex -37.2948 51.8125 11.3336
      vertex -35.286 51.65 11.4791
      vertex -38.6382 51.9385 11.4529
    endloop
  endfacet
  facet normal -0.118406 -0.992795 0.0184144
    outer loop
      vertex -42.8388 52.3792 10.7269
      vertex -41.9869 52.2966 11.7504
      vertex -43.2003 52.4309 11.1882
    endloop
  endfacet
  facet normal -0.120297 -0.992594 0.0169102
    outer loop
      vertex -43.1228 52.4145 10.7758
      vertex -42.8388 52.3792 10.7269
      vertex -43.2003 52.4309 11.1882
    endloop
  endfacet
  facet normal -0.120235 -0.992595 0.0172673
    outer loop
      vertex -43.0306 52.3897 9.99266
      vertex -42.8388 52.3792 10.7269
      vertex -43.1228 52.4145 10.7758
    endloop
  endfacet
  facet normal -0.121938 -0.992391 0.0170604
    outer loop
      vertex -43.0306 52.3897 9.99266
      vertex -43.1228 52.4145 10.7758
      vertex -43.2847 52.4219 10.0513
    endloop
  endfacet
  facet normal -0.121859 -0.992395 0.0174088
    outer loop
      vertex -43.0962 52.3951 9.83967
      vertex -43.0306 52.3897 9.99266
      vertex -43.2847 52.4219 10.0513
    endloop
  endfacet
  facet normal -0.122368 -0.99234 0.016948
    outer loop
      vertex -43.0962 52.3951 9.83967
      vertex -43.2847 52.4219 10.0513
      vertex -43.3367 52.4257 9.89833
    endloop
  endfacet
  facet normal -0.122329 -0.992342 0.0171102
    outer loop
      vertex -43.1241 52.3978 9.79971
      vertex -43.0962 52.3951 9.83967
      vertex -43.3367 52.4257 9.89833
    endloop
  endfacet
  facet normal -0.122676 -0.992312 0.0163525
    outer loop
      vertex -43.1241 52.3978 9.79971
      vertex -43.3367 52.4257 9.89833
      vertex -43.3579 52.4277 9.85759
    endloop
  endfacet
  facet normal -0.122489 -0.992322 0.0171155
    outer loop
      vertex -43.1351 52.399 9.78998
      vertex -43.1241 52.3978 9.79971
      vertex -43.3579 52.4277 9.85759
    endloop
  endfacet
  facet normal -0.12255 -0.992318 0.0169109
    outer loop
      vertex -43.1351 52.399 9.78998
      vertex -43.3579 52.4277 9.85759
      vertex -43.3661 52.4285 9.8474
    endloop
  endfacet
  facet normal -0.0353385 -0.999015 0.0268482
    outer loop
      vertex -26.0434 51.1129 8.76961
      vertex -25.6034 51.1271 9.87636
      vertex -30.0607 51.3066 10.691
    endloop
  endfacet
  facet normal -0.0389404 -0.999055 0.0193211
    outer loop
      vertex -26.0434 51.1129 8.76961
      vertex -30.0607 51.3066 10.691
      vertex -30.4807 51.298 9.39514
    endloop
  endfacet
  facet normal -0.0388648 -0.999047 0.0198548
    outer loop
      vertex -26.6121 51.1185 7.93569
      vertex -26.0434 51.1129 8.76961
      vertex -30.4807 51.298 9.39514
    endloop
  endfacet
  facet normal -0.0426654 -0.999042 0.00977983
    outer loop
      vertex -26.6121 51.1185 7.93569
      vertex -30.4807 51.298 9.39514
      vertex -30.9191 51.3096 8.67657
    endloop
  endfacet
  facet normal -0.0423547 -0.999035 0.0115845
    outer loop
      vertex -27.3042 51.1401 7.27582
      vertex -26.6121 51.1185 7.93569
      vertex -30.9191 51.3096 8.67657
    endloop
  endfacet
  facet normal -0.0483012 -0.998826 -0.00378706
    outer loop
      vertex -27.3042 51.1401 7.27582
      vertex -30.9191 51.3096 8.67657
      vertex -31.9067 51.3609 7.76058
    endloop
  endfacet
  facet normal -0.0483202 -0.998824 -0.00396826
    outer loop
      vertex -28.5171 51.2013 6.64088
      vertex -27.3042 51.1401 7.27582
      vertex -31.9067 51.3609 7.76058
    endloop
  endfacet
  facet normal -0.080259 -0.99652 0.0225147
    outer loop
      vertex -34.9125 51.5909 10.0199
      vertex -34.6054 51.5905 11.0947
      vertex -37.2948 51.8125 11.3336
    endloop
  endfacet
  facet normal -0.0827575 -0.996408 0.0179651
    outer loop
      vertex -34.9125 51.5909 10.0199
      vertex -37.2948 51.8125 11.3336
      vertex -37.535 51.8154 10.3896
    endloop
  endfacet
  facet normal -0.0825319 -0.996396 0.0195583
    outer loop
      vertex -35.587 51.6253 8.92502
      vertex -34.9125 51.5909 10.0199
      vertex -37.535 51.8154 10.3896
    endloop
  endfacet
  facet normal -0.0859434 -0.996187 0.0149935
    outer loop
      vertex -35.587 51.6253 8.92502
      vertex -37.535 51.8154 10.3896
      vertex -38.036 51.8439 9.41265
    endloop
  endfacet
  facet normal -0.0861543 -0.996184 0.0139329
    outer loop
      vertex -36.2167 51.6727 8.41904
      vertex -35.587 51.6253 8.92502
      vertex -38.036 51.8439 9.41265
    endloop
  endfacet
  facet normal -0.0890426 -0.995991 0.00861099
    outer loop
      vertex -36.2167 51.6727 8.41904
      vertex -38.036 51.8439 9.41265
      vertex -38.4933 51.8808 8.94481
    endloop
  endfacet
  facet normal -0.0903228 -0.995908 0.00303502
    outer loop
      vertex -36.6461 51.7112 8.26637
      vertex -36.2167 51.6727 8.41904
      vertex -38.4933 51.8808 8.94481
    endloop
  endfacet
  facet normal -0.0928369 -0.995674 -0.0038687
    outer loop
      vertex -36.6461 51.7112 8.26637
      vertex -38.4933 51.8808 8.94481
      vertex -38.8011 51.9101 8.79202
    endloop
  endfacet
  facet normal -0.10245 -0.993765 -0.0440005
    outer loop
      vertex -37.1165 51.7591 8.27866
      vertex -36.6461 51.7112 8.26637
      vertex -38.8011 51.9101 8.79202
    endloop
  endfacet
  facet normal -0.111882 -0.993553 0.0183228
    outer loop
      vertex -41.335 52.1848 9.60106
      vertex -41.0928 52.1652 10.0213
      vertex -41.9038 52.2595 10.1828
    endloop
  endfacet
  facet normal -0.113286 -0.993418 0.0169326
    outer loop
      vertex -41.335 52.1848 9.60106
      vertex -41.9038 52.2595 10.1828
      vertex -42.0888 52.2737 9.77516
    endloop
  endfacet
  facet normal -0.113195 -0.993422 0.0173302
    outer loop
      vertex -41.4494 52.1957 9.47922
      vertex -41.335 52.1848 9.60106
      vertex -42.0888 52.2737 9.77516
    endloop
  endfacet
  facet normal -0.113979 -0.99336 0.0156203
    outer loop
      vertex -41.4494 52.1957 9.47922
      vertex -42.0888 52.2737 9.77516
      vertex -42.174 52.2816 9.65393
    endloop
  endfacet
  facet normal -0.11418 -0.99335 0.0147807
    outer loop
      vertex -41.5632 52.2078 9.41333
      vertex -41.4494 52.1957 9.47922
      vertex -42.174 52.2816 9.65393
    endloop
  endfacet
  facet normal -0.114637 -0.993314 0.0136101
    outer loop
      vertex -41.5632 52.2078 9.41333
      vertex -42.174 52.2816 9.65393
      vertex -42.2328 52.2876 9.59939
    endloop
  endfacet
  facet normal -0.115661 -0.993239 0.00989062
    outer loop
      vertex -41.5632 52.2078 9.41333
      vertex -42.2328 52.2876 9.59939
      vertex -42.2786 52.2927 9.57714
    endloop
  endfacet
  facet normal -0.112794 -0.993464 0.0175071
    outer loop
      vertex -41.9038 52.2595 10.1828
      vertex -41.5419 52.2454 11.7109
      vertex -41.9869 52.2966 11.7504
    endloop
  endfacet
  facet normal -0.115531 -0.993152 0.0173546
    outer loop
      vertex -41.9038 52.2595 10.1828
      vertex -41.9869 52.2966 11.7504
      vertex -42.3091 52.3081 10.2635
    endloop
  endfacet
  facet normal -0.115421 -0.993155 0.0179105
    outer loop
      vertex -42.0888 52.2737 9.77516
      vertex -41.9038 52.2595 10.1828
      vertex -42.3091 52.3081 10.2635
    endloop
  endfacet
  facet normal -0.116554 -0.993032 0.0173903
    outer loop
      vertex -42.0888 52.2737 9.77516
      vertex -42.3091 52.3081 10.2635
      vertex -42.4656 52.3194 9.86217
    endloop
  endfacet
  facet normal -0.116542 -0.993033 0.0174433
    outer loop
      vertex -42.174 52.2816 9.65393
      vertex -42.0888 52.2737 9.77516
      vertex -42.4656 52.3194 9.86217
    endloop
  endfacet
  facet normal -0.117115 -0.992979 0.0166318
    outer loop
      vertex -42.174 52.2816 9.65393
      vertex -42.4656 52.3194 9.86217
      vertex -42.5362 52.3257 9.74126
    endloop
  endfacet
  facet normal -0.117174 -0.992976 0.0163835
    outer loop
      vertex -42.2328 52.2876 9.59939
      vertex -42.174 52.2816 9.65393
      vertex -42.5362 52.3257 9.74126
    endloop
  endfacet
  facet normal -0.117575 -0.992943 0.0155176
    outer loop
      vertex -42.2328 52.2876 9.59939
      vertex -42.5362 52.3257 9.74126
      vertex -42.5843 52.3306 9.68587
    endloop
  endfacet
  facet normal -0.117838 -0.992928 0.0144425
    outer loop
      vertex -42.2786 52.2927 9.57714
      vertex -42.2328 52.2876 9.59939
      vertex -42.5843 52.3306 9.68587
    endloop
  endfacet
  facet normal -0.118159 -0.992903 0.0135312
    outer loop
      vertex -42.2786 52.2927 9.57714
      vertex -42.5843 52.3306 9.68587
      vertex -42.6212 52.3346 9.66229
    endloop
  endfacet
  facet normal -0.144137 -0.984998 -0.0948869
    outer loop
      vertex -42.2786 52.2927 9.57714
      vertex -42.6212 52.3346 9.66229
      vertex -43.0678 52.3903 9.7625
    endloop
  endfacet
  facet normal -0.119943 -0.992642 0.0165787
    outer loop
      vertex -42.5362 52.3257 9.74126
      vertex -43.0306 52.3897 9.99266
      vertex -43.0962 52.3951 9.83967
    endloop
  endfacet
  facet normal -0.119275 -0.9927 0.0179076
    outer loop
      vertex -42.5362 52.3257 9.74126
      vertex -42.4656 52.3194 9.86217
      vertex -43.0306 52.3897 9.99266
    endloop
  endfacet
  facet normal -0.119158 -0.992705 0.0184149
    outer loop
      vertex -42.4656 52.3194 9.86217
      vertex -42.3091 52.3081 10.2635
      vertex -43.0306 52.3897 9.99266
    endloop
  endfacet
  facet normal -0.124013 -0.992155 0.0157663
    outer loop
      vertex -43.3661 52.4285 9.8474
      vertex -43.4749 52.4427 9.88654
      vertex -43.4816 52.4434 9.8761
    endloop
  endfacet
  facet normal -0.123368 -0.992205 0.0175784
    outer loop
      vertex -43.3661 52.4285 9.8474
      vertex -43.3579 52.4277 9.85759
      vertex -43.4749 52.4427 9.88654
    endloop
  endfacet
  facet normal -0.123539 -0.992196 0.0168846
    outer loop
      vertex -43.3579 52.4277 9.85759
      vertex -43.4569 52.4412 9.92766
      vertex -43.4749 52.4427 9.88654
    endloop
  endfacet
  facet normal -0.123578 -0.992192 0.0168276
    outer loop
      vertex -43.3579 52.4277 9.85759
      vertex -43.3367 52.4257 9.89833
      vertex -43.4569 52.4412 9.92766
    endloop
  endfacet
  facet normal -0.123552 -0.992194 0.016935
    outer loop
      vertex -43.3367 52.4257 9.89833
      vertex -43.4117 52.4382 10.0807
      vertex -43.4569 52.4412 9.92766
    endloop
  endfacet
  facet normal -0.123002 -0.992258 0.0171656
    outer loop
      vertex -43.3367 52.4257 9.89833
      vertex -43.2847 52.4219 10.0513
      vertex -43.4117 52.4382 10.0807
    endloop
  endfacet
  facet normal -0.122973 -0.992259 0.0172929
    outer loop
      vertex -43.2847 52.4219 10.0513
      vertex -43.1228 52.4145 10.7758
      vertex -43.4117 52.4382 10.0807
    endloop
  endfacet
  facet normal -0.124649 -0.992069 0.0161797
    outer loop
      vertex -43.4816 52.4434 9.8761
      vertex -43.4749 52.4427 9.88654
      vertex -43.5971 52.4584 9.9048
    endloop
  endfacet
  facet normal -0.124752 -0.992067 0.0154881
    outer loop
      vertex -43.4749 52.4427 9.88654
      vertex -43.5918 52.4579 9.91547
      vertex -43.5971 52.4584 9.9048
    endloop
  endfacet
  facet normal -0.125504 -0.991966 0.0158663
    outer loop
      vertex -43.5971 52.4584 9.9048
      vertex -43.5918 52.4579 9.91547
      vertex -43.6445 52.465 9.94674
    endloop
  endfacet
  facet normal -0.125656 -0.991936 0.0165262
    outer loop
      vertex -43.7208 52.4781 10.152
      vertex -43.7801 52.4859 10.1657
      vertex -43.814 52.4869 9.97048
    endloop
  endfacet
  facet normal -0.126134 -0.991871 0.0167745
    outer loop
      vertex -43.7551 52.4795 9.97397
      vertex -43.7208 52.4781 10.152
      vertex -43.814 52.4869 9.97048
    endloop
  endfacet
  facet normal -0.125472 -0.991958 0.0166462
    outer loop
      vertex -43.6813 52.473 10.1429
      vertex -43.7208 52.4781 10.152
      vertex -43.7551 52.4795 9.97397
    endloop
  endfacet
  facet normal -0.125702 -0.991927 0.016748
    outer loop
      vertex -43.7182 52.4747 9.96489
      vertex -43.6813 52.473 10.1429
      vertex -43.7551 52.4795 9.97397
    endloop
  endfacet
  facet normal -0.124964 -0.992022 0.0165943
    outer loop
      vertex -43.6022 52.4627 10.1247
      vertex -43.6813 52.473 10.1429
      vertex -43.7182 52.4747 9.96489
    endloop
  endfacet
  facet normal -0.125464 -0.991953 0.0169625
    outer loop
      vertex -43.6445 52.465 9.94674
      vertex -43.6022 52.4627 10.1247
      vertex -43.7182 52.4747 9.96489
    endloop
  endfacet
  facet normal -0.124636 -0.992061 0.016764
    outer loop
      vertex -43.5677 52.4561 9.98994
      vertex -43.6022 52.4627 10.1247
      vertex -43.6445 52.465 9.94674
    endloop
  endfacet
  facet normal 0.0232664 -0.00113795 -0.999729
    outer loop
      vertex -22.6052 51.1441 11.0758
      vertex -21.6383 7.21936 11.1483
      vertex -24.4197 51.1453 11.0336
    endloop
  endfacet
  facet normal 0.123621 0.00108332 -0.992329
    outer loop
      vertex -19.9611 7.50367 11.3576
      vertex -21.6383 7.21936 11.1483
      vertex -22.6052 51.1441 11.0758
    endloop
  endfacet
  facet normal 0.126555 0.00126348 -0.991959
    outer loop
      vertex -18.8552 51.3586 11.5545
      vertex -19.9611 7.50367 11.3576
      vertex -22.6052 51.1441 11.0758
    endloop
  endfacet
  facet normal 0.197026 -0.00056553 -0.980398
    outer loop
      vertex -18.8552 51.3586 11.5545
      vertex -17.6965 7.8932 11.8125
      vertex -19.9611 7.50367 11.3576
    endloop
  endfacet
  facet normal 0.204503 -0.000357094 -0.978866
    outer loop
      vertex -18.3843 51.4126 11.6529
      vertex -17.6965 7.8932 11.8125
      vertex -18.8552 51.3586 11.5545
    endloop
  endfacet
  facet normal 0.225999 0 -0.974128
    outer loop
      vertex -17.6965 51.5032 11.8125
      vertex -17.6965 7.8932 11.8125
      vertex -18.3843 51.4126 11.6529
    endloop
  endfacet
  facet normal -0.00445063 -0.999891 0.0140899
    outer loop
      vertex -24.4197 51.2578 14.9664
      vertex -23.0509 51.2514 14.9458
      vertex -26.452 51.7166 46.8861
    endloop
  endfacet
  facet normal -0.0310517 -0.999441 0.0123897
    outer loop
      vertex -24.4197 51.2578 14.9664
      vertex -26.452 51.7166 46.8861
      vertex -32.8074 51.914 46.8861
    endloop
  endfacet
  facet normal -0.0768953 -0.99697 0.0117815
    outer loop
      vertex -33.1886 51.5626 14.6589
      vertex -32.8074 51.914 46.8861
      vertex -35.9776 52.1586 46.8861
    endloop
  endfacet
  facet normal -0.035139 -0.999318 0.0113132
    outer loop
      vertex -24.4197 51.2578 14.9664
      vertex -32.8074 51.914 46.8861
      vertex -33.1886 51.5626 14.6589
    endloop
  endfacet
  facet normal -0.081339 -0.996621 0.0113905
    outer loop
      vertex -33.1886 51.5626 14.6589
      vertex -35.9776 52.1586 46.8861
      vertex -39.7693 52.0938 14.1423
    endloop
  endfacet
  facet normal -0.107373 -0.994114 0.0144003
    outer loop
      vertex -35.9776 52.1586 46.8861
      vertex -39.1388 52.5 46.8861
      vertex -39.7693 52.0938 14.1423
    endloop
  endfacet
  facet normal -0.111893 -0.993615 0.0144811
    outer loop
      vertex -39.7693 52.0938 14.1423
      vertex -39.1388 52.5 46.8861
      vertex -43.5243 52.5 13
    endloop
  endfacet
  facet normal -0.111674 -0.99365 0.0137473
    outer loop
      vertex -39.7939 52.0807 13
      vertex -39.7693 52.0938 14.1423
      vertex -43.5243 52.5 13
    endloop
  endfacet
  facet normal -0.466955 0.884281 -3.70027e-005
    outer loop
      vertex -39.7693 52.0938 14.1423
      vertex -39.7939 52.0807 13
      vertex -49 47.2194 13
    endloop
  endfacet
  facet normal -0.466955 0.884281 2.44148e-006
    outer loop
      vertex -39.7939 52.0807 13
      vertex -39.81 52.0723 12.4191
      vertex -49 47.2194 13
    endloop
  endfacet
  facet normal -0.466955 0.884281 -6.28805e-006
    outer loop
      vertex -39.81 52.0723 12.4191
      vertex -39.8259 52.0639 11.8633
      vertex -49 47.2194 13
    endloop
  endfacet
  facet normal 0.963298 -0 0.268434
    outer loop
      vertex -16 8.15957 13
      vertex -16 51.9034 13
      vertex -16.0866 8.15115 13.3108
    endloop
  endfacet
  facet normal 0.983573 -0.000664644 0.18051
    outer loop
      vertex -16 51.9034 13
      vertex -16.0392 51.9049 13.2136
      vertex -16.0866 8.15115 13.3108
    endloop
  endfacet
  facet normal 0.748877 0.00066049 0.662709
    outer loop
      vertex -16.0866 8.15115 13.3108
      vertex -16.0392 51.9049 13.2136
      vertex -16.229 8.13674 13.4717
    endloop
  endfacet
  facet normal 0.805621 0 0.592432
    outer loop
      vertex -16.0392 51.9049 13.2136
      vertex -16.229 51.861 13.4717
      vertex -16.229 8.13674 13.4717
    endloop
  endfacet
  facet normal 0.438407 -0 0.898777
    outer loop
      vertex -16.229 8.13674 13.4717
      vertex -16.229 51.861 13.4717
      vertex -17.6965 7.98693 14.1875
    endloop
  endfacet
  facet normal 0.500281 -0.0026066 0.865859
    outer loop
      vertex -16.229 51.861 13.4717
      vertex -17.1844 51.6701 14.0231
      vertex -17.6965 7.98693 14.1875
    endloop
  endfacet
  facet normal 0.305631 0 0.95215
    outer loop
      vertex -17.1844 51.6701 14.0231
      vertex -17.6965 51.6018 14.1875
      vertex -17.6965 7.98693 14.1875
    endloop
  endfacet
  facet normal 0.0713946 -0.000578698 0.997448
    outer loop
      vertex -20.0219 7.7487 14.6519
      vertex -20.353 51.3404 14.7008
      vertex -24.4197 7.29589 14.9664
    endloop
  endfacet
  facet normal 0.0909134 -0.00239049 0.995856
    outer loop
      vertex -20.353 51.3404 14.7008
      vertex -23.0293 51.2514 14.945
      vertex -24.4197 7.29589 14.9664
    endloop
  endfacet
  facet normal 0.04116 -0.000815088 0.999152
    outer loop
      vertex -23.0293 51.2514 14.945
      vertex -23.0509 51.2514 14.9458
      vertex -24.4197 7.29589 14.9664
    endloop
  endfacet
  facet normal 0.0149967 0 0.999888
    outer loop
      vertex -23.0509 51.2514 14.9458
      vertex -24.4197 51.2578 14.9664
      vertex -24.4197 7.29589 14.9664
    endloop
  endfacet
  facet normal 0.189726 -0 0.981837
    outer loop
      vertex -17.6965 7.98693 14.1875
      vertex -17.6965 51.6018 14.1875
      vertex -20.353 51.3404 14.7008
    endloop
  endfacet
  facet normal 0.195778 0.000384936 0.980648
    outer loop
      vertex -20.0219 7.7487 14.6519
      vertex -17.6965 7.98693 14.1875
      vertex -20.353 51.3404 14.7008
    endloop
  endfacet
  facet normal -0.102716 0.994711 0
    outer loop
      vertex 0 9.81413 12.9815
      vertex 0 9.81413 12.7771
      vertex -16.0286 8.15898 12.8169
    endloop
  endfacet
  facet normal -0.102838 0.994615 0.0128251
    outer loop
      vertex 0 9.81413 12.9815
      vertex -16 8.15957 13
      vertex 0 9.81389 13
    endloop
  endfacet
  facet normal -0.102838 0.994616 0.0128167
    outer loop
      vertex -16 8.15957 13
      vertex 0 9.81413 12.9815
      vertex -16.0286 8.15898 12.8169
    endloop
  endfacet
  facet normal -0.0634658 -0 -0.997984
    outer loop
      vertex -38.996 3.78191 10.6339
      vertex -32.1963 3.75647 10.2014
      vertex -38.996 2.85804 10.6339
    endloop
  endfacet
  facet normal -0.0631957 0.0506315 -0.996716
    outer loop
      vertex -28.7965 4.525 10.0249
      vertex -32.1963 3.75647 10.2014
      vertex -38.996 3.78191 10.6339
    endloop
  endfacet
  facet normal -0.076129 0.0674609 -0.994813
    outer loop
      vertex -18.5972 4.63205 9.30154
      vertex 0 5.02815 7.90523
      vertex -18.5972 3.98851 9.2579
    endloop
  endfacet
  facet normal -0.0761291 0.0674663 -0.994813
    outer loop
      vertex 0 5.02815 7.90523
      vertex -18.5972 4.63205 9.30154
      vertex 0 5.08494 7.90908
    endloop
  endfacet
  facet normal -0.0768459 0.108122 -0.991163
    outer loop
      vertex 0 5.83542 7.99095
      vertex 0 5.08494 7.90908
      vertex -18.5972 4.63205 9.30154
    endloop
  endfacet
  facet normal -0.0791173 0.149252 -0.985629
    outer loop
      vertex -18.5972 5.2672 9.39772
      vertex 0 5.83542 7.99095
      vertex -18.5972 4.63205 9.30154
    endloop
  endfacet
  facet normal -0.0791173 0.149254 -0.985629
    outer loop
      vertex 0 5.83542 7.99095
      vertex -18.5972 5.2672 9.39772
      vertex 0 5.89147 7.99944
    endloop
  endfacet
  facet normal -0.081202 0.270108 -0.9594
    outer loop
      vertex 0 6.61815 8.20403
      vertex 0 5.89147 7.99944
      vertex -18.5972 5.2672 9.39772
    endloop
  endfacet
  facet normal -0.069981 0.0501269 -0.996288
    outer loop
      vertex -32.1963 3.75647 10.2014
      vertex -18.5972 3.98851 9.2579
      vertex -38.996 2.85804 10.6339
    endloop
  endfacet
  facet normal -0.0702051 0.0674903 -0.995247
    outer loop
      vertex -18.5972 4.63205 9.30154
      vertex -18.5972 3.98851 9.2579
      vertex -32.1963 3.75647 10.2014
    endloop
  endfacet
  facet normal -0.0713905 0.0876005 -0.993594
    outer loop
      vertex -28.7965 4.525 10.0249
      vertex -18.5972 4.63205 9.30154
      vertex -32.1963 3.75647 10.2014
    endloop
  endfacet
  facet normal -0.0715138 0.149338 -0.986197
    outer loop
      vertex -18.5972 5.2672 9.39772
      vertex -18.5972 4.63205 9.30154
      vertex -28.7965 4.525 10.0249
    endloop
  endfacet
  facet normal -0.0673005 -0 -0.997733
    outer loop
      vertex -38.996 2.85804 10.6339
      vertex -18.5972 3.98851 9.2579
      vertex -38.996 2.78627 10.6339
    endloop
  endfacet
  facet normal -0.0684495 0.0198092 -0.997458
    outer loop
      vertex -18.5972 3.98851 9.2579
      vertex -18.5972 3.88834 9.25591
      vertex -38.996 2.78627 10.6339
    endloop
  endfacet
  facet normal -0.0736303 0.0198019 -0.997089
    outer loop
      vertex -18.5972 3.98851 9.2579
      vertex 0 5.01931 7.90506
      vertex -18.5972 3.88834 9.25591
    endloop
  endfacet
  facet normal -0.0736297 0.0197923 -0.997089
    outer loop
      vertex 0 5.01931 7.90506
      vertex -18.5972 3.98851 9.2579
      vertex 0 5.02815 7.90523
    endloop
  endfacet
  facet normal -0.073218 0.0128508 -0.997233
    outer loop
      vertex 0 5.01931 7.90506
      vertex 0 4.9019 7.90354
      vertex -18.5972 3.88834 9.25591
    endloop
  endfacet
  facet normal -0.0673974 -0 -0.997726
    outer loop
      vertex -38.996 2.78627 10.6339
      vertex -18.5972 3.88834 9.25591
      vertex -38.996 0 10.6339
    endloop
  endfacet
  facet normal -0.0699562 0.0135189 -0.997458
    outer loop
      vertex -18.5972 3.88834 9.25591
      vertex -18.5972 0 9.20321
      vertex -38.996 0 10.6339
    endloop
  endfacet
  facet normal -0.0732534 0.0135157 -0.997222
    outer loop
      vertex -18.5972 3.88834 9.25591
      vertex 0 4.55876 7.89889
      vertex -18.5972 0 9.20321
    endloop
  endfacet
  facet normal -0.0732534 0.0135156 -0.997222
    outer loop
      vertex 0 4.55876 7.89889
      vertex -18.5972 3.88834 9.25591
      vertex 0 4.9019 7.90354
    endloop
  endfacet
  facet normal -0.0699633 -0 -0.99755
    outer loop
      vertex 0 4.55876 7.89889
      vertex 0 -4.55876 7.89889
      vertex -18.5972 0 9.20321
    endloop
  endfacet
  facet normal -0.135694 0.877784 0.459438
    outer loop
      vertex -25.7746 6.70715 20.1331
      vertex -38.996 5.66877 18.2121
      vertex -38.996 5.0978 19.3029
    endloop
  endfacet
  facet normal -0.127823 0.91365 0.385881
    outer loop
      vertex -25.7746 6.70715 20.1331
      vertex -25.7746 7.00392 19.4304
      vertex -38.996 5.66877 18.2121
    endloop
  endfacet
  facet normal -0.134741 0.819996 0.556283
    outer loop
      vertex -25.7746 6.2771 20.767
      vertex -25.7746 6.70715 20.1331
      vertex -38.996 5.0978 19.3029
    endloop
  endfacet
  facet normal -0.137535 0.711 0.689611
    outer loop
      vertex 0 7.81199 24.3249
      vertex 0 8.50518 23.6103
      vertex -25.7746 6.2771 20.767
    endloop
  endfacet
  facet normal -0.138597 0.697362 0.703191
    outer loop
      vertex -25.7746 6.2771 20.767
      vertex 0 7.77645 24.3602
      vertex 0 7.81199 24.3249
    endloop
  endfacet
  facet normal -0.138596 0.697369 0.703184
    outer loop
      vertex 0 7.77645 24.3602
      vertex -25.7746 6.2771 20.767
      vertex -25.7746 5.73256 21.307
    endloop
  endfacet
  facet normal -0.140041 0.697226 0.70304
    outer loop
      vertex -25.7746 5.73256 21.307
      vertex -25.7746 6.2771 20.767
      vertex -38.996 5.0978 19.3029
    endloop
  endfacet
  facet normal -0.146722 0.618328 0.772103
    outer loop
      vertex -25.7746 5.73256 21.307
      vertex -38.996 5.0978 19.3029
      vertex -38.996 4.13674 20.0726
    endloop
  endfacet
  facet normal -0.124139 0.914084 0.386057
    outer loop
      vertex 0 9.50961 21.7856
      vertex -25.7746 6.70715 20.1331
      vertex 0 9.49024 21.8314
    endloop
  endfacet
  facet normal -0.124139 0.914081 0.386063
    outer loop
      vertex -25.7746 6.70715 20.1331
      vertex 0 9.50961 21.7856
      vertex -25.7746 7.00392 19.4304
    endloop
  endfacet
  facet normal -0.124398 0.908174 0.399682
    outer loop
      vertex 0 9.08913 22.7429
      vertex 0 9.49024 21.8314
      vertex -25.7746 6.70715 20.1331
    endloop
  endfacet
  facet normal -0.132152 0.820294 0.556466
    outer loop
      vertex 0 9.08913 22.7429
      vertex -25.7746 6.2771 20.767
      vertex 0 9.06105 22.7842
    endloop
  endfacet
  facet normal -0.132152 0.820285 0.556479
    outer loop
      vertex -25.7746 6.2771 20.767
      vertex 0 9.08913 22.7429
      vertex -25.7746 6.70715 20.1331
    endloop
  endfacet
  facet normal -0.132136 0.822362 0.553408
    outer loop
      vertex 0 8.50518 23.6103
      vertex 0 9.06105 22.7842
      vertex -25.7746 6.2771 20.767
    endloop
  endfacet
  facet normal -0.143204 0.549934 0.82284
    outer loop
      vertex -25.7746 5.09559 21.7328
      vertex -25.7746 5.73256 21.307
      vertex -38.996 4.13674 20.0726
    endloop
  endfacet
  facet normal -0.142387 0.549985 0.822948
    outer loop
      vertex -25.7746 5.73256 21.307
      vertex 0 6.92611 24.9689
      vertex 0 6.96769 24.9411
    endloop
  endfacet
  facet normal -0.142387 0.549999 0.822938
    outer loop
      vertex 0 6.92611 24.9689
      vertex -25.7746 5.73256 21.307
      vertex -25.7746 5.09559 21.7328
    endloop
  endfacet
  facet normal -0.141046 0.577575 0.80406
    outer loop
      vertex 0 6.96769 24.9411
      vertex 0 7.77645 24.3602
      vertex -25.7746 5.73256 21.307
    endloop
  endfacet
  facet normal -0.143488 0.321997 0.935804
    outer loop
      vertex -25.7746 4.14797 22.096
      vertex -38.996 4.13674 20.0726
      vertex -38.996 3.36092 20.3395
    endloop
  endfacet
  facet normal -0.141759 0.354298 0.924325
    outer loop
      vertex -25.7746 4.14797 22.096
      vertex -25.7746 5.09559 21.7328
      vertex -38.996 4.13674 20.0726
    endloop
  endfacet
  facet normal -0.143711 0.354191 0.924065
    outer loop
      vertex -25.7746 5.09559 21.7328
      vertex 0 5.65647 25.5263
      vertex 0 5.71833 25.5026
    endloop
  endfacet
  facet normal -0.143711 0.354198 0.924062
    outer loop
      vertex 0 5.65647 25.5263
      vertex -25.7746 5.09559 21.7328
      vertex -25.7746 4.14797 22.096
    endloop
  endfacet
  facet normal -0.142092 0.400028 0.905421
    outer loop
      vertex 0 5.71833 25.5026
      vertex 0 6.92611 24.9689
      vertex -25.7746 5.09559 21.7328
    endloop
  endfacet
  facet normal -0.139181 0.0960057 0.985602
    outer loop
      vertex -25.7746 3.43731 22.1992
      vertex -38.996 3.36092 20.3395
      vertex -38.996 2.78191 20.3959
    endloop
  endfacet
  facet normal -0.13867 0.142269 0.980066
    outer loop
      vertex -25.7746 3.43731 22.1992
      vertex -25.7746 4.14797 22.096
      vertex -38.996 3.36092 20.3395
    endloop
  endfacet
  facet normal -0.141236 0.142194 0.979711
    outer loop
      vertex -25.7746 4.14797 22.096
      vertex 0 4.69567 25.7322
      vertex 0 4.74206 25.7255
    endloop
  endfacet
  facet normal -0.141236 0.142217 0.979707
    outer loop
      vertex 0 4.69567 25.7322
      vertex -25.7746 4.14797 22.096
      vertex -25.7746 3.43731 22.1992
    endloop
  endfacet
  facet normal -0.14107 0.210725 0.967313
    outer loop
      vertex 0 4.74206 25.7255
      vertex 0 5.65647 25.5263
      vertex -25.7746 4.14797 22.096
    endloop
  endfacet
  facet normal -0.13622 0.0230335 0.990411
    outer loop
      vertex -25.7746 2.87322 22.2123
      vertex -25.7746 3.43731 22.1992
      vertex -38.996 2.78191 20.3959
    endloop
  endfacet
  facet normal -0.138041 0.0230287 0.990159
    outer loop
      vertex -25.7746 3.43731 22.1992
      vertex 0 3.92645 25.7811
      vertex 0 3.96327 25.7802
    endloop
  endfacet
  facet normal -0.138041 0.0230276 0.990159
    outer loop
      vertex 0 3.92645 25.7811
      vertex -25.7746 3.43731 22.1992
      vertex -25.7746 2.87322 22.2123
    endloop
  endfacet
  facet normal -0.138624 0.0648023 0.988223
    outer loop
      vertex 0 3.96327 25.7802
      vertex 0 4.69567 25.7322
      vertex -25.7746 3.43731 22.1992
    endloop
  endfacet
  facet normal -0.1361 0 0.990695
    outer loop
      vertex -38.996 2.32514 20.3959
      vertex -25.7746 2.87322 22.2123
      vertex -38.996 2.78191 20.3959
    endloop
  endfacet
  facet normal -0.1361 0 0.990695
    outer loop
      vertex -25.7746 2.87322 22.2123
      vertex -38.996 2.32514 20.3959
      vertex -38.996 0 20.3959
    endloop
  endfacet
  facet normal -0.137154 0 0.99055
    outer loop
      vertex 0 1.4587 25.7811
      vertex 0 3.92645 25.7811
      vertex -25.7746 2.87322 22.2123
    endloop
  endfacet
  facet normal -0.136941 0.00393849 0.990571
    outer loop
      vertex -25.7746 2.87322 22.2123
      vertex 0 1.29991 25.7817
      vertex 0 1.4587 25.7811
    endloop
  endfacet
  facet normal -0.13694 0.00394554 0.990571
    outer loop
      vertex 0 1.29991 25.7817
      vertex -25.7746 2.87322 22.2123
      vertex -38.996 0 20.3959
    endloop
  endfacet
  facet normal -0.136812 0 0.990597
    outer loop
      vertex 0 -1.29991 25.7817
      vertex 0 1.29991 25.7817
      vertex -38.996 0 20.3959
    endloop
  endfacet
  facet normal -0.136941 -0.00393849 0.990571
    outer loop
      vertex 0 -1.29991 25.7817
      vertex -25.7746 -2.87322 22.2123
      vertex 0 -1.4587 25.7811
    endloop
  endfacet
  facet normal -0.13694 -0.00394554 0.990571
    outer loop
      vertex -25.7746 -2.87322 22.2123
      vertex 0 -1.29991 25.7817
      vertex -38.996 0 20.3959
    endloop
  endfacet
  facet normal -0.137154 0 0.99055
    outer loop
      vertex 0 -3.92645 25.7811
      vertex 0 -1.4587 25.7811
      vertex -25.7746 -2.87322 22.2123
    endloop
  endfacet
  facet normal -0.1361 0 0.990695
    outer loop
      vertex -38.996 -2.32514 20.3959
      vertex -25.7746 -2.87322 22.2123
      vertex -38.996 0 20.3959
    endloop
  endfacet
  facet normal -0.1361 0 0.990695
    outer loop
      vertex -25.7746 -2.87322 22.2123
      vertex -38.996 -2.32514 20.3959
      vertex -38.996 -2.78191 20.3959
    endloop
  endfacet
  facet normal -0.13622 -0.0230335 0.990411
    outer loop
      vertex -25.7746 -3.43731 22.1992
      vertex -25.7746 -2.87322 22.2123
      vertex -38.996 -2.78191 20.3959
    endloop
  endfacet
  facet normal -0.138041 -0.0230276 0.990159
    outer loop
      vertex -25.7746 -3.43731 22.1992
      vertex 0 -3.92645 25.7811
      vertex -25.7746 -2.87322 22.2123
    endloop
  endfacet
  facet normal -0.138041 -0.0230287 0.990159
    outer loop
      vertex 0 -3.92645 25.7811
      vertex -25.7746 -3.43731 22.1992
      vertex 0 -3.96327 25.7802
    endloop
  endfacet
  facet normal -0.138624 -0.0648023 0.988223
    outer loop
      vertex 0 -4.69567 25.7322
      vertex 0 -3.96327 25.7802
      vertex -25.7746 -3.43731 22.1992
    endloop
  endfacet
  facet normal -0.139181 -0.0960057 0.985602
    outer loop
      vertex -25.7746 -3.43731 22.1992
      vertex -38.996 -2.78191 20.3959
      vertex -38.996 -3.36092 20.3395
    endloop
  endfacet
  facet normal -0.13867 -0.142269 0.980066
    outer loop
      vertex -25.7746 -4.14797 22.096
      vertex -25.7746 -3.43731 22.1992
      vertex -38.996 -3.36092 20.3395
    endloop
  endfacet
  facet normal -0.141236 -0.142217 0.979707
    outer loop
      vertex -25.7746 -4.14797 22.096
      vertex 0 -4.69567 25.7322
      vertex -25.7746 -3.43731 22.1992
    endloop
  endfacet
  facet normal -0.141236 -0.142194 0.979711
    outer loop
      vertex 0 -4.69567 25.7322
      vertex -25.7746 -4.14797 22.096
      vertex 0 -4.74206 25.7255
    endloop
  endfacet
  facet normal -0.14107 -0.210725 0.967313
    outer loop
      vertex 0 -5.65647 25.5263
      vertex 0 -4.74206 25.7255
      vertex -25.7746 -4.14797 22.096
    endloop
  endfacet
  facet normal -0.143488 -0.321997 0.935804
    outer loop
      vertex -25.7746 -4.14797 22.096
      vertex -38.996 -3.36092 20.3395
      vertex -38.996 -4.13674 20.0726
    endloop
  endfacet
  facet normal -0.141759 -0.354298 0.924325
    outer loop
      vertex -25.7746 -5.09559 21.7328
      vertex -25.7746 -4.14797 22.096
      vertex -38.996 -4.13674 20.0726
    endloop
  endfacet
  facet normal -0.143711 -0.354198 0.924062
    outer loop
      vertex -25.7746 -5.09559 21.7328
      vertex 0 -5.65647 25.5263
      vertex -25.7746 -4.14797 22.096
    endloop
  endfacet
  facet normal -0.143711 -0.354191 0.924065
    outer loop
      vertex 0 -5.65647 25.5263
      vertex -25.7746 -5.09559 21.7328
      vertex 0 -5.71833 25.5026
    endloop
  endfacet
  facet normal -0.142092 -0.400028 0.905421
    outer loop
      vertex 0 -6.92611 24.9689
      vertex 0 -5.71833 25.5026
      vertex -25.7746 -5.09559 21.7328
    endloop
  endfacet
  facet normal -0.135694 -0.877784 0.459438
    outer loop
      vertex -25.7746 -6.70715 20.1331
      vertex -38.996 -5.0978 19.3029
      vertex -38.996 -5.66877 18.2121
    endloop
  endfacet
  facet normal -0.127823 -0.91365 0.385881
    outer loop
      vertex -25.7746 -7.00392 19.4304
      vertex -25.7746 -6.70715 20.1331
      vertex -38.996 -5.66877 18.2121
    endloop
  endfacet
  facet normal -0.134741 -0.819996 0.556283
    outer loop
      vertex -25.7746 -6.70715 20.1331
      vertex -25.7746 -6.2771 20.767
      vertex -38.996 -5.0978 19.3029
    endloop
  endfacet
  facet normal -0.137535 -0.711 0.689611
    outer loop
      vertex 0 -8.50518 23.6103
      vertex 0 -7.81199 24.3249
      vertex -25.7746 -6.2771 20.767
    endloop
  endfacet
  facet normal -0.138596 -0.697369 0.703184
    outer loop
      vertex -25.7746 -6.2771 20.767
      vertex 0 -7.77645 24.3602
      vertex -25.7746 -5.73256 21.307
    endloop
  endfacet
  facet normal -0.138597 -0.697362 0.703191
    outer loop
      vertex 0 -7.77645 24.3602
      vertex -25.7746 -6.2771 20.767
      vertex 0 -7.81199 24.3249
    endloop
  endfacet
  facet normal -0.140041 -0.697226 0.70304
    outer loop
      vertex -25.7746 -6.2771 20.767
      vertex -25.7746 -5.73256 21.307
      vertex -38.996 -5.0978 19.3029
    endloop
  endfacet
  facet normal -0.146722 -0.618328 0.772103
    outer loop
      vertex -25.7746 -5.73256 21.307
      vertex -38.996 -4.13674 20.0726
      vertex -38.996 -5.0978 19.3029
    endloop
  endfacet
  facet normal -0.124139 -0.914084 0.386057
    outer loop
      vertex -25.7746 -6.70715 20.1331
      vertex 0 -9.50961 21.7856
      vertex 0 -9.49024 21.8314
    endloop
  endfacet
  facet normal -0.124139 -0.914081 0.386063
    outer loop
      vertex 0 -9.50961 21.7856
      vertex -25.7746 -6.70715 20.1331
      vertex -25.7746 -7.00392 19.4304
    endloop
  endfacet
  facet normal -0.124398 -0.908174 0.399682
    outer loop
      vertex 0 -9.49024 21.8314
      vertex 0 -9.08913 22.7429
      vertex -25.7746 -6.70715 20.1331
    endloop
  endfacet
  facet normal -0.132152 -0.820294 0.556466
    outer loop
      vertex -25.7746 -6.2771 20.767
      vertex 0 -9.08913 22.7429
      vertex 0 -9.06105 22.7842
    endloop
  endfacet
  facet normal -0.132152 -0.820285 0.556479
    outer loop
      vertex 0 -9.08913 22.7429
      vertex -25.7746 -6.2771 20.767
      vertex -25.7746 -6.70715 20.1331
    endloop
  endfacet
  facet normal -0.132136 -0.822362 0.553408
    outer loop
      vertex 0 -9.06105 22.7842
      vertex 0 -8.50518 23.6103
      vertex -25.7746 -6.2771 20.767
    endloop
  endfacet
  facet normal -0.141046 -0.577575 0.80406
    outer loop
      vertex 0 -7.77645 24.3602
      vertex 0 -6.96769 24.9411
      vertex -25.7746 -5.73256 21.307
    endloop
  endfacet
  facet normal -0.142387 -0.549999 0.822938
    outer loop
      vertex -25.7746 -5.73256 21.307
      vertex 0 -6.92611 24.9689
      vertex -25.7746 -5.09559 21.7328
    endloop
  endfacet
  facet normal -0.142387 -0.549985 0.822948
    outer loop
      vertex 0 -6.92611 24.9689
      vertex -25.7746 -5.73256 21.307
      vertex 0 -6.96769 24.9411
    endloop
  endfacet
  facet normal -0.143204 -0.549934 0.82284
    outer loop
      vertex -25.7746 -5.73256 21.307
      vertex -25.7746 -5.09559 21.7328
      vertex -38.996 -4.13674 20.0726
    endloop
  endfacet
  facet normal -0.158525 0.214789 -0.963709
    outer loop
      vertex -38.996 4.63122 10.8232
      vertex -38.996 3.78191 10.6339
      vertex -41.6179 3.50047 11.0024
    endloop
  endfacet
  facet normal -0.14069 0.171634 -0.975063
    outer loop
      vertex -41.6179 4.30575 11.1442
      vertex -38.996 4.63122 10.8232
      vertex -41.6179 3.50047 11.0024
    endloop
  endfacet
  facet normal -0.154341 0.490736 -0.857529
    outer loop
      vertex -38.996 4.91292 10.9844
      vertex -38.996 4.63122 10.8232
      vertex -40.3057 4.74413 11.1235
    endloop
  endfacet
  facet normal -0.16317 0.446931 -0.879561
    outer loop
      vertex -40.3057 4.74413 11.1235
      vertex -38.996 4.63122 10.8232
      vertex -41.6179 4.30575 11.1442
    endloop
  endfacet
  facet normal -0.125253 0.3308 -0.935352
    outer loop
      vertex -41.6179 4.58775 11.2439
      vertex -40.3057 4.74413 11.1235
      vertex -41.6179 4.30575 11.1442
    endloop
  endfacet
  facet normal -0.162991 0.660741 -0.732704
    outer loop
      vertex -38.996 5.30611 11.3389
      vertex -38.996 4.91292 10.9844
      vertex -40.3057 4.74413 11.1235
    endloop
  endfacet
  facet normal -0.140811 0.545284 -0.82634
    outer loop
      vertex -41.6179 5.06991 11.5621
      vertex -40.3057 4.74413 11.1235
      vertex -41.6179 4.58775 11.2439
    endloop
  endfacet
  facet normal -0.121049 0.588545 -0.799351
    outer loop
      vertex -38.996 5.30611 11.3389
      vertex -40.3057 4.74413 11.1235
      vertex -41.6179 5.06991 11.5621
    endloop
  endfacet
  facet normal -0.121358 0.823303 -0.554477
    outer loop
      vertex -41.6179 5.39667 12.0473
      vertex -38.996 5.30611 11.3389
      vertex -41.6179 5.06991 11.5621
    endloop
  endfacet
  facet normal -0.116276 0.835393 -0.537213
    outer loop
      vertex -38.996 5.59248 11.7843
      vertex -38.996 5.30611 11.3389
      vertex -41.6179 5.39667 12.0473
    endloop
  endfacet
  facet normal -0.0779374 0.287477 -0.954611
    outer loop
      vertex -18.5972 6.01884 9.64209
      vertex -28.7965 4.525 10.0249
      vertex -38.996 3.78191 10.6339
    endloop
  endfacet
  facet normal -0.0927321 0.725951 -0.681466
    outer loop
      vertex 0 8.68865 9.66042
      vertex 0 8.24018 9.18267
      vertex -18.5972 6.69115 10.0632
    endloop
  endfacet
  facet normal -0.0879899 0.528753 -0.844203
    outer loop
      vertex -18.5972 6.69115 10.0632
      vertex 0 7.66852 8.73698
      vertex -18.5972 6.01884 9.64209
    endloop
  endfacet
  facet normal -0.0879899 0.528751 -0.844204
    outer loop
      vertex 0 7.66852 8.73698
      vertex -18.5972 6.69115 10.0632
      vertex 0 7.72785 8.77414
    endloop
  endfacet
  facet normal -0.100225 0.836863 -0.538159
    outer loop
      vertex -38.996 5.59248 11.7843
      vertex -30.6611 6.22009 11.208
      vertex -38.996 5.30611 11.3389
    endloop
  endfacet
  facet normal -0.0885981 0.621 -0.778787
    outer loop
      vertex 0 8.24018 9.18267
      vertex 0 7.72785 8.77414
      vertex -18.5972 6.69115 10.0632
    endloop
  endfacet
  facet normal -0.0955241 0.815934 -0.570198
    outer loop
      vertex 0 9.11773 10.2603
      vertex 0 8.72422 9.69722
      vertex -38.996 5.30611 11.3389
    endloop
  endfacet
  facet normal -0.0883908 0.705252 -0.703425
    outer loop
      vertex 0 9.11773 10.2603
      vertex -30.6611 6.22009 11.208
      vertex 0 9.12324 10.2658
    endloop
  endfacet
  facet normal -0.088393 0.705287 -0.70339
    outer loop
      vertex -30.6611 6.22009 11.208
      vertex 0 9.11773 10.2603
      vertex -38.996 5.30611 11.3389
    endloop
  endfacet
  facet normal -0.0800045 0.582444 -0.808924
    outer loop
      vertex 0 9.12324 10.2658
      vertex -24.4197 6.83526 11.0336
      vertex 0 9.1249 10.267
    endloop
  endfacet
  facet normal -0.0800135 0.582571 -0.808832
    outer loop
      vertex -24.4197 6.83526 11.0336
      vertex 0 9.12324 10.2658
      vertex -30.6611 6.22009 11.208
    endloop
  endfacet
  facet normal -0.0959432 0.849665 -0.51852
    outer loop
      vertex 0 9.1249 10.267
      vertex -21.6383 7.21936 11.1483
      vertex 0 9.13437 10.2826
    endloop
  endfacet
  facet normal -0.0959429 0.849653 -0.51854
    outer loop
      vertex -21.6383 7.21936 11.1483
      vertex 0 9.1249 10.267
      vertex -24.4197 6.83526 11.0336
    endloop
  endfacet
  facet normal -0.0966205 0.893204 -0.439149
    outer loop
      vertex 0 9.13437 10.2826
      vertex -19.9611 7.50367 11.3576
      vertex 0 9.14561 10.3054
    endloop
  endfacet
  facet normal -0.0966205 0.893203 -0.439151
    outer loop
      vertex -19.9611 7.50367 11.3576
      vertex 0 9.13437 10.2826
      vertex -21.6383 7.21936 11.1483
    endloop
  endfacet
  facet normal -0.0967155 0.889155 -0.447269
    outer loop
      vertex 0 9.44186 10.8944
      vertex 0 9.14561 10.3054
      vertex -19.9611 7.50367 11.3576
    endloop
  endfacet
  facet normal -0.0807174 0.308179 -0.947898
    outer loop
      vertex -18.5972 6.01884 9.64209
      vertex -18.5972 5.2672 9.39772
      vertex -28.7965 4.525 10.0249
    endloop
  endfacet
  facet normal -0.0735115 0.308351 -0.948428
    outer loop
      vertex -18.5972 6.01884 9.64209
      vertex 0 7.60219 8.71542
      vertex -18.5972 5.2672 9.39772
    endloop
  endfacet
  facet normal -0.0735119 0.308356 -0.948426
    outer loop
      vertex 0 7.60219 8.71542
      vertex -18.5972 6.01884 9.64209
      vertex 0 7.66852 8.73698
    endloop
  endfacet
  facet normal -0.0900849 0.459258 -0.883723
    outer loop
      vertex 0 7.60219 8.71542
      vertex 0 6.61815 8.20403
      vertex -18.5972 5.2672 9.39772
    endloop
  endfacet
  facet normal -0.0711298 0.216989 -0.973579
    outer loop
      vertex -38.996 4.63122 10.8232
      vertex -18.5972 6.01884 9.64209
      vertex -38.996 3.78191 10.6339
    endloop
  endfacet
  facet normal -0.0837441 0.494943 -0.86488
    outer loop
      vertex -38.996 4.91292 10.9844
      vertex -18.5972 6.01884 9.64209
      vertex -38.996 4.63122 10.8232
    endloop
  endfacet
  facet normal -0.0842438 0.528925 -0.844477
    outer loop
      vertex -18.5972 6.69115 10.0632
      vertex -18.5972 6.01884 9.64209
      vertex -38.996 4.91292 10.9844
    endloop
  endfacet
  facet normal -0.0915304 0.666885 -0.739517
    outer loop
      vertex -38.996 5.30611 11.3389
      vertex -18.5972 6.69115 10.0632
      vertex -38.996 4.91292 10.9844
    endloop
  endfacet
  facet normal -0.0918951 0.716038 -0.691987
    outer loop
      vertex 0 8.72422 9.69722
      vertex -18.5972 6.69115 10.0632
      vertex -38.996 5.30611 11.3389
    endloop
  endfacet
  facet normal -0.0918951 0.716037 -0.691987
    outer loop
      vertex -18.5972 6.69115 10.0632
      vertex 0 8.72422 9.69722
      vertex 0 8.68865 9.66042
    endloop
  endfacet
  facet normal 0.0412139 0 -0.99915
    outer loop
      vertex -24.4197 7.21936 11.0336
      vertex -21.6383 7.21936 11.1483
      vertex -24.4197 6.83526 11.0336
    endloop
  endfacet
  facet normal 0.0412139 0 -0.99915
    outer loop
      vertex -21.6383 7.21936 11.1483
      vertex -24.4197 7.21936 11.0336
      vertex -24.4197 51.1453 11.0336
    endloop
  endfacet
  facet normal -0.123244 0.000532857 -0.992376
    outer loop
      vertex -39.8259 52.0639 11.8633
      vertex -40.8399 7.21936 11.9651
      vertex -49 47.2194 13
    endloop
  endfacet
  facet normal -0.0797436 -0.00046084 -0.996815
    outer loop
      vertex -39.8259 52.0639 11.8633
      vertex -32.6406 7.21936 11.3092
      vertex -40.8399 7.21936 11.9651
    endloop
  endfacet
  facet normal -0.0844339 -0.00121713 -0.996428
    outer loop
      vertex -35.286 51.65 11.4791
      vertex -32.6406 7.21936 11.3092
      vertex -39.8259 52.0639 11.8633
    endloop
  endfacet
  facet normal -0.0335005 0.00182695 -0.999437
    outer loop
      vertex -24.4197 7.21936 11.0336
      vertex -32.6406 7.21936 11.3092
      vertex -35.286 51.65 11.4791
    endloop
  endfacet
  facet normal -0.0438284 -0.000702916 -0.999039
    outer loop
      vertex -25.4269 51.161 11.0469
      vertex -24.4197 7.21936 11.0336
      vertex -35.286 51.65 11.4791
    endloop
  endfacet
  facet normal -0.0131734 -0 -0.999913
    outer loop
      vertex -24.4197 51.1453 11.0336
      vertex -24.4197 7.21936 11.0336
      vertex -25.4269 51.161 11.0469
    endloop
  endfacet
  facet normal -0.0783156 -0.000655818 0.996928
    outer loop
      vertex -33.1886 51.5626 14.6589
      vertex -39.7693 52.0938 14.1423
      vertex -41.0849 7.21936 14.0094
    endloop
  endfacet
  facet normal -0.0818172 -2.81766e-005 0.996647
    outer loop
      vertex -33.1324 7.21936 14.6622
      vertex -33.1886 51.5626 14.6589
      vertex -41.0849 7.21936 14.0094
    endloop
  endfacet
  facet normal -0.0369672 2.8866e-005 0.999316
    outer loop
      vertex -33.1324 7.21936 14.6622
      vertex -25.1586 7.21936 14.9572
      vertex -33.1886 51.5626 14.6589
    endloop
  endfacet
  facet normal -0.0128641 0.00439761 0.999908
    outer loop
      vertex -25.1586 7.21936 14.9572
      vertex -24.4197 7.29589 14.9664
      vertex -33.1886 51.5626 14.6589
    endloop
  endfacet
  facet normal -0.0350456 0 0.999386
    outer loop
      vertex -24.4197 7.29589 14.9664
      vertex -24.4197 51.2578 14.9664
      vertex -33.1886 51.5626 14.6589
    endloop
  endfacet
  facet normal -0.12281 0 0.99243
    outer loop
      vertex -39.7693 52.0938 14.1423
      vertex -49 47.2194 13
      vertex -49 7.21936 13
    endloop
  endfacet
  facet normal -0.126504 0.000771626 0.991966
    outer loop
      vertex -41.0849 7.21936 14.0094
      vertex -39.7693 52.0938 14.1423
      vertex -49 7.21936 13
    endloop
  endfacet
  facet normal -0.102846 0.994697 0
    outer loop
      vertex 0 9.81389 17.597
      vertex 0 9.81389 13
      vertex -16 8.15957 13
    endloop
  endfacet
  facet normal -0.102399 0.994742 -0.00157271
    outer loop
      vertex 0 9.81389 17.597
      vertex -16.0866 8.15115 13.3108
      vertex 0 9.81394 17.6307
    endloop
  endfacet
  facet normal -0.102396 0.994742 -0.00158235
    outer loop
      vertex -16.0866 8.15115 13.3108
      vertex 0 9.81389 17.597
      vertex -16 8.15957 13
    endloop
  endfacet
  facet normal -0.102399 0.994742 -0.00157441
    outer loop
      vertex -16.0866 8.15115 13.3108
      vertex 0 9.81397 17.6506
      vertex 0 9.81394 17.6307
    endloop
  endfacet
  facet normal -0.102408 0.994741 -0.00153957
    outer loop
      vertex 0 9.81397 17.6506
      vertex -16.0866 8.15115 13.3108
      vertex -16.229 8.13674 13.4717
    endloop
  endfacet
  facet normal -0.102372 0.994745 -0.00168171
    outer loop
      vertex -16.229 8.13674 13.4717
      vertex 0 9.81415 17.7516
      vertex 0 9.81397 17.6506
    endloop
  endfacet
  facet normal -0.102372 0.994745 -0.00168177
    outer loop
      vertex 0 9.81415 17.7516
      vertex -16.229 8.13674 13.4717
      vertex -17.6965 7.98693 14.1875
    endloop
  endfacet
  facet normal -0.102309 0.994751 -0.00199764
    outer loop
      vertex -17.6965 7.98693 14.1875
      vertex 0 9.8143 17.8285
      vertex 0 9.81415 17.7516
    endloop
  endfacet
  facet normal -0.102308 0.994751 -0.00200149
    outer loop
      vertex 0 9.8143 17.8285
      vertex -17.6965 7.98693 14.1875
      vertex -20.0219 7.7487 14.6519
    endloop
  endfacet
  facet normal -0.102485 0.994734 -0.000873676
    outer loop
      vertex -20.0219 7.7487 14.6519
      vertex 0 9.81436 17.898
      vertex 0 9.8143 17.8285
    endloop
  endfacet
  facet normal -0.102485 0.994734 -0.000875058
    outer loop
      vertex 0 9.81436 17.898
      vertex -20.0219 7.7487 14.6519
      vertex -24.4197 7.29589 14.9664
    endloop
  endfacet
  facet normal -0.103055 0.994668 0.00392867
    outer loop
      vertex -24.4197 7.29589 14.9664
      vertex 0 9.81434 17.9033
      vertex 0 9.81436 17.898
    endloop
  endfacet
  facet normal -0.103066 0.994666 0.00402402
    outer loop
      vertex 0 9.81434 17.9033
      vertex -24.4197 7.29589 14.9664
      vertex -25.1586 7.21936 14.9572
    endloop
  endfacet
  facet normal -0.103362 0.994622 0.00659524
    outer loop
      vertex -25.1586 7.21936 14.9572
      vertex 0 9.81425 17.9161
      vertex 0 9.81434 17.9033
    endloop
  endfacet
  facet normal -0.103359 0.994622 0.00656568
    outer loop
      vertex 0 9.81425 17.9161
      vertex -25.1586 7.21936 14.9572
      vertex -27.3023 6.99688 14.9131
    endloop
  endfacet
  facet normal -0.102185 0.994756 -0.00423487
    outer loop
      vertex 0 9.81425 17.9161
      vertex -25.7746 7.16131 16.6735
      vertex 0 9.8147 18.0201
    endloop
  endfacet
  facet normal -0.102185 0.994756 -0.00423776
    outer loop
      vertex -25.7746 7.16131 16.6735
      vertex 0 9.81425 17.9161
      vertex -27.3023 6.99688 14.9131
    endloop
  endfacet
  facet normal -0.103142 0.994661 -0.00339809
    outer loop
      vertex -25.7746 7.16131 16.6735
      vertex -27.3023 6.99688 14.9131
      vertex -38.996 5.78191 14.2157
    endloop
  endfacet
  facet normal -0.103767 0.994602 0
    outer loop
      vertex -38.996 5.78191 15.9728
      vertex -25.7746 7.16131 16.6735
      vertex -38.996 5.78191 14.2157
    endloop
  endfacet
  facet normal -0.104092 0.994568 0
    outer loop
      vertex -38.996 5.78191 17.0866
      vertex -25.7746 7.16568 18.0497
      vertex -38.996 5.78191 15.9728
    endloop
  endfacet
  facet normal -0.103601 0.994614 -0.00315533
    outer loop
      vertex -25.7746 7.16568 18.0497
      vertex -25.7746 7.16131 16.6735
      vertex -38.996 5.78191 15.9728
    endloop
  endfacet
  facet normal -0.102024 0.994777 -0.00315752
    outer loop
      vertex 0 9.8147 19.8112
      vertex -25.7746 7.16568 18.0497
      vertex 0 9.81498 19.901
    endloop
  endfacet
  facet normal -0.102024 0.994777 -0.00315585
    outer loop
      vertex -25.7746 7.16568 18.0497
      vertex 0 9.8147 19.8112
      vertex -25.7746 7.16131 16.6735
    endloop
  endfacet
  facet normal -0.102405 0.994743 0
    outer loop
      vertex 0 9.8147 19.8112
      vertex 0 9.8147 18.0201
      vertex -25.7746 7.16131 16.6735
    endloop
  endfacet
  facet normal -0.103828 0.994595 0
    outer loop
      vertex -38.996 5.78191 17.3959
      vertex -25.7746 7.16212 18.4312
      vertex -38.996 5.78191 17.0866
    endloop
  endfacet
  facet normal -0.104755 0.994455 0.00926288
    outer loop
      vertex -25.7746 7.16212 18.4312
      vertex -25.7746 7.16568 18.0497
      vertex -38.996 5.78191 17.0866
    endloop
  endfacet
  facet normal -0.102237 0.994717 0.00925619
    outer loop
      vertex 0 9.79294 20.3978
      vertex -25.7746 7.16212 18.4312
      vertex 0 9.79271 20.4227
    endloop
  endfacet
  facet normal -0.102238 0.994717 0.00926532
    outer loop
      vertex -25.7746 7.16212 18.4312
      vertex 0 9.79294 20.3978
      vertex -25.7746 7.16568 18.0497
    endloop
  endfacet
  facet normal -0.105282 0.993465 0.0440851
    outer loop
      vertex 0 9.79294 20.3978
      vertex 0 9.81498 19.901
      vertex -25.7746 7.16568 18.0497
    endloop
  endfacet
  facet normal -0.117741 0.954889 0.272625
    outer loop
      vertex 0 9.50961 21.7856
      vertex 0 9.65581 21.2735
      vertex -25.7746 7.00392 19.4304
    endloop
  endfacet
  facet normal -0.111973 0.984297 0.13646
    outer loop
      vertex -25.7746 7.00392 19.4304
      vertex -38.996 5.78191 17.3959
      vertex -38.996 5.66877 18.2121
    endloop
  endfacet
  facet normal -0.114593 0.981191 0.155345
    outer loop
      vertex -25.7746 7.00392 19.4304
      vertex -25.7746 7.16212 18.4312
      vertex -38.996 5.78191 17.3959
    endloop
  endfacet
  facet normal -0.112093 0.981474 0.155385
    outer loop
      vertex 0 9.66614 21.2083
      vertex -25.7746 7.00392 19.4304
      vertex 0 9.65581 21.2735
    endloop
  endfacet
  facet normal -0.112093 0.981473 0.15539
    outer loop
      vertex -25.7746 7.00392 19.4304
      vertex 0 9.66614 21.2083
      vertex -25.7746 7.16212 18.4312
    endloop
  endfacet
  facet normal -0.112336 0.981019 0.158056
    outer loop
      vertex 0 9.66614 21.2083
      vertex 0 9.79271 20.4227
      vertex -25.7746 7.16212 18.4312
    endloop
  endfacet
  facet normal -0.117741 -0.954889 0.272625
    outer loop
      vertex 0 -9.65581 21.2735
      vertex 0 -9.50961 21.7856
      vertex -25.7746 -7.00392 19.4304
    endloop
  endfacet
  facet normal -0.111973 -0.984297 0.13646
    outer loop
      vertex -25.7746 -7.00392 19.4304
      vertex -38.996 -5.66877 18.2121
      vertex -38.996 -5.78191 17.3959
    endloop
  endfacet
  facet normal -0.114593 -0.981191 0.155345
    outer loop
      vertex -25.7746 -7.16212 18.4312
      vertex -25.7746 -7.00392 19.4304
      vertex -38.996 -5.78191 17.3959
    endloop
  endfacet
  facet normal -0.112093 -0.981474 0.155385
    outer loop
      vertex -25.7746 -7.00392 19.4304
      vertex 0 -9.66614 21.2083
      vertex 0 -9.65581 21.2735
    endloop
  endfacet
  facet normal -0.112093 -0.981473 0.15539
    outer loop
      vertex 0 -9.66614 21.2083
      vertex -25.7746 -7.00392 19.4304
      vertex -25.7746 -7.16212 18.4312
    endloop
  endfacet
  facet normal -0.112336 -0.981019 0.158056
    outer loop
      vertex 0 -9.79271 20.4227
      vertex 0 -9.66614 21.2083
      vertex -25.7746 -7.16212 18.4312
    endloop
  endfacet
  facet normal -0.0673974 -0 -0.997726
    outer loop
      vertex -38.996 0 10.6339
      vertex -18.5972 -3.88834 9.25591
      vertex -38.996 -2.78627 10.6339
    endloop
  endfacet
  facet normal -0.0699562 -0.0135189 -0.997458
    outer loop
      vertex -18.5972 0 9.20321
      vertex -18.5972 -3.88834 9.25591
      vertex -38.996 0 10.6339
    endloop
  endfacet
  facet normal -0.0732534 -0.0135156 -0.997222
    outer loop
      vertex -18.5972 -3.88834 9.25591
      vertex 0 -4.55876 7.89889
      vertex 0 -4.9019 7.90354
    endloop
  endfacet
  facet normal -0.0732534 -0.0135157 -0.997222
    outer loop
      vertex 0 -4.55876 7.89889
      vertex -18.5972 -3.88834 9.25591
      vertex -18.5972 0 9.20321
    endloop
  endfacet
  facet normal -0.139201 0 -0.990264
    outer loop
      vertex -41.6179 3.50047 11.0024
      vertex -38.996 2.78627 10.6339
      vertex -38.996 0 10.6339
    endloop
  endfacet
  facet normal -0.139201 0 -0.990264
    outer loop
      vertex -38.996 2.78627 10.6339
      vertex -41.6179 3.50047 11.0024
      vertex -38.996 2.85804 10.6339
    endloop
  endfacet
  facet normal -0.139201 0 -0.990264
    outer loop
      vertex -38.996 2.85804 10.6339
      vertex -41.6179 3.50047 11.0024
      vertex -38.996 3.78191 10.6339
    endloop
  endfacet
  facet normal -0.0698677 0.0525539 -0.996171
    outer loop
      vertex -41.6179 3.50047 11.0024
      vertex -38.996 0 10.6339
      vertex -41.6179 0 10.8178
    endloop
  endfacet
  facet normal -0.371973 0.537631 0.756696
    outer loop
      vertex -45.8112 4.19457 17.7785
      vertex -48.6722 4.24871 16.3336
      vertex -48.6722 3.58201 16.8073
    endloop
  endfacet
  facet normal -0.31423 0.69361 0.648201
    outer loop
      vertex -45.8112 4.19457 17.7785
      vertex -45.8112 4.86374 17.0624
      vertex -48.6722 4.24871 16.3336
    endloop
  endfacet
  facet normal -0.292478 0.69867 0.652929
    outer loop
      vertex -42.6 4.69766 18.6786
      vertex -45.8112 4.86374 17.0624
      vertex -45.8112 4.19457 17.7785
    endloop
  endfacet
  facet normal -0.215527 0.83053 0.513583
    outer loop
      vertex -42.6 4.69766 18.6786
      vertex -42.6 5.28525 17.7284
      vertex -45.8112 4.86374 17.0624
    endloop
  endfacet
  facet normal -0.182429 0.836247 0.517118
    outer loop
      vertex -38.996 5.0978 19.3029
      vertex -42.6 5.28525 17.7284
      vertex -42.6 4.69766 18.6786
    endloop
  endfacet
  facet normal -0.154634 0.875321 0.458149
    outer loop
      vertex -38.996 5.0978 19.3029
      vertex -38.996 5.66877 18.2121
      vertex -42.6 5.28525 17.7284
    endloop
  endfacet
  facet normal -0.181458 0.614716 0.767592
    outer loop
      vertex -38.996 4.13674 20.0726
      vertex -38.996 5.0978 19.3029
      vertex -40.8113 3.97913 19.7697
    endloop
  endfacet
  facet normal -0.199763 0.635376 0.745917
    outer loop
      vertex -40.8113 3.97913 19.7697
      vertex -38.996 5.0978 19.3029
      vertex -42.6 4.69766 18.6786
    endloop
  endfacet
  facet normal -0.263363 0.548961 0.793273
    outer loop
      vertex -40.8113 3.97913 19.7697
      vertex -42.6 4.69766 18.6786
      vertex -42.6 3.77506 19.3171
    endloop
  endfacet
  facet normal -0.304471 0.542032 0.783261
    outer loop
      vertex -42.6 3.77506 19.3171
      vertex -42.6 4.69766 18.6786
      vertex -45.8112 4.19457 17.7785
    endloop
  endfacet
  facet normal -0.360994 0.372412 0.854981
    outer loop
      vertex -42.6 3.77506 19.3171
      vertex -45.8112 4.19457 17.7785
      vertex -45.8112 3.30161 18.1674
    endloop
  endfacet
  facet normal -0.368755 0.371197 0.852193
    outer loop
      vertex -45.8112 3.30161 18.1674
      vertex -45.8112 4.19457 17.7785
      vertex -48.6722 3.58201 16.8073
    endloop
  endfacet
  facet normal -0.406807 0.186781 0.894215
    outer loop
      vertex -45.8112 3.30161 18.1674
      vertex -48.6722 3.58201 16.8073
      vertex -48.6722 2.78144 16.9745
    endloop
  endfacet
  facet normal -0.376795 0.147373 0.914498
    outer loop
      vertex -42.6 3.05699 19.5299
      vertex -45.8112 3.30161 18.1674
      vertex -45.8112 2.65729 18.2713
    endloop
  endfacet
  facet normal -0.403176 0.145595 0.903466
    outer loop
      vertex -45.8112 2.65729 18.2713
      vertex -45.8112 3.30161 18.1674
      vertex -48.6722 2.78144 16.9745
    endloop
  endfacet
  facet normal -0.412823 0 0.910811
    outer loop
      vertex -45.8112 2.65729 18.2713
      vertex -48.6722 2.78144 16.9745
      vertex -48.6722 2.23477 16.9745
    endloop
  endfacet
  facet normal -0.359409 0.265253 0.894687
    outer loop
      vertex -42.6 3.05699 19.5299
      vertex -42.6 3.77506 19.3171
      vertex -45.8112 3.30161 18.1674
    endloop
  endfacet
  facet normal -0.278779 0.272978 0.920742
    outer loop
      vertex -40.8113 3.23024 20.0202
      vertex -42.6 3.77506 19.3171
      vertex -42.6 3.05699 19.5299
    endloop
  endfacet
  facet normal -0.266201 0.305753 0.91414
    outer loop
      vertex -40.8113 3.23024 20.0202
      vertex -40.8113 3.97913 19.7697
      vertex -42.6 3.77506 19.3171
    endloop
  endfacet
  facet normal -0.186363 0.311641 0.931745
    outer loop
      vertex -38.996 3.36092 20.3395
      vertex -40.8113 3.97913 19.7697
      vertex -40.8113 3.23024 20.0202
    endloop
  endfacet
  facet normal -0.182898 0.319875 0.929639
    outer loop
      vertex -38.996 3.36092 20.3395
      vertex -38.996 4.13674 20.0726
      vertex -40.8113 3.97913 19.7697
    endloop
  endfacet
  facet normal -0.338442 0.0902378 0.936651
    outer loop
      vertex -42.6 2.52886 19.5808
      vertex -42.6 3.05699 19.5299
      vertex -43.6822 2.42524 19.1998
    endloop
  endfacet
  facet normal -0.377981 0.172063 0.909684
    outer loop
      vertex -43.6822 2.42524 19.1998
      vertex -42.6 3.05699 19.5299
      vertex -45.8112 2.65729 18.2713
    endloop
  endfacet
  facet normal -0.390563 0.0846133 0.916679
    outer loop
      vertex -43.6822 2.42524 19.1998
      vertex -45.8112 2.65729 18.2713
      vertex -45.8112 2.19653 18.3138
    endloop
  endfacet
  facet normal -0.421572 0.0833466 0.902957
    outer loop
      vertex -45.8112 2.19653 18.3138
      vertex -45.8112 2.65729 18.2713
      vertex -48.6722 2.23477 16.9745
    endloop
  endfacet
  facet normal -0.423961 0 0.90568
    outer loop
      vertex -45.8112 2.19653 18.3138
      vertex -48.6722 2.23477 16.9745
      vertex -48.6722 1.84776 16.9745
    endloop
  endfacet
  facet normal -0.27113 0.0923049 0.958107
    outer loop
      vertex -40.8113 2.6733 20.0731
      vertex -42.6 3.05699 19.5299
      vertex -42.6 2.52886 19.5808
    endloop
  endfacet
  facet normal -0.27141 0.0910579 0.958147
    outer loop
      vertex -40.8113 2.6733 20.0731
      vertex -40.8113 3.23024 20.0202
      vertex -42.6 3.05699 19.5299
    endloop
  endfacet
  facet normal -0.179736 0.0930684 0.979302
    outer loop
      vertex -38.996 2.78191 20.3959
      vertex -40.8113 3.23024 20.0202
      vertex -40.8113 2.6733 20.0731
    endloop
  endfacet
  facet normal -0.179142 0.095381 0.979189
    outer loop
      vertex -38.996 2.78191 20.3959
      vertex -38.996 3.36092 20.3395
      vertex -40.8113 3.23024 20.0202
    endloop
  endfacet
  facet normal -0.392153 0.0605754 0.917903
    outer loop
      vertex -44.2191 1.98104 19.0082
      vertex -45.8112 2.19653 18.3138
      vertex -45.8112 1.83589 18.3376
    endloop
  endfacet
  facet normal -0.429149 0.0594779 0.901273
    outer loop
      vertex -45.8112 1.83589 18.3376
      vertex -45.8112 2.19653 18.3138
      vertex -48.6722 1.84776 16.9745
    endloop
  endfacet
  facet normal -0.430111 0 0.902776
    outer loop
      vertex -45.8112 1.83589 18.3376
      vertex -48.6722 1.84776 16.9745
      vertex -48.6722 1.54437 16.9745
    endloop
  endfacet
  facet normal -0.390022 0.075645 0.917693
    outer loop
      vertex -44.2191 1.98104 19.0082
      vertex -43.6822 2.42524 19.1998
      vertex -45.8112 2.19653 18.3138
    endloop
  endfacet
  facet normal -0.336962 0.00123648 0.941517
    outer loop
      vertex -42.6 2.1136 19.5875
      vertex -43.6822 2.42524 19.1998
      vertex -44.2191 1.98104 19.0082
    endloop
  endfacet
  facet normal -0.333372 0.0151414 0.942674
    outer loop
      vertex -42.6 2.1136 19.5875
      vertex -42.6 2.52886 19.5808
      vertex -43.6822 2.42524 19.1998
    endloop
  endfacet
  facet normal -0.262811 0.0154955 0.964723
    outer loop
      vertex -40.8113 2.23432 20.0728
      vertex -42.6 2.52886 19.5808
      vertex -42.6 2.1136 19.5875
    endloop
  endfacet
  facet normal -0.265299 -0.000548788 0.964166
    outer loop
      vertex -40.8113 2.23432 20.0728
      vertex -40.8113 2.6733 20.0731
      vertex -42.6 2.52886 19.5808
    endloop
  endfacet
  facet normal -0.175205 -0.00056038 0.984532
    outer loop
      vertex -38.996 2.32514 20.3959
      vertex -40.8113 2.6733 20.0731
      vertex -40.8113 2.23432 20.0728
    endloop
  endfacet
  facet normal -0.175101 0 0.98455
    outer loop
      vertex -38.996 2.32514 20.3959
      vertex -38.996 2.78191 20.3959
      vertex -40.8113 2.6733 20.0731
    endloop
  endfacet
  facet normal -0.431753 0.0606074 0.899954
    outer loop
      vertex -45.8112 0 18.4612
      vertex -45.8112 1.83589 18.3376
      vertex -47.2523 0 17.7699
    endloop
  endfacet
  facet normal -0.434494 0.063223 0.898453
    outer loop
      vertex -47.2523 0 17.7699
      vertex -45.8112 1.83589 18.3376
      vertex -48.6722 1.54437 16.9745
    endloop
  endfacet
  facet normal -0.30976 0.0446774 0.949764
    outer loop
      vertex -42.6 0 19.6295
      vertex -44.2191 1.98104 19.0082
      vertex -44.2191 0 19.1014
    endloop
  endfacet
  facet normal -0.391163 0.0432445 0.919305
    outer loop
      vertex -44.2191 0 19.1014
      vertex -44.2191 1.98104 19.0082
      vertex -45.8112 1.83589 18.3376
    endloop
  endfacet
  facet normal -0.372332 0.0623616 0.926002
    outer loop
      vertex -44.2191 0 19.1014
      vertex -45.8112 1.83589 18.3376
      vertex -45.8112 0 18.4612
    endloop
  endfacet
  facet normal -0.338169 0.018679 0.9409
    outer loop
      vertex -42.6 0 19.6295
      vertex -42.6 2.1136 19.5875
      vertex -44.2191 1.98104 19.0082
    endloop
  endfacet
  facet normal -0.222097 0.0193526 0.974832
    outer loop
      vertex -39.7248 0 20.2845
      vertex -42.6 2.1136 19.5875
      vertex -42.6 0 19.6295
    endloop
  endfacet
  facet normal -0.259524 -0.0347659 0.965111
    outer loop
      vertex -39.7248 0 20.2845
      vertex -40.8113 2.23432 20.0728
      vertex -42.6 2.1136 19.5875
    endloop
  endfacet
  facet normal -0.151094 0.0201593 0.988314
    outer loop
      vertex -39.7248 0 20.2845
      vertex -38.996 0 20.3959
      vertex -40.8113 2.23432 20.0728
    endloop
  endfacet
  facet normal -0.175233 0 0.984527
    outer loop
      vertex -38.996 0 20.3959
      vertex -38.996 2.32514 20.3959
      vertex -40.8113 2.23432 20.0728
    endloop
  endfacet
  facet normal -0.488696 0 0.872454
    outer loop
      vertex -48.6722 0 16.9745
      vertex -47.2523 0 17.7699
      vertex -48.6722 1.54437 16.9745
    endloop
  endfacet
  facet normal -0.488696 0 0.872454
    outer loop
      vertex -47.2523 0 17.7699
      vertex -48.6722 0 16.9745
      vertex -48.6722 -1.54437 16.9745
    endloop
  endfacet
  facet normal -0.434494 -0.063223 0.898453
    outer loop
      vertex -45.8112 -1.83589 18.3376
      vertex -47.2523 0 17.7699
      vertex -48.6722 -1.54437 16.9745
    endloop
  endfacet
  facet normal -0.431753 -0.0606074 0.899954
    outer loop
      vertex -45.8112 -1.83589 18.3376
      vertex -45.8112 0 18.4612
      vertex -47.2523 0 17.7699
    endloop
  endfacet
  facet normal -0.372332 -0.0623616 0.926002
    outer loop
      vertex -44.2191 0 19.1014
      vertex -45.8112 0 18.4612
      vertex -45.8112 -1.83589 18.3376
    endloop
  endfacet
  facet normal -0.391163 -0.0432445 0.919305
    outer loop
      vertex -44.2191 -1.98104 19.0082
      vertex -44.2191 0 19.1014
      vertex -45.8112 -1.83589 18.3376
    endloop
  endfacet
  facet normal -0.30976 -0.0446774 0.949764
    outer loop
      vertex -42.6 0 19.6295
      vertex -44.2191 0 19.1014
      vertex -44.2191 -1.98104 19.0082
    endloop
  endfacet
  facet normal -0.338169 -0.018679 0.9409
    outer loop
      vertex -42.6 -2.1136 19.5875
      vertex -42.6 0 19.6295
      vertex -44.2191 -1.98104 19.0082
    endloop
  endfacet
  facet normal -0.222097 -0.0193526 0.974832
    outer loop
      vertex -39.7248 0 20.2845
      vertex -42.6 0 19.6295
      vertex -42.6 -2.1136 19.5875
    endloop
  endfacet
  facet normal -0.259524 0.0347659 0.965111
    outer loop
      vertex -40.8113 -2.23432 20.0728
      vertex -39.7248 0 20.2845
      vertex -42.6 -2.1136 19.5875
    endloop
  endfacet
  facet normal -0.151094 -0.0201593 0.988314
    outer loop
      vertex -38.996 0 20.3959
      vertex -39.7248 0 20.2845
      vertex -40.8113 -2.23432 20.0728
    endloop
  endfacet
  facet normal -0.175233 0 0.984527
    outer loop
      vertex -38.996 -2.32514 20.3959
      vertex -38.996 0 20.3959
      vertex -40.8113 -2.23432 20.0728
    endloop
  endfacet
  facet normal -0.430111 0 0.902776
    outer loop
      vertex -45.8112 -1.83589 18.3376
      vertex -48.6722 -1.54437 16.9745
      vertex -48.6722 -1.84776 16.9745
    endloop
  endfacet
  facet normal -0.429149 -0.0594779 0.901273
    outer loop
      vertex -45.8112 -2.19653 18.3138
      vertex -45.8112 -1.83589 18.3376
      vertex -48.6722 -1.84776 16.9745
    endloop
  endfacet
  facet normal -0.392153 -0.0605754 0.917903
    outer loop
      vertex -44.2191 -1.98104 19.0082
      vertex -45.8112 -1.83589 18.3376
      vertex -45.8112 -2.19653 18.3138
    endloop
  endfacet
  facet normal -0.390022 -0.075645 0.917693
    outer loop
      vertex -43.6822 -2.42524 19.1998
      vertex -44.2191 -1.98104 19.0082
      vertex -45.8112 -2.19653 18.3138
    endloop
  endfacet
  facet normal -0.336962 -0.00123648 0.941517
    outer loop
      vertex -43.6822 -2.42524 19.1998
      vertex -42.6 -2.1136 19.5875
      vertex -44.2191 -1.98104 19.0082
    endloop
  endfacet
  facet normal -0.333372 -0.0151414 0.942674
    outer loop
      vertex -42.6 -2.52886 19.5808
      vertex -42.6 -2.1136 19.5875
      vertex -43.6822 -2.42524 19.1998
    endloop
  endfacet
  facet normal -0.262811 -0.0154955 0.964723
    outer loop
      vertex -40.8113 -2.23432 20.0728
      vertex -42.6 -2.1136 19.5875
      vertex -42.6 -2.52886 19.5808
    endloop
  endfacet
  facet normal -0.265299 0.000548788 0.964166
    outer loop
      vertex -40.8113 -2.6733 20.0731
      vertex -40.8113 -2.23432 20.0728
      vertex -42.6 -2.52886 19.5808
    endloop
  endfacet
  facet normal -0.175205 0.00056038 0.984532
    outer loop
      vertex -38.996 -2.32514 20.3959
      vertex -40.8113 -2.23432 20.0728
      vertex -40.8113 -2.6733 20.0731
    endloop
  endfacet
  facet normal -0.175101 0 0.98455
    outer loop
      vertex -38.996 -2.78191 20.3959
      vertex -38.996 -2.32514 20.3959
      vertex -40.8113 -2.6733 20.0731
    endloop
  endfacet
  facet normal -0.423961 0 0.90568
    outer loop
      vertex -45.8112 -2.19653 18.3138
      vertex -48.6722 -1.84776 16.9745
      vertex -48.6722 -2.23477 16.9745
    endloop
  endfacet
  facet normal -0.421572 -0.0833466 0.902957
    outer loop
      vertex -45.8112 -2.65729 18.2713
      vertex -45.8112 -2.19653 18.3138
      vertex -48.6722 -2.23477 16.9745
    endloop
  endfacet
  facet normal -0.390563 -0.0846133 0.916679
    outer loop
      vertex -43.6822 -2.42524 19.1998
      vertex -45.8112 -2.19653 18.3138
      vertex -45.8112 -2.65729 18.2713
    endloop
  endfacet
  facet normal -0.377981 -0.172063 0.909684
    outer loop
      vertex -42.6 -3.05699 19.5299
      vertex -43.6822 -2.42524 19.1998
      vertex -45.8112 -2.65729 18.2713
    endloop
  endfacet
  facet normal -0.338442 -0.0902378 0.936651
    outer loop
      vertex -42.6 -3.05699 19.5299
      vertex -42.6 -2.52886 19.5808
      vertex -43.6822 -2.42524 19.1998
    endloop
  endfacet
  facet normal -0.27113 -0.0923049 0.958107
    outer loop
      vertex -40.8113 -2.6733 20.0731
      vertex -42.6 -2.52886 19.5808
      vertex -42.6 -3.05699 19.5299
    endloop
  endfacet
  facet normal -0.27141 -0.0910579 0.958147
    outer loop
      vertex -40.8113 -3.23024 20.0202
      vertex -40.8113 -2.6733 20.0731
      vertex -42.6 -3.05699 19.5299
    endloop
  endfacet
  facet normal -0.179736 -0.0930684 0.979302
    outer loop
      vertex -38.996 -2.78191 20.3959
      vertex -40.8113 -2.6733 20.0731
      vertex -40.8113 -3.23024 20.0202
    endloop
  endfacet
  facet normal -0.179142 -0.095381 0.979189
    outer loop
      vertex -38.996 -3.36092 20.3395
      vertex -38.996 -2.78191 20.3959
      vertex -40.8113 -3.23024 20.0202
    endloop
  endfacet
  facet normal -0.412823 0 0.910811
    outer loop
      vertex -45.8112 -2.65729 18.2713
      vertex -48.6722 -2.23477 16.9745
      vertex -48.6722 -2.78144 16.9745
    endloop
  endfacet
  facet normal -0.403176 -0.145595 0.903466
    outer loop
      vertex -45.8112 -3.30161 18.1674
      vertex -45.8112 -2.65729 18.2713
      vertex -48.6722 -2.78144 16.9745
    endloop
  endfacet
  facet normal -0.376795 -0.147373 0.914498
    outer loop
      vertex -42.6 -3.05699 19.5299
      vertex -45.8112 -2.65729 18.2713
      vertex -45.8112 -3.30161 18.1674
    endloop
  endfacet
  facet normal -0.359409 -0.265253 0.894687
    outer loop
      vertex -42.6 -3.77506 19.3171
      vertex -42.6 -3.05699 19.5299
      vertex -45.8112 -3.30161 18.1674
    endloop
  endfacet
  facet normal -0.278779 -0.272978 0.920742
    outer loop
      vertex -40.8113 -3.23024 20.0202
      vertex -42.6 -3.05699 19.5299
      vertex -42.6 -3.77506 19.3171
    endloop
  endfacet
  facet normal -0.266201 -0.305753 0.91414
    outer loop
      vertex -40.8113 -3.97913 19.7697
      vertex -40.8113 -3.23024 20.0202
      vertex -42.6 -3.77506 19.3171
    endloop
  endfacet
  facet normal -0.186363 -0.311641 0.931745
    outer loop
      vertex -38.996 -3.36092 20.3395
      vertex -40.8113 -3.23024 20.0202
      vertex -40.8113 -3.97913 19.7697
    endloop
  endfacet
  facet normal -0.182898 -0.319875 0.929639
    outer loop
      vertex -38.996 -4.13674 20.0726
      vertex -38.996 -3.36092 20.3395
      vertex -40.8113 -3.97913 19.7697
    endloop
  endfacet
  facet normal -0.371973 -0.537631 0.756696
    outer loop
      vertex -45.8112 -4.19457 17.7785
      vertex -48.6722 -3.58201 16.8073
      vertex -48.6722 -4.24871 16.3336
    endloop
  endfacet
  facet normal -0.31423 -0.69361 0.648201
    outer loop
      vertex -45.8112 -4.86374 17.0624
      vertex -45.8112 -4.19457 17.7785
      vertex -48.6722 -4.24871 16.3336
    endloop
  endfacet
  facet normal -0.292478 -0.69867 0.652929
    outer loop
      vertex -42.6 -4.69766 18.6786
      vertex -45.8112 -4.19457 17.7785
      vertex -45.8112 -4.86374 17.0624
    endloop
  endfacet
  facet normal -0.215527 -0.83053 0.513583
    outer loop
      vertex -42.6 -5.28525 17.7284
      vertex -42.6 -4.69766 18.6786
      vertex -45.8112 -4.86374 17.0624
    endloop
  endfacet
  facet normal -0.182429 -0.836247 0.517118
    outer loop
      vertex -38.996 -5.0978 19.3029
      vertex -42.6 -4.69766 18.6786
      vertex -42.6 -5.28525 17.7284
    endloop
  endfacet
  facet normal -0.154634 -0.875321 0.458149
    outer loop
      vertex -38.996 -5.66877 18.2121
      vertex -38.996 -5.0978 19.3029
      vertex -42.6 -5.28525 17.7284
    endloop
  endfacet
  facet normal -0.406807 -0.186781 0.894215
    outer loop
      vertex -45.8112 -3.30161 18.1674
      vertex -48.6722 -2.78144 16.9745
      vertex -48.6722 -3.58201 16.8073
    endloop
  endfacet
  facet normal -0.368755 -0.371197 0.852193
    outer loop
      vertex -45.8112 -4.19457 17.7785
      vertex -45.8112 -3.30161 18.1674
      vertex -48.6722 -3.58201 16.8073
    endloop
  endfacet
  facet normal -0.360994 -0.372412 0.854981
    outer loop
      vertex -42.6 -3.77506 19.3171
      vertex -45.8112 -3.30161 18.1674
      vertex -45.8112 -4.19457 17.7785
    endloop
  endfacet
  facet normal -0.304471 -0.542032 0.783261
    outer loop
      vertex -42.6 -4.69766 18.6786
      vertex -42.6 -3.77506 19.3171
      vertex -45.8112 -4.19457 17.7785
    endloop
  endfacet
  facet normal -0.263363 -0.548961 0.793273
    outer loop
      vertex -40.8113 -3.97913 19.7697
      vertex -42.6 -3.77506 19.3171
      vertex -42.6 -4.69766 18.6786
    endloop
  endfacet
  facet normal -0.199763 -0.635376 0.745917
    outer loop
      vertex -38.996 -5.0978 19.3029
      vertex -40.8113 -3.97913 19.7697
      vertex -42.6 -4.69766 18.6786
    endloop
  endfacet
  facet normal -0.181458 -0.614716 0.767592
    outer loop
      vertex -38.996 -5.0978 19.3029
      vertex -38.996 -4.13674 20.0726
      vertex -40.8113 -3.97913 19.7697
    endloop
  endfacet
  facet normal -0.306608 -0.780236 0.545182
    outer loop
      vertex -45.8112 -4.86374 17.0624
      vertex -48.6722 -4.24871 16.3336
      vertex -48.6722 -4.56218 15.885
    endloop
  endfacet
  facet normal -0.251504 -0.888624 0.383527
    outer loop
      vertex -45.8112 -5.12121 16.4659
      vertex -45.8112 -4.86374 17.0624
      vertex -48.6722 -4.56218 15.885
    endloop
  endfacet
  facet normal -0.198657 -0.899837 0.388367
    outer loop
      vertex -42.6 -5.28525 17.7284
      vertex -45.8112 -4.86374 17.0624
      vertex -45.8112 -5.12121 16.4659
    endloop
  endfacet
  facet normal -0.126959 -0.972229 0.196599
    outer loop
      vertex -42.6 -5.43294 16.998
      vertex -42.6 -5.28525 17.7284
      vertex -45.8112 -5.12121 16.4659
    endloop
  endfacet
  facet normal -0.129797 -0.971869 0.196527
    outer loop
      vertex -38.996 -5.66877 18.2121
      vertex -42.6 -5.28525 17.7284
      vertex -42.6 -5.43294 16.998
    endloop
  endfacet
  facet normal -0.110395 -0.984472 0.136484
    outer loop
      vertex -38.996 -5.78191 17.3959
      vertex -38.996 -5.66877 18.2121
      vertex -42.6 -5.43294 16.998
    endloop
  endfacet
  facet normal -0.115871 -0 -0.993264
    outer loop
      vertex -48.6722 0 11.8215
      vertex -45.1451 -3.17555 11.41
      vertex -48.6722 -2.8694 11.8215
    endloop
  endfacet
  facet normal -0.17549 -0.0676592 -0.982153
    outer loop
      vertex -45.1451 0 11.1912
      vertex -45.1451 -3.17555 11.41
      vertex -48.6722 0 11.8215
    endloop
  endfacet
  facet normal -0.120721 -0.0682231 -0.990339
    outer loop
      vertex -45.1451 0 11.1912
      vertex -41.6179 -3.50047 11.0024
      vertex -45.1451 -3.17555 11.41
    endloop
  endfacet
  facet normal -0.105155 -0.0523906 -0.993075
    outer loop
      vertex -41.6179 0 10.8178
      vertex -41.6179 -3.50047 11.0024
      vertex -45.1451 0 11.1912
    endloop
  endfacet
  facet normal -0.115871 -0 -0.993264
    outer loop
      vertex -48.6722 2.8694 11.8215
      vertex -45.1451 3.17555 11.41
      vertex -48.6722 0 11.8215
    endloop
  endfacet
  facet normal -0.17549 0.0676592 -0.982153
    outer loop
      vertex -45.1451 3.17555 11.41
      vertex -45.1451 0 11.1912
      vertex -48.6722 0 11.8215
    endloop
  endfacet
  facet normal -0.120721 0.0682231 -0.990339
    outer loop
      vertex -45.1451 3.17555 11.41
      vertex -41.6179 3.50047 11.0024
      vertex -45.1451 0 11.1912
    endloop
  endfacet
  facet normal -0.105155 0.0523906 -0.993075
    outer loop
      vertex -41.6179 3.50047 11.0024
      vertex -41.6179 0 10.8178
      vertex -45.1451 0 11.1912
    endloop
  endfacet
  facet normal -0.0942567 -0 -0.995548
    outer loop
      vertex -48.6722 3.53491 11.8215
      vertex -45.1451 3.91707 11.4875
      vertex -48.6722 2.8694 11.8215
    endloop
  endfacet
  facet normal -0.124083 0.103173 -0.986893
    outer loop
      vertex -45.1451 3.91707 11.4875
      vertex -45.1451 3.17555 11.41
      vertex -48.6722 2.8694 11.8215
    endloop
  endfacet
  facet normal -0.107645 0.103372 -0.988801
    outer loop
      vertex -45.1451 3.91707 11.4875
      vertex -41.6179 4.30575 11.1442
      vertex -45.1451 3.17555 11.41
    endloop
  endfacet
  facet normal -0.128694 0.171917 -0.976669
    outer loop
      vertex -41.6179 4.30575 11.1442
      vertex -41.6179 3.50047 11.0024
      vertex -45.1451 3.17555 11.41
    endloop
  endfacet
  facet normal -0.114334 0.331239 -0.936594
    outer loop
      vertex -41.6179 4.58775 11.2439
      vertex -41.6179 4.30575 11.1442
      vertex -43.3816 4.38766 11.3884
    endloop
  endfacet
  facet normal -0.12125 0.252243 -0.960038
    outer loop
      vertex -43.3816 4.38766 11.3884
      vertex -41.6179 4.30575 11.1442
      vertex -45.1451 3.91707 11.4875
    endloop
  endfacet
  facet normal -0.0971585 0.157175 -0.98278
    outer loop
      vertex -45.1451 4.18763 11.5308
      vertex -43.3816 4.38766 11.3884
      vertex -45.1451 3.91707 11.4875
    endloop
  endfacet
  facet normal -0.109931 0.156965 -0.981467
    outer loop
      vertex -45.1451 4.18763 11.5308
      vertex -45.1451 3.91707 11.4875
      vertex -48.6722 3.53491 11.8215
    endloop
  endfacet
  facet normal -0.0821319 -0 -0.996621
    outer loop
      vertex -48.6722 3.78144 11.8215
      vertex -45.1451 4.18763 11.5308
      vertex -48.6722 3.53491 11.8215
    endloop
  endfacet
  facet normal -0.129778 0.546113 -0.827598
    outer loop
      vertex -41.6179 5.06991 11.5621
      vertex -41.6179 4.58775 11.2439
      vertex -43.3816 4.38766 11.3884
    endloop
  endfacet
  facet normal -0.0930119 0.464567 -0.88064
    outer loop
      vertex -41.6179 5.06991 11.5621
      vertex -43.3816 4.38766 11.3884
      vertex -45.1451 4.55522 11.6631
    endloop
  endfacet
  facet normal -0.113854 0.629365 -0.768724
    outer loop
      vertex -45.1451 4.85852 11.9114
      vertex -41.6179 5.06991 11.5621
      vertex -45.1451 4.55522 11.6631
    endloop
  endfacet
  facet normal -0.113623 0.336452 -0.934821
    outer loop
      vertex -45.1451 4.55522 11.6631
      vertex -43.3816 4.38766 11.3884
      vertex -45.1451 4.18763 11.5308
    endloop
  endfacet
  facet normal -0.104459 0.824896 -0.55555
    outer loop
      vertex -41.6179 5.39667 12.0473
      vertex -41.6179 5.06991 11.5621
      vertex -45.1451 4.85852 11.9114
    endloop
  endfacet
  facet normal -0.109136 0.846748 -0.52068
    outer loop
      vertex -41.6179 5.39667 12.0473
      vertex -45.1451 4.85852 11.9114
      vertex -46.9088 4.86515 12.2919
    endloop
  endfacet
  facet normal -0.108635 0.956053 -0.272326
    outer loop
      vertex -46.5559 5.00717 12.6497
      vertex -41.6179 5.39667 12.0473
      vertex -46.9088 4.86515 12.2919
    endloop
  endfacet
  facet normal -0.122081 0.80544 -0.579969
    outer loop
      vertex -46.9088 4.86515 12.2919
      vertex -45.1451 4.85852 11.9114
      vertex -48.6722 4.43298 12.0629
    endloop
  endfacet
  facet normal -0.109002 0.62971 -0.769145
    outer loop
      vertex -45.1451 4.85852 11.9114
      vertex -45.1451 4.55522 11.6631
      vertex -48.6722 4.43298 12.0629
    endloop
  endfacet
  facet normal -0.114494 0.504184 -0.855973
    outer loop
      vertex -48.6722 4.43298 12.0629
      vertex -45.1451 4.55522 11.6631
      vertex -48.6722 4.12887 11.8837
    endloop
  endfacet
  facet normal -0.0993041 0.336972 -0.936263
    outer loop
      vertex -45.1451 4.55522 11.6631
      vertex -45.1451 4.18763 11.5308
      vertex -48.6722 4.12887 11.8837
    endloop
  endfacet
  facet normal -0.10092 0.17555 -0.979284
    outer loop
      vertex -48.6722 4.12887 11.8837
      vertex -45.1451 4.18763 11.5308
      vertex -48.6722 3.78144 11.8215
    endloop
  endfacet
  facet normal -0.107306 0.770672 -0.628132
    outer loop
      vertex -48.6722 4.65597 12.3365
      vertex -46.9088 4.86515 12.2919
      vertex -48.6722 4.43298 12.0629
    endloop
  endfacet
  facet normal -0.119569 0.939605 -0.320696
    outer loop
      vertex -48.6722 4.76998 12.6705
      vertex -46.9088 4.86515 12.2919
      vertex -48.6722 4.65597 12.3365
    endloop
  endfacet
  facet normal -0.10984 0.956233 -0.271208
    outer loop
      vertex -46.5559 5.00717 12.6497
      vertex -46.9088 4.86515 12.2919
      vertex -48.6722 4.76998 12.6705
    endloop
  endfacet
  facet normal -0.111799 0.989123 -0.0955907
    outer loop
      vertex -46.983 4.96457 12.7084
      vertex -46.5559 5.00717 12.6497
      vertex -48.6722 4.76998 12.6705
    endloop
  endfacet
  facet normal -0.110799 0.986037 -0.124318
    outer loop
      vertex -48.6722 4.77652 12.7224
      vertex -46.983 4.96457 12.7084
      vertex -48.6722 4.76998 12.6705
    endloop
  endfacet
  facet normal -0.110829 0.993435 -0.02836
    outer loop
      vertex -47.751 4.88198 12.8166
      vertex -46.983 4.96457 12.7084
      vertex -48.6722 4.77652 12.7224
    endloop
  endfacet
  facet normal -0.108619 0.99286 -0.0493114
    outer loop
      vertex -48.6722 4.78144 12.8215
      vertex -47.751 4.88198 12.8166
      vertex -48.6722 4.77652 12.7224
    endloop
  endfacet
  facet normal -0.079727 0.0204244 -0.996607
    outer loop
      vertex -32.6406 7.21936 11.3092
      vertex -38.996 5.59248 11.7843
      vertex -40.8399 7.21936 11.9651
    endloop
  endfacet
  facet normal -0.0996362 -0.00231699 -0.995021
    outer loop
      vertex -40.8399 7.21936 11.9651
      vertex -38.996 5.59248 11.7843
      vertex -41.6179 5.39667 12.0473
    endloop
  endfacet
  facet normal -0.121657 0.00719397 -0.992546
    outer loop
      vertex -40.8399 7.21936 11.9651
      vertex -41.6179 5.39667 12.0473
      vertex -46.5559 5.00717 12.6497
    endloop
  endfacet
  facet normal -0.141913 0.0609383 -0.988002
    outer loop
      vertex -40.8399 7.21936 11.9651
      vertex -46.5559 5.00717 12.6497
      vertex -46.983 4.96457 12.7084
    endloop
  endfacet
  facet normal -0.147144 0.0757813 -0.986208
    outer loop
      vertex -40.8399 7.21936 11.9651
      vertex -46.983 4.96457 12.7084
      vertex -47.751 4.88198 12.8166
    endloop
  endfacet
  facet normal -0.154006 0.0971365 -0.983284
    outer loop
      vertex -40.8399 7.21936 11.9651
      vertex -47.751 4.88198 12.8166
      vertex -48.6722 4.78144 12.951
    endloop
  endfacet
  facet normal -0.167625 0.144137 -0.975257
    outer loop
      vertex -40.8399 7.21936 11.9651
      vertex -48.6722 4.78144 12.951
      vertex -49 4.73177 13
    endloop
  endfacet
  facet normal -0.125815 -0 -0.992054
    outer loop
      vertex -49 7.21936 13
      vertex -40.8399 7.21936 11.9651
      vertex -49 4.73177 13
    endloop
  endfacet
  facet normal -0.125815 0 -0.992054
    outer loop
      vertex -40.8399 7.21936 11.9651
      vertex -49 7.21936 13
      vertex -49 47.2194 13
    endloop
  endfacet
  facet normal -0.0335006 -0 -0.999439
    outer loop
      vertex -24.4197 7.21936 11.0336
      vertex -24.4197 6.83526 11.0336
      vertex -32.6406 7.21936 11.3092
    endloop
  endfacet
  facet normal -0.0316835 0.0384051 -0.99876
    outer loop
      vertex -24.4197 6.83526 11.0336
      vertex -30.6611 6.22009 11.208
      vertex -32.6406 7.21936 11.3092
    endloop
  endfacet
  facet normal -0.066625 -0.03096 -0.997298
    outer loop
      vertex -32.6406 7.21936 11.3092
      vertex -30.6611 6.22009 11.208
      vertex -38.996 5.59248 11.7843
    endloop
  endfacet
  facet normal -0.108496 0.994097 0
    outer loop
      vertex -48.6722 4.78144 12.951
      vertex -47.751 4.88198 12.8166
      vertex -48.6722 4.78144 12.8215
    endloop
  endfacet
  facet normal -0.0365126 0.156347 0.987027
    outer loop
      vertex -27.3023 6.99688 14.9131
      vertex -25.1586 7.21936 14.9572
      vertex -33.1324 7.21936 14.6622
    endloop
  endfacet
  facet normal -0.147838 0 0.989012
    outer loop
      vertex -48.6722 4.78144 13.049
      vertex -49 7.21936 13
      vertex -49 4.73177 13
    endloop
  endfacet
  facet normal -0.126503 0.00292793 0.991962
    outer loop
      vertex -48.6722 4.78144 13.049
      vertex -41.0849 7.21936 14.0094
      vertex -49 7.21936 13
    endloop
  endfacet
  facet normal -0.1313 0.0181649 0.991176
    outer loop
      vertex -42.4564 5.43943 13.8603
      vertex -41.0849 7.21936 14.0094
      vertex -48.6722 4.78144 13.049
    endloop
  endfacet
  facet normal -0.0818001 -0.020417 0.99644
    outer loop
      vertex -33.1324 7.21936 14.6622
      vertex -41.0849 7.21936 14.0094
      vertex -42.4564 5.43943 13.8603
    endloop
  endfacet
  facet normal -0.117914 0.177507 0.97703
    outer loop
      vertex -38.996 5.78191 14.2157
      vertex -33.1324 7.21936 14.6622
      vertex -42.4564 5.43943 13.8603
    endloop
  endfacet
  facet normal -0.0471235 -0.115953 0.992136
    outer loop
      vertex -27.3023 6.99688 14.9131
      vertex -33.1324 7.21936 14.6622
      vertex -38.996 5.78191 14.2157
    endloop
  endfacet
  facet normal -0.10527 0.994444 0
    outer loop
      vertex -48.6722 4.78144 14.9745
      vertex -42.4564 5.43943 13.8603
      vertex -48.6722 4.78144 13.049
    endloop
  endfacet
  facet normal -0.147865 0.95377 -0.261648
    outer loop
      vertex -47.2523 5.05445 15.1673
      vertex -42.4564 5.43943 13.8603
      vertex -48.6722 4.78144 14.9745
    endloop
  endfacet
  facet normal -0.109919 0.987559 -0.112453
    outer loop
      vertex -45.8112 5.23534 15.3472
      vertex -42.4564 5.43943 13.8603
      vertex -47.2523 5.05445 15.1673
    endloop
  endfacet
  facet normal -0.0686911 0.997474 -0.0180725
    outer loop
      vertex -42.6 5.46292 15.7023
      vertex -42.4564 5.43943 13.8603
      vertex -45.8112 5.23534 15.3472
    endloop
  endfacet
  facet normal -0.0867019 0.996044 -0.0194584
    outer loop
      vertex -38.996 5.78191 15.9728
      vertex -42.4564 5.43943 13.8603
      vertex -42.6 5.46292 15.7023
    endloop
  endfacet
  facet normal -0.0984908 0.995138 0
    outer loop
      vertex -38.996 5.78191 15.9728
      vertex -38.996 5.78191 14.2157
      vertex -42.4564 5.43943 13.8603
    endloop
  endfacet
  facet normal -0.132224 0.989112 0.0646135
    outer loop
      vertex -45.8112 5.17784 16.2275
      vertex -45.8112 5.23534 15.3472
      vertex -47.2523 5.05445 15.1673
    endloop
  endfacet
  facet normal -0.208393 0.962946 0.171195
    outer loop
      vertex -45.8112 5.17784 16.2275
      vertex -47.2523 5.05445 15.1673
      vertex -48.6722 4.78144 14.9745
    endloop
  endfacet
  facet normal -0.211813 0.960641 0.179732
    outer loop
      vertex -45.8112 5.17784 16.2275
      vertex -48.6722 4.78144 14.9745
      vertex -48.6722 4.64616 15.6976
    endloop
  endfacet
  facet normal -0.0935779 0.993494 0.0648998
    outer loop
      vertex -42.6 5.44831 16.7173
      vertex -45.8112 5.23534 15.3472
      vertex -45.8112 5.17784 16.2275
    endloop
  endfacet
  facet normal -0.0722623 0.997282 0.0143493
    outer loop
      vertex -42.6 5.44831 16.7173
      vertex -42.6 5.46292 15.7023
      vertex -45.8112 5.23534 15.3472
    endloop
  endfacet
  facet normal -0.0936163 0.995505 0.0143237
    outer loop
      vertex -38.996 5.78191 17.0866
      vertex -42.6 5.46292 15.7023
      vertex -42.6 5.44831 16.7173
    endloop
  endfacet
  facet normal -0.0881676 0.996106 0
    outer loop
      vertex -38.996 5.78191 17.0866
      vertex -38.996 5.78191 15.9728
      vertex -42.6 5.46292 15.7023
    endloop
  endfacet
  facet normal -0.252847 0.882916 0.395637
    outer loop
      vertex -45.8112 5.12121 16.4659
      vertex -48.6722 4.64616 15.6976
      vertex -48.6722 4.56218 15.885
    endloop
  endfacet
  facet normal -0.218223 0.949478 0.225546
    outer loop
      vertex -45.8112 5.12121 16.4659
      vertex -45.8112 5.17784 16.2275
      vertex -48.6722 4.64616 15.6976
    endloop
  endfacet
  facet normal -0.131592 0.964466 0.229106
    outer loop
      vertex -42.6 5.43294 16.998
      vertex -45.8112 5.17784 16.2275
      vertex -45.8112 5.12121 16.4659
    endloop
  endfacet
  facet normal -0.092047 0.994266 0.0544369
    outer loop
      vertex -42.6 5.43294 16.998
      vertex -42.6 5.44831 16.7173
      vertex -45.8112 5.17784 16.2275
    endloop
  endfacet
  facet normal -0.102183 0.993278 0.0543828
    outer loop
      vertex -38.996 5.78191 17.3959
      vertex -42.6 5.44831 16.7173
      vertex -42.6 5.43294 16.998
    endloop
  endfacet
  facet normal -0.0921703 0.995743 0
    outer loop
      vertex -38.996 5.78191 17.3959
      vertex -38.996 5.78191 17.0866
      vertex -42.6 5.44831 16.7173
    endloop
  endfacet
  facet normal -0.306608 0.780236 0.545182
    outer loop
      vertex -45.8112 4.86374 17.0624
      vertex -48.6722 4.56218 15.885
      vertex -48.6722 4.24871 16.3336
    endloop
  endfacet
  facet normal -0.251504 0.888624 0.383527
    outer loop
      vertex -45.8112 4.86374 17.0624
      vertex -45.8112 5.12121 16.4659
      vertex -48.6722 4.56218 15.885
    endloop
  endfacet
  facet normal -0.198657 0.899837 0.388367
    outer loop
      vertex -42.6 5.28525 17.7284
      vertex -45.8112 5.12121 16.4659
      vertex -45.8112 4.86374 17.0624
    endloop
  endfacet
  facet normal -0.126959 0.972229 0.196599
    outer loop
      vertex -42.6 5.28525 17.7284
      vertex -42.6 5.43294 16.998
      vertex -45.8112 5.12121 16.4659
    endloop
  endfacet
  facet normal -0.129797 0.971869 0.196527
    outer loop
      vertex -38.996 5.66877 18.2121
      vertex -42.6 5.43294 16.998
      vertex -42.6 5.28525 17.7284
    endloop
  endfacet
  facet normal -0.110395 0.984472 0.136484
    outer loop
      vertex -38.996 5.66877 18.2121
      vertex -38.996 5.78191 17.3959
      vertex -42.6 5.43294 16.998
    endloop
  endfacet
  facet normal -0.252847 -0.882916 0.395637
    outer loop
      vertex -45.8112 -5.12121 16.4659
      vertex -48.6722 -4.56218 15.885
      vertex -48.6722 -4.64616 15.6976
    endloop
  endfacet
  facet normal -0.218223 -0.949478 0.225546
    outer loop
      vertex -45.8112 -5.17784 16.2275
      vertex -45.8112 -5.12121 16.4659
      vertex -48.6722 -4.64616 15.6976
    endloop
  endfacet
  facet normal -0.131592 -0.964466 0.229106
    outer loop
      vertex -42.6 -5.43294 16.998
      vertex -45.8112 -5.12121 16.4659
      vertex -45.8112 -5.17784 16.2275
    endloop
  endfacet
  facet normal -0.092047 -0.994266 0.0544369
    outer loop
      vertex -42.6 -5.44831 16.7173
      vertex -42.6 -5.43294 16.998
      vertex -45.8112 -5.17784 16.2275
    endloop
  endfacet
  facet normal -0.102183 -0.993278 0.0543828
    outer loop
      vertex -38.996 -5.78191 17.3959
      vertex -42.6 -5.43294 16.998
      vertex -42.6 -5.44831 16.7173
    endloop
  endfacet
  facet normal -0.0921703 -0.995743 0
    outer loop
      vertex -38.996 -5.78191 17.0866
      vertex -38.996 -5.78191 17.3959
      vertex -42.6 -5.44831 16.7173
    endloop
  endfacet
  facet normal -0.103828 -0.994595 0
    outer loop
      vertex -25.7746 -7.16212 18.4312
      vertex -38.996 -5.78191 17.3959
      vertex -38.996 -5.78191 17.0866
    endloop
  endfacet
  facet normal -0.104755 -0.994455 0.00926288
    outer loop
      vertex -25.7746 -7.16568 18.0497
      vertex -25.7746 -7.16212 18.4312
      vertex -38.996 -5.78191 17.0866
    endloop
  endfacet
  facet normal -0.102237 -0.994717 0.00925619
    outer loop
      vertex -25.7746 -7.16212 18.4312
      vertex 0 -9.79294 20.3978
      vertex 0 -9.79271 20.4227
    endloop
  endfacet
  facet normal -0.102238 -0.994717 0.00926532
    outer loop
      vertex 0 -9.79294 20.3978
      vertex -25.7746 -7.16212 18.4312
      vertex -25.7746 -7.16568 18.0497
    endloop
  endfacet
  facet normal -0.105282 -0.993465 0.0440851
    outer loop
      vertex 0 -9.81498 19.901
      vertex 0 -9.79294 20.3978
      vertex -25.7746 -7.16568 18.0497
    endloop
  endfacet
  facet normal 0.779026 0 -0.626992
    outer loop
      vertex -16.229 -8.13621 12.5283
      vertex -16.06 -51.8638 12.7383
      vertex -16.229 -51.7986 12.5283
    endloop
  endfacet
  facet normal 0.821369 0.000435424 -0.570397
    outer loop
      vertex -16.0286 -8.15898 12.8169
      vertex -16.06 -51.8638 12.7383
      vertex -16.229 -8.13621 12.5283
    endloop
  endfacet
  facet normal 0.974705 -0.000298458 -0.223496
    outer loop
      vertex -16.0286 -8.15898 12.8169
      vertex -16 -51.9034 13
      vertex -16.06 -51.8638 12.7383
    endloop
  endfacet
  facet normal 0.988026 0 -0.154288
    outer loop
      vertex -16 -8.15957 13
      vertex -16 -51.9034 13
      vertex -16.0286 -8.15898 12.8169
    endloop
  endfacet
  facet normal -0.102727 -0.993791 -0.0427334
    outer loop
      vertex 0 -9.79754 12.3913
      vertex 0 -9.81413 12.7771
      vertex -16.0286 -8.15898 12.8169
    endloop
  endfacet
  facet normal -0.101897 -0.994765 -0.00772281
    outer loop
      vertex 0 -9.79731 12.362
      vertex -16.0286 -8.15898 12.8169
      vertex -16.229 -8.13621 12.5283
    endloop
  endfacet
  facet normal -0.101896 -0.994765 -0.00769532
    outer loop
      vertex -16.0286 -8.15898 12.8169
      vertex 0 -9.79731 12.362
      vertex 0 -9.79754 12.3913
    endloop
  endfacet
  facet normal -0.10209 -0.994279 -0.0314003
    outer loop
      vertex 0 -9.79714 12.3564
      vertex -16.229 -8.13621 12.5283
      vertex -16.3008 -8.1271 12.4731
    endloop
  endfacet
  facet normal -0.10209 -0.99428 -0.0313911
    outer loop
      vertex -16.229 -8.13621 12.5283
      vertex 0 -9.79714 12.3564
      vertex 0 -9.79731 12.362
    endloop
  endfacet
  facet normal -0.0673005 -0 -0.997733
    outer loop
      vertex -38.996 -2.78627 10.6339
      vertex -18.5972 -3.98851 9.2579
      vertex -38.996 -2.85804 10.6339
    endloop
  endfacet
  facet normal -0.0684495 -0.0198092 -0.997458
    outer loop
      vertex -18.5972 -3.88834 9.25591
      vertex -18.5972 -3.98851 9.2579
      vertex -38.996 -2.78627 10.6339
    endloop
  endfacet
  facet normal -0.0736297 -0.0197923 -0.997089
    outer loop
      vertex -18.5972 -3.98851 9.2579
      vertex 0 -5.01931 7.90506
      vertex 0 -5.02815 7.90523
    endloop
  endfacet
  facet normal -0.0736303 -0.0198019 -0.997089
    outer loop
      vertex 0 -5.01931 7.90506
      vertex -18.5972 -3.98851 9.2579
      vertex -18.5972 -3.88834 9.25591
    endloop
  endfacet
  facet normal -0.073218 -0.0128508 -0.997233
    outer loop
      vertex 0 -4.9019 7.90354
      vertex 0 -5.01931 7.90506
      vertex -18.5972 -3.88834 9.25591
    endloop
  endfacet
  facet normal -0.0698677 -0.0525539 -0.996171
    outer loop
      vertex -41.6179 0 10.8178
      vertex -38.996 0 10.6339
      vertex -41.6179 -3.50047 11.0024
    endloop
  endfacet
  facet normal -0.139201 0 -0.990264
    outer loop
      vertex -41.6179 -3.50047 11.0024
      vertex -38.996 -2.85804 10.6339
      vertex -38.996 -3.78191 10.6339
    endloop
  endfacet
  facet normal -0.139201 0 -0.990264
    outer loop
      vertex -38.996 -2.85804 10.6339
      vertex -41.6179 -3.50047 11.0024
      vertex -38.996 -2.78627 10.6339
    endloop
  endfacet
  facet normal -0.139201 0 -0.990264
    outer loop
      vertex -38.996 -2.78627 10.6339
      vertex -41.6179 -3.50047 11.0024
      vertex -38.996 0 10.6339
    endloop
  endfacet
  facet normal -0.0942567 -0 -0.995548
    outer loop
      vertex -48.6722 -2.8694 11.8215
      vertex -45.1451 -3.91707 11.4875
      vertex -48.6722 -3.53491 11.8215
    endloop
  endfacet
  facet normal -0.124083 -0.103173 -0.986893
    outer loop
      vertex -45.1451 -3.17555 11.41
      vertex -45.1451 -3.91707 11.4875
      vertex -48.6722 -2.8694 11.8215
    endloop
  endfacet
  facet normal -0.107645 -0.103372 -0.988801
    outer loop
      vertex -45.1451 -3.17555 11.41
      vertex -41.6179 -4.30575 11.1442
      vertex -45.1451 -3.91707 11.4875
    endloop
  endfacet
  facet normal -0.128694 -0.171917 -0.976669
    outer loop
      vertex -41.6179 -3.50047 11.0024
      vertex -41.6179 -4.30575 11.1442
      vertex -45.1451 -3.17555 11.41
    endloop
  endfacet
  facet normal -0.998964 0.0450215 0.00669598
    outer loop
      vertex -51.8073 1.38603 14.4094
      vertex -51.8123 1.3 14.2418
      vertex -51.8123 1.27838 14.3871
    endloop
  endfacet
  facet normal -0.962817 0.250947 -0.100048
    outer loop
      vertex -51.8073 1.38603 14.4094
      vertex -51.7249 1.75328 14.5376
      vertex -51.8123 1.3 14.2418
    endloop
  endfacet
  facet normal -0.423203 0.0227664 0.905749
    outer loop
      vertex -48.6722 2.78144 16.9745
      vertex -50.1114 2.5792 16.3072
      vertex -50.1114 2.34563 16.313
    endloop
  endfacet
  facet normal -0.999061 0.0391651 0.0185459
    outer loop
      vertex -51.8073 1.34953 14.5063
      vertex -51.8123 1.27838 14.3871
      vertex -51.8123 1.21555 14.5198
    endloop
  endfacet
  facet normal -0.962027 0.132585 0.23859
    outer loop
      vertex -51.6418 1.89528 14.7937
      vertex -51.7249 1.75328 14.5376
      vertex -51.8073 1.38603 14.4094
    endloop
  endfacet
  facet normal -0.917451 0.389349 0.081801
    outer loop
      vertex -51.6418 1.89528 14.7937
      vertex -51.5336 2.14775 14.8056
      vertex -51.7249 1.75328 14.5376
    endloop
  endfacet
  facet normal -0.998901 0.0397866 0.0247591
    outer loop
      vertex -51.8073 1.29489 14.5941
      vertex -51.8073 1.34953 14.5063
      vertex -51.8123 1.21555 14.5198
    endloop
  endfacet
  facet normal -0.464249 0.27677 0.841351
    outer loop
      vertex -48.6722 3.58201 16.8073
      vertex -50.1114 3.02827 16.1953
      vertex -50.1114 2.80855 16.2676
    endloop
  endfacet
  facet normal -0.622625 0.244527 0.743333
    outer loop
      vertex -50.1114 2.80855 16.2676
      vertex -50.1114 3.02827 16.1953
      vertex -51.0382 2.39786 15.6264
    endloop
  endfacet
  facet normal -0.63016 0.311919 0.711059
    outer loop
      vertex -50.1114 2.80855 16.2676
      vertex -51.0382 2.39786 15.6264
      vertex -51.0382 2.22755 15.7011
    endloop
  endfacet
  facet normal -0.81329 0.233742 0.532845
    outer loop
      vertex -51.0382 2.22755 15.7011
      vertex -51.0382 2.39786 15.6264
      vertex -51.6418 1.7229 15.0012
    endloop
  endfacet
  facet normal -0.81926 0.31942 0.476218
    outer loop
      vertex -51.0382 2.22755 15.7011
      vertex -51.6418 1.7229 15.0012
      vertex -51.6418 1.61006 15.0769
    endloop
  endfacet
  facet normal -0.961181 0.153699 0.229147
    outer loop
      vertex -51.6418 1.61006 15.0769
      vertex -51.6418 1.7229 15.0012
      vertex -51.8073 1.29489 14.5941
    endloop
  endfacet
  facet normal -0.959018 0.206694 0.193812
    outer loop
      vertex -51.6418 1.61006 15.0769
      vertex -51.8073 1.29489 14.5941
      vertex -51.8073 1.22415 14.6695
    endloop
  endfacet
  facet normal -0.998943 0.033532 0.0314422
    outer loop
      vertex -51.8073 1.22415 14.6695
      vertex -51.8073 1.29489 14.5941
      vertex -51.8123 1.21555 14.5198
    endloop
  endfacet
  facet normal -0.99891 0.0345659 0.0313817
    outer loop
      vertex -51.8073 1.22415 14.6695
      vertex -51.8123 1.21555 14.5198
      vertex -51.8123 1.11686 14.6285
    endloop
  endfacet
  facet normal -0.99864 0.0303461 0.0423852
    outer loop
      vertex -51.8073 1.13997 14.7298
      vertex -51.8073 1.22415 14.6695
      vertex -51.8123 1.11686 14.6285
    endloop
  endfacet
  facet normal -0.953896 0.174721 0.244038
    outer loop
      vertex -51.6418 1.48455 15.13
      vertex -51.8073 1.22415 14.6695
      vertex -51.8073 1.13997 14.7298
    endloop
  endfacet
  facet normal -0.953822 0.11704 0.276632
    outer loop
      vertex -51.6418 1.48455 15.13
      vertex -51.6418 1.61006 15.0769
      vertex -51.8073 1.22415 14.6695
    endloop
  endfacet
  facet normal -0.793166 0.237299 0.560871
    outer loop
      vertex -51.0382 2.04578 15.7461
      vertex -51.6418 1.61006 15.0769
      vertex -51.6418 1.48455 15.13
    endloop
  endfacet
  facet normal -0.780815 0.150201 0.606439
    outer loop
      vertex -51.0382 2.04578 15.7461
      vertex -51.0382 2.22755 15.7011
      vertex -51.6418 1.61006 15.0769
    endloop
  endfacet
  facet normal -0.587469 0.194553 0.785512
    outer loop
      vertex -50.1114 2.5792 16.3072
      vertex -51.0382 2.22755 15.7011
      vertex -51.0382 2.04578 15.7461
    endloop
  endfacet
  facet normal -0.57831 0.138637 0.803951
    outer loop
      vertex -50.1114 2.5792 16.3072
      vertex -50.1114 2.80855 16.2676
      vertex -51.0382 2.22755 15.7011
    endloop
  endfacet
  facet normal -0.433349 0.153152 0.888118
    outer loop
      vertex -48.6722 2.78144 16.9745
      vertex -50.1114 2.80855 16.2676
      vertex -50.1114 2.5792 16.3072
    endloop
  endfacet
  facet normal -0.430501 0.184548 0.883522
    outer loop
      vertex -48.6722 2.78144 16.9745
      vertex -48.6722 3.58201 16.8073
      vertex -50.1114 2.80855 16.2676
    endloop
  endfacet
  facet normal -0.998941 0.043048 0.0162222
    outer loop
      vertex -51.8073 1.34953 14.5063
      vertex -51.8073 1.38603 14.4094
      vertex -51.8123 1.27838 14.3871
    endloop
  endfacet
  facet normal -0.961648 0.256666 0.0967215
    outer loop
      vertex -51.6418 1.8191 14.9057
      vertex -51.8073 1.38603 14.4094
      vertex -51.8073 1.34953 14.5063
    endloop
  endfacet
  facet normal -0.967889 0.207819 0.141428
    outer loop
      vertex -51.6418 1.8191 14.9057
      vertex -51.6418 1.89528 14.7937
      vertex -51.8073 1.38603 14.4094
    endloop
  endfacet
  facet normal -0.845004 0.442097 0.300862
    outer loop
      vertex -51.0382 2.55177 15.5243
      vertex -51.6418 1.89528 14.7937
      vertex -51.6418 1.8191 14.9057
    endloop
  endfacet
  facet normal -0.851899 0.36049 0.379888
    outer loop
      vertex -51.0382 2.55177 15.5243
      vertex -51.0382 2.68493 15.398
      vertex -51.6418 1.89528 14.7937
    endloop
  endfacet
  facet normal -0.688911 0.498943 0.525793
    outer loop
      vertex -50.1114 3.2334 16.0919
      vertex -51.0382 2.68493 15.398
      vertex -51.0382 2.55177 15.5243
    endloop
  endfacet
  facet normal -0.689939 0.420071 0.589512
    outer loop
      vertex -50.1114 3.2334 16.0919
      vertex -50.1114 3.41946 15.9593
      vertex -51.0382 2.68493 15.398
    endloop
  endfacet
  facet normal -0.478828 0.509463 0.714962
    outer loop
      vertex -48.6722 3.58201 16.8073
      vertex -50.1114 3.41946 15.9593
      vertex -50.1114 3.2334 16.0919
    endloop
  endfacet
  facet normal -0.47906 0.508404 0.71556
    outer loop
      vertex -48.6722 3.58201 16.8073
      vertex -48.6722 4.24871 16.3336
      vertex -50.1114 3.41946 15.9593
    endloop
  endfacet
  facet normal -0.507239 0.601897 0.616789
    outer loop
      vertex -48.6722 4.24871 16.3336
      vertex -50.1114 3.58242 15.8002
      vertex -50.1114 3.41946 15.9593
    endloop
  endfacet
  facet normal -0.713529 0.489327 0.501434
    outer loop
      vertex -50.1114 3.41946 15.9593
      vertex -50.1114 3.58242 15.8002
      vertex -51.0382 2.79359 15.2512
    endloop
  endfacet
  facet normal -0.706159 0.569078 0.421294
    outer loop
      vertex -50.1114 3.41946 15.9593
      vertex -51.0382 2.79359 15.2512
      vertex -51.0382 2.68493 15.398
    endloop
  endfacet
  facet normal -0.845445 0.429239 0.317769
    outer loop
      vertex -51.0382 2.68493 15.398
      vertex -51.0382 2.79359 15.2512
      vertex -51.5336 2.14775 14.8056
    endloop
  endfacet
  facet normal -0.850052 0.345705 0.397365
    outer loop
      vertex -51.0382 2.68493 15.398
      vertex -51.5336 2.14775 14.8056
      vertex -51.6418 1.89528 14.7937
    endloop
  endfacet
  facet normal -0.998721 0.0259535 0.0433911
    outer loop
      vertex -51.8073 1.13997 14.7298
      vertex -51.8123 1.11686 14.6285
      vertex -51.8123 0.990737 14.7039
    endloop
  endfacet
  facet normal -0.959787 -0.0163798 0.280252
    outer loop
      vertex -51.7249 1.239 15.0178
      vertex -51.8073 1.13997 14.7298
      vertex -51.8123 0.990737 14.7039
    endloop
  endfacet
  facet normal -0.952913 0.234789 0.191912
    outer loop
      vertex -51.7249 1.239 15.0178
      vertex -51.6418 1.48455 15.13
      vertex -51.8073 1.13997 14.7298
    endloop
  endfacet
  facet normal -0.844134 0.0414075 0.534531
    outer loop
      vertex -51.5336 1.46764 15.3022
      vertex -51.6418 1.48455 15.13
      vertex -51.7249 1.239 15.0178
    endloop
  endfacet
  facet normal -0.770682 0.367702 0.520427
    outer loop
      vertex -51.5336 1.46764 15.3022
      vertex -51.0382 1.8581 15.7599
      vertex -51.6418 1.48455 15.13
    endloop
  endfacet
  facet normal -0.735671 0.0495975 0.67552
    outer loop
      vertex -51.0382 1.8581 15.7599
      vertex -51.0382 2.04578 15.7461
      vertex -51.6418 1.48455 15.13
    endloop
  endfacet
  facet normal -0.535281 0.0618505 0.842407
    outer loop
      vertex -50.1114 2.34563 16.313
      vertex -51.0382 2.04578 15.7461
      vertex -51.0382 1.8581 15.7599
    endloop
  endfacet
  facet normal -0.526695 0.0213598 0.849786
    outer loop
      vertex -50.1114 2.34563 16.313
      vertex -50.1114 2.5792 16.3072
      vertex -51.0382 2.04578 15.7461
    endloop
  endfacet
  facet normal -0.483894 0.394152 0.781339
    outer loop
      vertex -48.6722 3.58201 16.8073
      vertex -50.1114 3.2334 16.0919
      vertex -50.1114 3.02827 16.1953
    endloop
  endfacet
  facet normal -0.659759 0.338461 0.670941
    outer loop
      vertex -50.1114 3.02827 16.1953
      vertex -50.1114 3.2334 16.0919
      vertex -51.0382 2.55177 15.5243
    endloop
  endfacet
  facet normal -0.663786 0.413342 0.623327
    outer loop
      vertex -50.1114 3.02827 16.1953
      vertex -51.0382 2.55177 15.5243
      vertex -51.0382 2.39786 15.6264
    endloop
  endfacet
  facet normal -0.836251 0.303046 0.456999
    outer loop
      vertex -51.0382 2.39786 15.6264
      vertex -51.0382 2.55177 15.5243
      vertex -51.6418 1.8191 14.9057
    endloop
  endfacet
  facet normal -0.835898 0.386749 0.389487
    outer loop
      vertex -51.0382 2.39786 15.6264
      vertex -51.6418 1.8191 14.9057
      vertex -51.6418 1.7229 15.0012
    endloop
  endfacet
  facet normal -0.965569 0.183301 0.184598
    outer loop
      vertex -51.6418 1.7229 15.0012
      vertex -51.6418 1.8191 14.9057
      vertex -51.8073 1.34953 14.5063
    endloop
  endfacet
  facet normal -0.961429 0.233527 0.145323
    outer loop
      vertex -51.6418 1.7229 15.0012
      vertex -51.8073 1.34953 14.5063
      vertex -51.8073 1.29489 14.5941
    endloop
  endfacet
  facet normal -0.623662 -0.157255 0.765714
    outer loop
      vertex -51.0382 1.67047 15.7473
      vertex -51.5336 1.46764 15.3022
      vertex -51.6418 1.21496 15.1622
    endloop
  endfacet
  facet normal -0.401671 -0.0605322 0.913781
    outer loop
      vertex -48.6722 2.78144 16.9745
      vertex -50.1114 2.34563 16.313
      vertex -50.1114 2.11298 16.2976
    endloop
  endfacet
  facet normal -0.97352 0.0660825 0.218844
    outer loop
      vertex -51.7249 1.239 15.0178
      vertex -51.8123 0.990737 14.7039
      vertex -51.8123 0.897218 14.7322
    endloop
  endfacet
  facet normal -0.803433 0.489131 -0.339479
    outer loop
      vertex -51.8111 0.920547 14.763
      vertex -51.7249 1.239 15.0178
      vertex -51.8123 0.897218 14.7322
    endloop
  endfacet
  facet normal -0.977757 0.183771 0.101089
    outer loop
      vertex -51.7715 1.04138 14.9263
      vertex -51.7249 1.239 15.0178
      vertex -51.8111 0.920547 14.763
    endloop
  endfacet
  facet normal -0.868189 -0.0246775 0.49562
    outer loop
      vertex -51.6418 1.21496 15.1622
      vertex -51.7249 1.239 15.0178
      vertex -51.7715 1.04138 14.9263
    endloop
  endfacet
  facet normal -0.85725 0.0857426 0.507711
    outer loop
      vertex -51.6418 1.21496 15.1622
      vertex -51.5336 1.46764 15.3022
      vertex -51.7249 1.239 15.0178
    endloop
  endfacet
  facet normal -0.907556 -0.201019 0.368692
    outer loop
      vertex -51.7249 0.992486 15.0144
      vertex -51.7715 1.04138 14.9263
      vertex -51.8111 0.920547 14.763
    endloop
  endfacet
  facet normal -0.841728 0.137825 0.522014
    outer loop
      vertex -51.7249 0.992486 15.0144
      vertex -51.5336 1.17282 15.2752
      vertex -51.7715 1.04138 14.9263
    endloop
  endfacet
  facet normal -0.74381 -0.273094 0.610054
    outer loop
      vertex -51.5336 1.17282 15.2752
      vertex -51.6418 1.21496 15.1622
      vertex -51.7715 1.04138 14.9263
    endloop
  endfacet
  facet normal -0.697268 0.110051 0.708312
    outer loop
      vertex -51.5336 1.17282 15.2752
      vertex -51.0382 1.48591 15.7142
      vertex -51.6418 1.21496 15.1622
    endloop
  endfacet
  facet normal -0.634595 -0.136354 0.760722
    outer loop
      vertex -51.0382 1.48591 15.7142
      vertex -51.0382 1.67047 15.7473
      vertex -51.6418 1.21496 15.1622
    endloop
  endfacet
  facet normal -0.460547 -0.156607 0.873711
    outer loop
      vertex -50.1114 1.88169 16.2737
      vertex -51.0382 1.67047 15.7473
      vertex -51.0382 1.48591 15.7142
    endloop
  endfacet
  facet normal -0.476193 -0.0903781 0.874684
    outer loop
      vertex -50.1114 1.88169 16.2737
      vertex -50.1114 2.11298 16.2976
      vertex -51.0382 1.67047 15.7473
    endloop
  endfacet
  facet normal -0.417267 -0.0934042 0.903971
    outer loop
      vertex -48.6722 2.23477 16.9745
      vertex -50.1114 2.11298 16.2976
      vertex -50.1114 1.88169 16.2737
    endloop
  endfacet
  facet normal -0.425611 0 0.904906
    outer loop
      vertex -48.6722 2.23477 16.9745
      vertex -48.6722 2.78144 16.9745
      vertex -50.1114 2.11298 16.2976
    endloop
  endfacet
  facet normal -0.655998 -0.0505274 0.75307
    outer loop
      vertex -51.0382 1.67047 15.7473
      vertex -51.0382 1.8581 15.7599
      vertex -51.5336 1.46764 15.3022
    endloop
  endfacet
  facet normal -0.488906 -0.0583984 0.870379
    outer loop
      vertex -50.1114 2.11298 16.2976
      vertex -51.0382 1.8581 15.7599
      vertex -51.0382 1.67047 15.7473
    endloop
  endfacet
  facet normal -0.489082 -0.0576538 0.87033
    outer loop
      vertex -50.1114 2.11298 16.2976
      vertex -50.1114 2.34563 16.313
      vertex -51.0382 1.8581 15.7599
    endloop
  endfacet
  facet normal -0.768777 -0.494793 0.405169
    outer loop
      vertex -51.7249 0.992486 15.0144
      vertex -51.8111 0.920547 14.763
      vertex -51.8123 0.897218 14.7322
    endloop
  endfacet
  facet normal -0.957503 0.0282557 0.287036
    outer loop
      vertex -51.7249 0.992486 15.0144
      vertex -51.8123 0.897218 14.7322
      vertex -51.8123 0.799999 14.7418
    endloop
  endfacet
  facet normal -0.734497 -0.170829 0.656759
    outer loop
      vertex -51.5336 0.969753 15.2224
      vertex -51.5336 1.17282 15.2752
      vertex -51.7249 0.992486 15.0144
    endloop
  endfacet
  facet normal -0.667548 -0.49038 0.560275
    outer loop
      vertex -51.5336 0.969753 15.2224
      vertex -51.7249 0.992486 15.0144
      vertex -51.8123 0.799999 14.7418
    endloop
  endfacet
  facet normal -0.865086 0 0.501624
    outer loop
      vertex -51.5336 0.969753 15.2224
      vertex -51.8123 0.799999 14.7418
      vertex -51.8123 0.661458 14.7418
    endloop
  endfacet
  facet normal -0.578796 -0.205281 0.789211
    outer loop
      vertex -51.0382 1.22869 15.6531
      vertex -51.5336 1.17282 15.2752
      vertex -51.5336 0.969753 15.2224
    endloop
  endfacet
  facet normal -0.58212 -0.188145 0.791036
    outer loop
      vertex -51.0382 1.22869 15.6531
      vertex -51.0382 1.48591 15.7142
      vertex -51.5336 1.17282 15.2752
    endloop
  endfacet
  facet normal -0.466611 -0.204657 0.860459
    outer loop
      vertex -50.1114 1.55597 16.2335
      vertex -51.0382 1.48591 15.7142
      vertex -51.0382 1.22869 15.6531
    endloop
  endfacet
  facet normal -0.479744 -0.107529 0.870795
    outer loop
      vertex -50.1114 1.55597 16.2335
      vertex -50.1114 1.88169 16.2737
      vertex -51.0382 1.48591 15.7142
    endloop
  endfacet
  facet normal -0.437229 -0.110218 0.892571
    outer loop
      vertex -48.6722 1.84776 16.9745
      vertex -50.1114 1.88169 16.2737
      vertex -50.1114 1.55597 16.2335
    endloop
  endfacet
  facet normal -0.437798 0 0.899073
    outer loop
      vertex -48.6722 1.84776 16.9745
      vertex -48.6722 2.23477 16.9745
      vertex -50.1114 1.88169 16.2737
    endloop
  endfacet
  facet normal -0.583462 -0.204459 0.785983
    outer loop
      vertex -51.0382 1.02695 15.605
      vertex -51.5336 0.969753 15.2224
      vertex -51.5336 0.810526 15.181
    endloop
  endfacet
  facet normal -0.811863 -0.146985 0.565043
    outer loop
      vertex -51.5336 0.810526 15.181
      vertex -51.5336 0.969753 15.2224
      vertex -51.8123 0.661458 14.7418
    endloop
  endfacet
  facet normal -0.844359 0 0.535777
    outer loop
      vertex -51.5336 0.810526 15.181
      vertex -51.8123 0.661458 14.7418
      vertex -51.8123 0.552851 14.7418
    endloop
  endfacet
  facet normal -0.586762 -0.187581 0.787733
    outer loop
      vertex -51.0382 1.02695 15.605
      vertex -51.0382 1.22869 15.6531
      vertex -51.5336 0.969753 15.2224
    endloop
  endfacet
  facet normal -0.487172 -0.202302 0.849551
    outer loop
      vertex -50.1114 1.3005 16.2016
      vertex -51.0382 1.22869 15.6531
      vertex -51.0382 1.02695 15.605
    endloop
  endfacet
  facet normal -0.500265 -0.107152 0.859217
    outer loop
      vertex -50.1114 1.3005 16.2016
      vertex -50.1114 1.55597 16.2335
      vertex -51.0382 1.22869 15.6531
    endloop
  endfacet
  facet normal -0.455689 -0.110155 0.883297
    outer loop
      vertex -48.6722 1.54437 16.9745
      vertex -50.1114 1.55597 16.2335
      vertex -50.1114 1.3005 16.2016
    endloop
  endfacet
  facet normal -0.457773 0 0.889069
    outer loop
      vertex -48.6722 1.54437 16.9745
      vertex -48.6722 1.84776 16.9745
      vertex -50.1114 1.55597 16.2335
    endloop
  endfacet
  facet normal -0.966333 0 0.257294
    outer loop
      vertex -51.7987 0.401197 14.7928
      vertex -51.8123 0.552851 14.7418
      vertex -51.8123 0.276425 14.7418
    endloop
  endfacet
  facet normal -0.863889 0.0894941 0.495667
    outer loop
      vertex -51.7987 0.401197 14.7928
      vertex -51.5336 0.810526 15.181
      vertex -51.8123 0.552851 14.7418
    endloop
  endfacet
  facet normal -0.672182 0 0.740386
    outer loop
      vertex -51.7987 0.0111437 14.7541
      vertex -51.8123 0.0172758 14.7418
      vertex -51.8123 0.00863743 14.7418
    endloop
  endfacet
  facet normal -0.730724 0 0.682673
    outer loop
      vertex -51.7987 0.033433 14.7563
      vertex -51.8123 0.0345526 14.7418
      vertex -51.8123 0.0172758 14.7418
    endloop
  endfacet
  facet normal -0.954967 0 0.296713
    outer loop
      vertex -51.8087 0.160341 14.7533
      vertex -51.8123 0.276425 14.7418
      vertex -51.8123 0.0691061 14.7418
    endloop
  endfacet
  facet normal -0.811691 -0.0419698 0.582578
    outer loop
      vertex -51.7987 0.100299 14.763
      vertex -51.8087 0.160341 14.7533
      vertex -51.8123 0.0691061 14.7418
    endloop
  endfacet
  facet normal -0.848389 0.0497134 0.527034
    outer loop
      vertex -51.7249 0.457253 14.9064
      vertex -51.5336 0.810526 15.181
      vertex -51.7987 0.401197 14.7928
    endloop
  endfacet
  facet normal -0.678836 -0.184834 0.710646
    outer loop
      vertex -51.5336 0.540351 15.1107
      vertex -51.5336 0.810526 15.181
      vertex -51.7249 0.457253 14.9064
    endloop
  endfacet
  facet normal -0.310231 0.859716 0.405764
    outer loop
      vertex -51.5336 0 14.9702
      vertex -50.1114 0.00802708 16.0405
      vertex -51.7249 0.00423336 14.8149
    endloop
  endfacet
  facet normal -0.598017 -0.099028 0.795342
    outer loop
      vertex -50.1114 0 16.0395
      vertex -50.1114 0.00802708 16.0405
      vertex -51.5336 0 14.9702
    endloop
  endfacet
  facet normal -0.609897 -0.272422 0.744186
    outer loop
      vertex -51.5336 0 14.9702
      vertex -51.7249 0.00423336 14.8149
      vertex -51.8123 0 14.7418
    endloop
  endfacet
  facet normal -0.63941 -0.0552981 0.766875
    outer loop
      vertex -51.7249 0.00423336 14.8149
      vertex -51.7987 0.00371456 14.7534
      vertex -51.8123 0 14.7418
    endloop
  endfacet
  facet normal -0.649183 0 0.760633
    outer loop
      vertex -51.7987 0.00371456 14.7534
      vertex -51.8123 0.00863743 14.7418
      vertex -51.8123 0 14.7418
    endloop
  endfacet
  facet normal -0.498195 0 0.867065
    outer loop
      vertex -48.6722 0 16.9745
      vertex -48.6722 1.54437 16.9745
      vertex -50.1114 0.866997 16.1476
    endloop
  endfacet
  facet normal -0.541856 -0.104003 0.834012
    outer loop
      vertex -48.6722 0 16.9745
      vertex -50.1114 0.866997 16.1476
      vertex -50.1114 0.650248 16.1206
    endloop
  endfacet
  facet normal -0.541842 -0.103951 0.834027
    outer loop
      vertex -48.6722 0 16.9745
      vertex -50.1114 0.650248 16.1206
      vertex -50.1114 0.361248 16.0845
    endloop
  endfacet
  facet normal -0.541842 -0.103947 0.834028
    outer loop
      vertex -48.6722 0 16.9745
      vertex -50.1114 0.361248 16.0845
      vertex -50.1114 0.216749 16.0665
    endloop
  endfacet
  facet normal -0.541843 -0.103983 0.834022
    outer loop
      vertex -48.6722 0 16.9745
      vertex -50.1114 0.216749 16.0665
      vertex -50.1114 0.120416 16.0545
    endloop
  endfacet
  facet normal -0.541844 -0.104066 0.834012
    outer loop
      vertex -48.6722 0 16.9745
      vertex -50.1114 0.120416 16.0545
      vertex -50.1114 0.0722494 16.0485
    endloop
  endfacet
  facet normal -0.541847 -0.103903 0.83403
    outer loop
      vertex -48.6722 0 16.9745
      vertex -50.1114 0.0722494 16.0485
      vertex -50.1114 0.0240831 16.0425
    endloop
  endfacet
  facet normal -0.54185 -0.103833 0.834037
    outer loop
      vertex -48.6722 0 16.9745
      vertex -50.1114 0.0240831 16.0425
      vertex -50.1114 0.00802708 16.0405
    endloop
  endfacet
  facet normal -0.54185 -0.103846 0.834035
    outer loop
      vertex -48.6722 0 16.9745
      vertex -50.1114 0.00802708 16.0405
      vertex -50.1114 0 16.0395
    endloop
  endfacet
  facet normal -0.635616 -0.19437 0.747136
    outer loop
      vertex -51.5336 0.0750484 14.9897
      vertex -51.5336 0.135087 15.0053
      vertex -51.7249 0.114313 14.8372
    endloop
  endfacet
  facet normal -0.582471 -0.204655 0.786667
    outer loop
      vertex -50.1114 0.120416 16.0545
      vertex -51.5336 0.135087 15.0053
      vertex -51.5336 0.0750484 14.9897
    endloop
  endfacet
  facet normal -0.591374 -0.0997668 0.800202
    outer loop
      vertex -50.1114 0.120416 16.0545
      vertex -50.1114 0.216749 16.0665
      vertex -51.5336 0.135087 15.0053
    endloop
  endfacet
  facet normal -0.635091 -0.152897 0.757154
    outer loop
      vertex -51.5336 0.0750484 14.9897
      vertex -51.7249 0.114313 14.8372
      vertex -51.7249 0.0635071 14.8269
    endloop
  endfacet
  facet normal -0.687965 -0.143655 0.711384
    outer loop
      vertex -51.7249 0.0635071 14.8269
      vertex -51.7249 0.114313 14.8372
      vertex -51.7987 0.100299 14.763
    endloop
  endfacet
  facet normal -0.673595 -0.072931 0.735493
    outer loop
      vertex -51.7249 0.0635071 14.8269
      vertex -51.7987 0.100299 14.763
      vertex -51.7987 0.0557213 14.7585
    endloop
  endfacet
  facet normal -0.798101 -0.0594542 0.599583
    outer loop
      vertex -51.7987 0.0557213 14.7585
      vertex -51.7987 0.100299 14.763
      vertex -51.8123 0.0691061 14.7418
    endloop
  endfacet
  facet normal -0.776804 0 0.629743
    outer loop
      vertex -51.7987 0.0557213 14.7585
      vertex -51.8123 0.0691061 14.7418
      vertex -51.8123 0.0345526 14.7418
    endloop
  endfacet
  facet normal -0.455696 -0.110114 0.883298
    outer loop
      vertex -48.6722 1.54437 16.9745
      vertex -50.1114 1.3005 16.2016
      vertex -50.1114 0.866997 16.1476
    endloop
  endfacet
  facet normal -0.515928 -0.105969 0.850052
    outer loop
      vertex -50.1114 0.866997 16.1476
      vertex -50.1114 1.3005 16.2016
      vertex -51.0382 1.02695 15.605
    endloop
  endfacet
  facet normal -0.520434 -0.197817 0.830673
    outer loop
      vertex -50.1114 0.866997 16.1476
      vertex -51.0382 1.02695 15.605
      vertex -51.0382 0.68463 15.5235
    endloop
  endfacet
  facet normal -0.590393 -0.186978 0.785159
    outer loop
      vertex -51.0382 0.68463 15.5235
      vertex -51.0382 1.02695 15.605
      vertex -51.5336 0.810526 15.181
    endloop
  endfacet
  facet normal -0.591256 -0.203006 0.780516
    outer loop
      vertex -51.0382 0.68463 15.5235
      vertex -51.5336 0.810526 15.181
      vertex -51.5336 0.540351 15.1107
    endloop
  endfacet
  facet normal -0.662797 -0.0742242 0.745112
    outer loop
      vertex -51.7987 0.00371456 14.7534
      vertex -51.7987 0.0111437 14.7541
      vertex -51.8123 0.00863743 14.7418
    endloop
  endfacet
  facet normal -0.638436 -0.0762935 0.765884
    outer loop
      vertex -51.7249 0.00423336 14.8149
      vertex -51.7987 0.0111437 14.7541
      vertex -51.7987 0.00371456 14.7534
    endloop
  endfacet
  facet normal -0.637067 -0.152575 0.755557
    outer loop
      vertex -51.7249 0.00423336 14.8149
      vertex -51.7249 0.012701 14.8166
      vertex -51.7987 0.0111437 14.7541
    endloop
  endfacet
  facet normal -0.596958 -0.158803 0.786398
    outer loop
      vertex -50.1114 0.00802708 16.0405
      vertex -51.7249 0.012701 14.8166
      vertex -51.7249 0.00423336 14.8149
    endloop
  endfacet
  facet normal -0.601567 -0.0986877 0.792703
    outer loop
      vertex -50.1114 0.00802708 16.0405
      vertex -50.1114 0.0240831 16.0425
      vertex -51.7249 0.012701 14.8166
    endloop
  endfacet
  facet normal -0.687962 -0.071627 0.722203
    outer loop
      vertex -51.7987 0.0111437 14.7541
      vertex -51.7987 0.033433 14.7563
      vertex -51.8123 0.0172758 14.7418
    endloop
  endfacet
  facet normal -0.643738 -0.0755254 0.76151
    outer loop
      vertex -51.7249 0.012701 14.8166
      vertex -51.7987 0.033433 14.7563
      vertex -51.7987 0.0111437 14.7541
    endloop
  endfacet
  facet normal -0.650691 -0.150306 0.744318
    outer loop
      vertex -51.7249 0.012701 14.8166
      vertex -51.7249 0.0381041 14.8218
      vertex -51.7987 0.033433 14.7563
    endloop
  endfacet
  facet normal -0.630912 -0.153574 0.760503
    outer loop
      vertex -51.5336 0.0450287 14.9819
      vertex -51.7249 0.0381041 14.8218
      vertex -51.7249 0.012701 14.8166
    endloop
  endfacet
  facet normal -0.536372 -0.455966 0.710211
    outer loop
      vertex -50.1114 0.0240831 16.0425
      vertex -51.5336 0.0450287 14.9819
      vertex -51.7249 0.012701 14.8166
    endloop
  endfacet
  facet normal -0.595815 -0.0992848 0.796961
    outer loop
      vertex -50.1114 0.0240831 16.0425
      vertex -50.1114 0.0722494 16.0485
      vertex -51.5336 0.0450287 14.9819
    endloop
  endfacet
  facet normal -0.731641 -0.0675405 0.678336
    outer loop
      vertex -51.7987 0.033433 14.7563
      vertex -51.7987 0.0557213 14.7585
      vertex -51.8123 0.0345526 14.7418
    endloop
  endfacet
  facet normal -0.659082 -0.0745136 0.74837
    outer loop
      vertex -51.7249 0.0381041 14.8218
      vertex -51.7987 0.0557213 14.7585
      vertex -51.7987 0.033433 14.7563
    endloop
  endfacet
  facet normal -0.663656 -0.147803 0.733291
    outer loop
      vertex -51.7249 0.0381041 14.8218
      vertex -51.7249 0.0635071 14.8269
      vertex -51.7987 0.0557213 14.7585
    endloop
  endfacet
  facet normal -0.630946 -0.153294 0.760532
    outer loop
      vertex -51.5336 0.0450287 14.9819
      vertex -51.7249 0.0635071 14.8269
      vertex -51.7249 0.0381041 14.8218
    endloop
  endfacet
  facet normal -0.628652 -0.19582 0.75263
    outer loop
      vertex -51.5336 0.0450287 14.9819
      vertex -51.5336 0.0750484 14.9897
      vertex -51.7249 0.0635071 14.8269
    endloop
  endfacet
  facet normal -0.584844 -0.204245 0.785011
    outer loop
      vertex -50.1114 0.0722494 16.0485
      vertex -51.5336 0.0750484 14.9897
      vertex -51.5336 0.0450287 14.9819
    endloop
  endfacet
  facet normal -0.594332 -0.0995762 0.798032
    outer loop
      vertex -50.1114 0.0722494 16.0485
      vertex -50.1114 0.120416 16.0545
      vertex -51.5336 0.0750484 14.9897
    endloop
  endfacet
  facet normal -0.840323 -0.0536463 0.539425
    outer loop
      vertex -51.7987 0.100299 14.763
      vertex -51.7987 0.167166 14.7696
      vertex -51.8087 0.160341 14.7533
    endloop
  endfacet
  facet normal -0.700547 -0.0706204 0.710103
    outer loop
      vertex -51.7249 0.114313 14.8372
      vertex -51.7987 0.167166 14.7696
      vertex -51.7987 0.100299 14.763
    endloop
  endfacet
  facet normal -0.720468 -0.137188 0.679783
    outer loop
      vertex -51.7249 0.114313 14.8372
      vertex -51.7249 0.190522 14.8525
      vertex -51.7987 0.167166 14.7696
    endloop
  endfacet
  facet normal -0.643253 -0.151465 0.750523
    outer loop
      vertex -51.5336 0.135087 15.0053
      vertex -51.7249 0.190522 14.8525
      vertex -51.7249 0.114313 14.8372
    endloop
  endfacet
  facet normal -0.635054 -0.0719505 0.76911
    outer loop
      vertex -51.5336 0.135087 15.0053
      vertex -51.0382 0.285262 15.4284
      vertex -51.7249 0.190522 14.8525
    endloop
  endfacet
  facet normal -0.550942 -0.335458 0.764154
    outer loop
      vertex -50.1114 0.216749 16.0665
      vertex -51.0382 0.285262 15.4284
      vertex -51.5336 0.135087 15.0053
    endloop
  endfacet
  facet normal -0.569254 -0.101681 0.81585
    outer loop
      vertex -50.1114 0.216749 16.0665
      vertex -50.1114 0.361248 16.0845
      vertex -51.0382 0.285262 15.4284
    endloop
  endfacet
  facet normal -0.677414 -0.145476 0.721073
    outer loop
      vertex -51.5336 0.405263 15.0756
      vertex -51.7249 0.34294 14.8833
      vertex -51.7249 0.190522 14.8525
    endloop
  endfacet
  facet normal -0.773658 -0.125304 0.62109
    outer loop
      vertex -51.7249 0.190522 14.8525
      vertex -51.7249 0.34294 14.8833
      vertex -51.7987 0.300899 14.7829
    endloop
  endfacet
  facet normal -0.735937 -0.0668557 0.673741
    outer loop
      vertex -51.7249 0.190522 14.8525
      vertex -51.7987 0.300899 14.7829
      vertex -51.7987 0.167166 14.7696
    endloop
  endfacet
  facet normal -0.942883 -0.0328945 0.331496
    outer loop
      vertex -51.7987 0.167166 14.7696
      vertex -51.7987 0.300899 14.7829
      vertex -51.8123 0.276425 14.7418
    endloop
  endfacet
  facet normal -0.856133 0.0249751 0.516152
    outer loop
      vertex -51.8087 0.160341 14.7533
      vertex -51.7987 0.167166 14.7696
      vertex -51.8123 0.276425 14.7418
    endloop
  endfacet
  facet normal -0.601156 -0.252102 0.758325
    outer loop
      vertex -51.0382 0.285262 15.4284
      vertex -51.5336 0.405263 15.0756
      vertex -51.7249 0.190522 14.8525
    endloop
  endfacet
  facet normal -0.599464 -0.185435 0.778625
    outer loop
      vertex -51.0382 0.285262 15.4284
      vertex -51.0382 0.513473 15.4828
      vertex -51.5336 0.405263 15.0756
    endloop
  endfacet
  facet normal -0.556447 -0.192497 0.808277
    outer loop
      vertex -50.1114 0.361248 16.0845
      vertex -51.0382 0.513473 15.4828
      vertex -51.0382 0.285262 15.4284
    endloop
  endfacet
  facet normal -0.553536 -0.103005 0.826431
    outer loop
      vertex -50.1114 0.361248 16.0845
      vertex -50.1114 0.650248 16.1206
      vertex -51.0382 0.513473 15.4828
    endloop
  endfacet
  facet normal -0.94287 -0.0329537 0.331526
    outer loop
      vertex -51.7987 0.300899 14.7829
      vertex -51.7987 0.401197 14.7928
      vertex -51.8123 0.276425 14.7418
    endloop
  endfacet
  facet normal -0.792069 -0.0603793 0.607437
    outer loop
      vertex -51.7249 0.34294 14.8833
      vertex -51.7987 0.401197 14.7928
      vertex -51.7987 0.300899 14.7829
    endloop
  endfacet
  facet normal -0.805116 -0.117335 0.581395
    outer loop
      vertex -51.7249 0.34294 14.8833
      vertex -51.7249 0.457253 14.9064
      vertex -51.7987 0.401197 14.7928
    endloop
  endfacet
  facet normal -0.677401 -0.145525 0.721076
    outer loop
      vertex -51.5336 0.405263 15.0756
      vertex -51.7249 0.457253 14.9064
      vertex -51.7249 0.34294 14.8833
    endloop
  endfacet
  facet normal -0.678847 -0.184802 0.710644
    outer loop
      vertex -51.5336 0.405263 15.0756
      vertex -51.5336 0.540351 15.1107
      vertex -51.7249 0.457253 14.9064
    endloop
  endfacet
  facet normal -0.595098 -0.202262 0.777784
    outer loop
      vertex -51.0382 0.513473 15.4828
      vertex -51.5336 0.540351 15.1107
      vertex -51.5336 0.405263 15.0756
    endloop
  endfacet
  facet normal -0.596478 -0.1859 0.780804
    outer loop
      vertex -51.0382 0.513473 15.4828
      vertex -51.0382 0.68463 15.5235
      vertex -51.5336 0.540351 15.1107
    endloop
  endfacet
  facet normal -0.536231 -0.195498 0.821119
    outer loop
      vertex -50.1114 0.650248 16.1206
      vertex -51.0382 0.68463 15.5235
      vertex -51.0382 0.513473 15.4828
    endloop
  endfacet
  facet normal -0.541351 -0.104043 0.834334
    outer loop
      vertex -50.1114 0.650248 16.1206
      vertex -50.1114 0.866997 16.1476
      vertex -51.0382 0.68463 15.5235
    endloop
  endfacet
  facet normal -0.966333 0 0.257294
    outer loop
      vertex -51.7987 -0.401197 14.7928
      vertex -51.8123 -0.276425 14.7418
      vertex -51.8123 -0.552851 14.7418
    endloop
  endfacet
  facet normal -0.863889 -0.0894941 0.495667
    outer loop
      vertex -51.5336 -0.810526 15.181
      vertex -51.7987 -0.401197 14.7928
      vertex -51.8123 -0.552851 14.7418
    endloop
  endfacet
  facet normal -0.672182 0 0.740386
    outer loop
      vertex -51.7987 -0.0111437 14.7541
      vertex -51.8123 -0.00863743 14.7418
      vertex -51.8123 -0.0172758 14.7418
    endloop
  endfacet
  facet normal -0.730724 0 0.682673
    outer loop
      vertex -51.7987 -0.033433 14.7563
      vertex -51.8123 -0.0172758 14.7418
      vertex -51.8123 -0.0345526 14.7418
    endloop
  endfacet
  facet normal -0.954967 0 0.296713
    outer loop
      vertex -51.8087 -0.160341 14.7533
      vertex -51.8123 -0.0691061 14.7418
      vertex -51.8123 -0.276425 14.7418
    endloop
  endfacet
  facet normal -0.811691 0.0419698 0.582578
    outer loop
      vertex -51.8087 -0.160341 14.7533
      vertex -51.7987 -0.100299 14.763
      vertex -51.8123 -0.0691061 14.7418
    endloop
  endfacet
  facet normal -0.848389 -0.0497134 0.527034
    outer loop
      vertex -51.5336 -0.810526 15.181
      vertex -51.7249 -0.457253 14.9064
      vertex -51.7987 -0.401197 14.7928
    endloop
  endfacet
  facet normal -0.678836 0.184834 0.710646
    outer loop
      vertex -51.5336 -0.810526 15.181
      vertex -51.5336 -0.540351 15.1107
      vertex -51.7249 -0.457253 14.9064
    endloop
  endfacet
  facet normal -0.310231 -0.859716 0.405764
    outer loop
      vertex -50.1114 -0.00802708 16.0405
      vertex -51.5336 0 14.9702
      vertex -51.7249 -0.00423336 14.8149
    endloop
  endfacet
  facet normal -0.598017 0.099028 0.795342
    outer loop
      vertex -50.1114 -0.00802708 16.0405
      vertex -50.1114 0 16.0395
      vertex -51.5336 0 14.9702
    endloop
  endfacet
  facet normal -0.649183 0 0.760633
    outer loop
      vertex -51.7987 -0.00371456 14.7534
      vertex -51.8123 0 14.7418
      vertex -51.8123 -0.00863743 14.7418
    endloop
  endfacet
  facet normal -0.63941 0.0552981 0.766875
    outer loop
      vertex -51.7987 -0.00371456 14.7534
      vertex -51.7249 -0.00423336 14.8149
      vertex -51.8123 0 14.7418
    endloop
  endfacet
  facet normal -0.609897 0.272422 0.744186
    outer loop
      vertex -51.7249 -0.00423336 14.8149
      vertex -51.5336 0 14.9702
      vertex -51.8123 0 14.7418
    endloop
  endfacet
  facet normal -0.54185 0.103846 0.834035
    outer loop
      vertex -48.6722 0 16.9745
      vertex -50.1114 0 16.0395
      vertex -50.1114 -0.00802708 16.0405
    endloop
  endfacet
  facet normal -0.54185 0.103833 0.834037
    outer loop
      vertex -48.6722 0 16.9745
      vertex -50.1114 -0.00802708 16.0405
      vertex -50.1114 -0.0240831 16.0425
    endloop
  endfacet
  facet normal -0.541847 0.103903 0.83403
    outer loop
      vertex -48.6722 0 16.9745
      vertex -50.1114 -0.0240831 16.0425
      vertex -50.1114 -0.0722494 16.0485
    endloop
  endfacet
  facet normal -0.541844 0.104066 0.834012
    outer loop
      vertex -48.6722 0 16.9745
      vertex -50.1114 -0.0722494 16.0485
      vertex -50.1114 -0.120416 16.0545
    endloop
  endfacet
  facet normal -0.541843 0.103983 0.834022
    outer loop
      vertex -48.6722 0 16.9745
      vertex -50.1114 -0.120416 16.0545
      vertex -50.1114 -0.216749 16.0665
    endloop
  endfacet
  facet normal -0.541842 0.103947 0.834028
    outer loop
      vertex -48.6722 0 16.9745
      vertex -50.1114 -0.216749 16.0665
      vertex -50.1114 -0.361248 16.0845
    endloop
  endfacet
  facet normal -0.541842 0.103951 0.834027
    outer loop
      vertex -48.6722 0 16.9745
      vertex -50.1114 -0.361248 16.0845
      vertex -50.1114 -0.650248 16.1206
    endloop
  endfacet
  facet normal -0.541856 0.104003 0.834012
    outer loop
      vertex -48.6722 0 16.9745
      vertex -50.1114 -0.650248 16.1206
      vertex -50.1114 -0.866997 16.1476
    endloop
  endfacet
  facet normal -0.498195 0 0.867065
    outer loop
      vertex -48.6722 -1.54437 16.9745
      vertex -48.6722 0 16.9745
      vertex -50.1114 -0.866997 16.1476
    endloop
  endfacet
  facet normal -0.591374 0.0997668 0.800202
    outer loop
      vertex -50.1114 -0.216749 16.0665
      vertex -50.1114 -0.120416 16.0545
      vertex -51.5336 -0.135087 15.0053
    endloop
  endfacet
  facet normal -0.582471 0.204655 0.786667
    outer loop
      vertex -50.1114 -0.120416 16.0545
      vertex -51.5336 -0.0750484 14.9897
      vertex -51.5336 -0.135087 15.0053
    endloop
  endfacet
  facet normal -0.635616 0.19437 0.747136
    outer loop
      vertex -51.5336 -0.135087 15.0053
      vertex -51.5336 -0.0750484 14.9897
      vertex -51.7249 -0.114313 14.8372
    endloop
  endfacet
  facet normal -0.635091 0.152897 0.757154
    outer loop
      vertex -51.5336 -0.0750484 14.9897
      vertex -51.7249 -0.0635071 14.8269
      vertex -51.7249 -0.114313 14.8372
    endloop
  endfacet
  facet normal -0.687965 0.143655 0.711384
    outer loop
      vertex -51.7249 -0.114313 14.8372
      vertex -51.7249 -0.0635071 14.8269
      vertex -51.7987 -0.100299 14.763
    endloop
  endfacet
  facet normal -0.673595 0.072931 0.735493
    outer loop
      vertex -51.7249 -0.0635071 14.8269
      vertex -51.7987 -0.0557213 14.7585
      vertex -51.7987 -0.100299 14.763
    endloop
  endfacet
  facet normal -0.798101 0.0594542 0.599583
    outer loop
      vertex -51.7987 -0.100299 14.763
      vertex -51.7987 -0.0557213 14.7585
      vertex -51.8123 -0.0691061 14.7418
    endloop
  endfacet
  facet normal -0.776804 0 0.629743
    outer loop
      vertex -51.7987 -0.0557213 14.7585
      vertex -51.8123 -0.0345526 14.7418
      vertex -51.8123 -0.0691061 14.7418
    endloop
  endfacet
  facet normal -0.591256 0.203006 0.780516
    outer loop
      vertex -51.0382 -0.68463 15.5235
      vertex -51.5336 -0.540351 15.1107
      vertex -51.5336 -0.810526 15.181
    endloop
  endfacet
  facet normal -0.590393 0.186978 0.785159
    outer loop
      vertex -51.0382 -1.02695 15.605
      vertex -51.0382 -0.68463 15.5235
      vertex -51.5336 -0.810526 15.181
    endloop
  endfacet
  facet normal -0.520434 0.197817 0.830673
    outer loop
      vertex -50.1114 -0.866997 16.1476
      vertex -51.0382 -0.68463 15.5235
      vertex -51.0382 -1.02695 15.605
    endloop
  endfacet
  facet normal -0.515928 0.105969 0.850052
    outer loop
      vertex -50.1114 -1.3005 16.2016
      vertex -50.1114 -0.866997 16.1476
      vertex -51.0382 -1.02695 15.605
    endloop
  endfacet
  facet normal -0.455696 0.110114 0.883298
    outer loop
      vertex -48.6722 -1.54437 16.9745
      vertex -50.1114 -0.866997 16.1476
      vertex -50.1114 -1.3005 16.2016
    endloop
  endfacet
  facet normal -0.601567 0.0986877 0.792703
    outer loop
      vertex -50.1114 -0.0240831 16.0425
      vertex -50.1114 -0.00802708 16.0405
      vertex -51.7249 -0.012701 14.8166
    endloop
  endfacet
  facet normal -0.596958 0.158803 0.786398
    outer loop
      vertex -50.1114 -0.00802708 16.0405
      vertex -51.7249 -0.00423336 14.8149
      vertex -51.7249 -0.012701 14.8166
    endloop
  endfacet
  facet normal -0.637067 0.152575 0.755557
    outer loop
      vertex -51.7249 -0.012701 14.8166
      vertex -51.7249 -0.00423336 14.8149
      vertex -51.7987 -0.0111437 14.7541
    endloop
  endfacet
  facet normal -0.638436 0.0762935 0.765884
    outer loop
      vertex -51.7249 -0.00423336 14.8149
      vertex -51.7987 -0.00371456 14.7534
      vertex -51.7987 -0.0111437 14.7541
    endloop
  endfacet
  facet normal -0.662797 0.0742242 0.745112
    outer loop
      vertex -51.7987 -0.0111437 14.7541
      vertex -51.7987 -0.00371456 14.7534
      vertex -51.8123 -0.00863743 14.7418
    endloop
  endfacet
  facet normal -0.650691 0.150306 0.744318
    outer loop
      vertex -51.7249 -0.0381041 14.8218
      vertex -51.7249 -0.012701 14.8166
      vertex -51.7987 -0.033433 14.7563
    endloop
  endfacet
  facet normal -0.643738 0.0755254 0.76151
    outer loop
      vertex -51.7249 -0.012701 14.8166
      vertex -51.7987 -0.0111437 14.7541
      vertex -51.7987 -0.033433 14.7563
    endloop
  endfacet
  facet normal -0.687962 0.071627 0.722203
    outer loop
      vertex -51.7987 -0.033433 14.7563
      vertex -51.7987 -0.0111437 14.7541
      vertex -51.8123 -0.0172758 14.7418
    endloop
  endfacet
  facet normal -0.595815 0.0992848 0.796961
    outer loop
      vertex -50.1114 -0.0722494 16.0485
      vertex -50.1114 -0.0240831 16.0425
      vertex -51.5336 -0.0450287 14.9819
    endloop
  endfacet
  facet normal -0.536372 0.455966 0.710211
    outer loop
      vertex -51.5336 -0.0450287 14.9819
      vertex -50.1114 -0.0240831 16.0425
      vertex -51.7249 -0.012701 14.8166
    endloop
  endfacet
  facet normal -0.630912 0.153574 0.760503
    outer loop
      vertex -51.5336 -0.0450287 14.9819
      vertex -51.7249 -0.012701 14.8166
      vertex -51.7249 -0.0381041 14.8218
    endloop
  endfacet
  facet normal -0.594332 0.0995762 0.798032
    outer loop
      vertex -50.1114 -0.120416 16.0545
      vertex -50.1114 -0.0722494 16.0485
      vertex -51.5336 -0.0750484 14.9897
    endloop
  endfacet
  facet normal -0.584844 0.204245 0.785011
    outer loop
      vertex -50.1114 -0.0722494 16.0485
      vertex -51.5336 -0.0450287 14.9819
      vertex -51.5336 -0.0750484 14.9897
    endloop
  endfacet
  facet normal -0.628652 0.19582 0.75263
    outer loop
      vertex -51.5336 -0.0750484 14.9897
      vertex -51.5336 -0.0450287 14.9819
      vertex -51.7249 -0.0635071 14.8269
    endloop
  endfacet
  facet normal -0.630946 0.153294 0.760532
    outer loop
      vertex -51.5336 -0.0450287 14.9819
      vertex -51.7249 -0.0381041 14.8218
      vertex -51.7249 -0.0635071 14.8269
    endloop
  endfacet
  facet normal -0.663656 0.147803 0.733291
    outer loop
      vertex -51.7249 -0.0635071 14.8269
      vertex -51.7249 -0.0381041 14.8218
      vertex -51.7987 -0.0557213 14.7585
    endloop
  endfacet
  facet normal -0.659082 0.0745136 0.74837
    outer loop
      vertex -51.7249 -0.0381041 14.8218
      vertex -51.7987 -0.033433 14.7563
      vertex -51.7987 -0.0557213 14.7585
    endloop
  endfacet
  facet normal -0.731641 0.0675405 0.678336
    outer loop
      vertex -51.7987 -0.0557213 14.7585
      vertex -51.7987 -0.033433 14.7563
      vertex -51.8123 -0.0345526 14.7418
    endloop
  endfacet
  facet normal -0.569254 0.101681 0.81585
    outer loop
      vertex -50.1114 -0.361248 16.0845
      vertex -50.1114 -0.216749 16.0665
      vertex -51.0382 -0.285262 15.4284
    endloop
  endfacet
  facet normal -0.550942 0.335458 0.764154
    outer loop
      vertex -51.0382 -0.285262 15.4284
      vertex -50.1114 -0.216749 16.0665
      vertex -51.5336 -0.135087 15.0053
    endloop
  endfacet
  facet normal -0.635054 0.0719505 0.76911
    outer loop
      vertex -51.0382 -0.285262 15.4284
      vertex -51.5336 -0.135087 15.0053
      vertex -51.7249 -0.190522 14.8525
    endloop
  endfacet
  facet normal -0.643253 0.151465 0.750523
    outer loop
      vertex -51.5336 -0.135087 15.0053
      vertex -51.7249 -0.114313 14.8372
      vertex -51.7249 -0.190522 14.8525
    endloop
  endfacet
  facet normal -0.720468 0.137188 0.679783
    outer loop
      vertex -51.7249 -0.190522 14.8525
      vertex -51.7249 -0.114313 14.8372
      vertex -51.7987 -0.167166 14.7696
    endloop
  endfacet
  facet normal -0.700547 0.0706204 0.710103
    outer loop
      vertex -51.7249 -0.114313 14.8372
      vertex -51.7987 -0.100299 14.763
      vertex -51.7987 -0.167166 14.7696
    endloop
  endfacet
  facet normal -0.840323 0.0536463 0.539425
    outer loop
      vertex -51.7987 -0.167166 14.7696
      vertex -51.7987 -0.100299 14.763
      vertex -51.8087 -0.160341 14.7533
    endloop
  endfacet
  facet normal -0.856133 -0.0249751 0.516152
    outer loop
      vertex -51.7987 -0.167166 14.7696
      vertex -51.8087 -0.160341 14.7533
      vertex -51.8123 -0.276425 14.7418
    endloop
  endfacet
  facet normal -0.942883 0.0328945 0.331496
    outer loop
      vertex -51.7987 -0.300899 14.7829
      vertex -51.7987 -0.167166 14.7696
      vertex -51.8123 -0.276425 14.7418
    endloop
  endfacet
  facet normal -0.735937 0.0668557 0.673741
    outer loop
      vertex -51.7249 -0.190522 14.8525
      vertex -51.7987 -0.167166 14.7696
      vertex -51.7987 -0.300899 14.7829
    endloop
  endfacet
  facet normal -0.773658 0.125304 0.62109
    outer loop
      vertex -51.7249 -0.34294 14.8833
      vertex -51.7249 -0.190522 14.8525
      vertex -51.7987 -0.300899 14.7829
    endloop
  endfacet
  facet normal -0.677414 0.145476 0.721073
    outer loop
      vertex -51.5336 -0.405263 15.0756
      vertex -51.7249 -0.190522 14.8525
      vertex -51.7249 -0.34294 14.8833
    endloop
  endfacet
  facet normal -0.601156 0.252102 0.758325
    outer loop
      vertex -51.5336 -0.405263 15.0756
      vertex -51.0382 -0.285262 15.4284
      vertex -51.7249 -0.190522 14.8525
    endloop
  endfacet
  facet normal -0.599464 0.185435 0.778625
    outer loop
      vertex -51.0382 -0.513473 15.4828
      vertex -51.0382 -0.285262 15.4284
      vertex -51.5336 -0.405263 15.0756
    endloop
  endfacet
  facet normal -0.556447 0.192497 0.808277
    outer loop
      vertex -50.1114 -0.361248 16.0845
      vertex -51.0382 -0.285262 15.4284
      vertex -51.0382 -0.513473 15.4828
    endloop
  endfacet
  facet normal -0.553536 0.103005 0.826431
    outer loop
      vertex -50.1114 -0.650248 16.1206
      vertex -50.1114 -0.361248 16.0845
      vertex -51.0382 -0.513473 15.4828
    endloop
  endfacet
  facet normal -0.541351 0.104043 0.834334
    outer loop
      vertex -50.1114 -0.866997 16.1476
      vertex -50.1114 -0.650248 16.1206
      vertex -51.0382 -0.68463 15.5235
    endloop
  endfacet
  facet normal -0.536231 0.195498 0.821119
    outer loop
      vertex -50.1114 -0.650248 16.1206
      vertex -51.0382 -0.513473 15.4828
      vertex -51.0382 -0.68463 15.5235
    endloop
  endfacet
  facet normal -0.596478 0.1859 0.780804
    outer loop
      vertex -51.0382 -0.68463 15.5235
      vertex -51.0382 -0.513473 15.4828
      vertex -51.5336 -0.540351 15.1107
    endloop
  endfacet
  facet normal -0.595098 0.202262 0.777784
    outer loop
      vertex -51.0382 -0.513473 15.4828
      vertex -51.5336 -0.405263 15.0756
      vertex -51.5336 -0.540351 15.1107
    endloop
  endfacet
  facet normal -0.678847 0.184802 0.710644
    outer loop
      vertex -51.5336 -0.540351 15.1107
      vertex -51.5336 -0.405263 15.0756
      vertex -51.7249 -0.457253 14.9064
    endloop
  endfacet
  facet normal -0.677401 0.145525 0.721076
    outer loop
      vertex -51.5336 -0.405263 15.0756
      vertex -51.7249 -0.34294 14.8833
      vertex -51.7249 -0.457253 14.9064
    endloop
  endfacet
  facet normal -0.805116 0.117335 0.581395
    outer loop
      vertex -51.7249 -0.457253 14.9064
      vertex -51.7249 -0.34294 14.8833
      vertex -51.7987 -0.401197 14.7928
    endloop
  endfacet
  facet normal -0.792069 0.0603793 0.607437
    outer loop
      vertex -51.7249 -0.34294 14.8833
      vertex -51.7987 -0.300899 14.7829
      vertex -51.7987 -0.401197 14.7928
    endloop
  endfacet
  facet normal -0.94287 0.0329537 0.331526
    outer loop
      vertex -51.7987 -0.401197 14.7928
      vertex -51.7987 -0.300899 14.7829
      vertex -51.8123 -0.276425 14.7418
    endloop
  endfacet
  facet normal -0.844359 0 0.535777
    outer loop
      vertex -51.5336 -0.810526 15.181
      vertex -51.8123 -0.552851 14.7418
      vertex -51.8123 -0.661458 14.7418
    endloop
  endfacet
  facet normal -0.811863 0.146985 0.565043
    outer loop
      vertex -51.5336 -0.969753 15.2224
      vertex -51.5336 -0.810526 15.181
      vertex -51.8123 -0.661458 14.7418
    endloop
  endfacet
  facet normal -0.583462 0.204459 0.785983
    outer loop
      vertex -51.0382 -1.02695 15.605
      vertex -51.5336 -0.810526 15.181
      vertex -51.5336 -0.969753 15.2224
    endloop
  endfacet
  facet normal -0.586762 0.187581 0.787733
    outer loop
      vertex -51.0382 -1.22869 15.6531
      vertex -51.0382 -1.02695 15.605
      vertex -51.5336 -0.969753 15.2224
    endloop
  endfacet
  facet normal -0.487172 0.202302 0.849551
    outer loop
      vertex -50.1114 -1.3005 16.2016
      vertex -51.0382 -1.02695 15.605
      vertex -51.0382 -1.22869 15.6531
    endloop
  endfacet
  facet normal -0.500265 0.107152 0.859217
    outer loop
      vertex -50.1114 -1.55597 16.2335
      vertex -50.1114 -1.3005 16.2016
      vertex -51.0382 -1.22869 15.6531
    endloop
  endfacet
  facet normal -0.455689 0.110155 0.883297
    outer loop
      vertex -48.6722 -1.54437 16.9745
      vertex -50.1114 -1.3005 16.2016
      vertex -50.1114 -1.55597 16.2335
    endloop
  endfacet
  facet normal -0.457773 0 0.889069
    outer loop
      vertex -48.6722 -1.84776 16.9745
      vertex -48.6722 -1.54437 16.9745
      vertex -50.1114 -1.55597 16.2335
    endloop
  endfacet
  facet normal -0.865086 0 0.501624
    outer loop
      vertex -51.5336 -0.969753 15.2224
      vertex -51.8123 -0.661458 14.7418
      vertex -51.8123 -0.799999 14.7418
    endloop
  endfacet
  facet normal -0.667548 0.49038 0.560275
    outer loop
      vertex -51.7249 -0.992486 15.0144
      vertex -51.5336 -0.969753 15.2224
      vertex -51.8123 -0.799999 14.7418
    endloop
  endfacet
  facet normal -0.734497 0.170829 0.656759
    outer loop
      vertex -51.5336 -1.17282 15.2752
      vertex -51.5336 -0.969753 15.2224
      vertex -51.7249 -0.992486 15.0144
    endloop
  endfacet
  facet normal -0.578796 0.205281 0.789211
    outer loop
      vertex -51.0382 -1.22869 15.6531
      vertex -51.5336 -0.969753 15.2224
      vertex -51.5336 -1.17282 15.2752
    endloop
  endfacet
  facet normal -0.58212 0.188145 0.791036
    outer loop
      vertex -51.0382 -1.48591 15.7142
      vertex -51.0382 -1.22869 15.6531
      vertex -51.5336 -1.17282 15.2752
    endloop
  endfacet
  facet normal -0.466611 0.204657 0.860459
    outer loop
      vertex -50.1114 -1.55597 16.2335
      vertex -51.0382 -1.22869 15.6531
      vertex -51.0382 -1.48591 15.7142
    endloop
  endfacet
  facet normal -0.479744 0.107529 0.870795
    outer loop
      vertex -50.1114 -1.88169 16.2737
      vertex -50.1114 -1.55597 16.2335
      vertex -51.0382 -1.48591 15.7142
    endloop
  endfacet
  facet normal -0.437229 0.110218 0.892571
    outer loop
      vertex -48.6722 -1.84776 16.9745
      vertex -50.1114 -1.55597 16.2335
      vertex -50.1114 -1.88169 16.2737
    endloop
  endfacet
  facet normal -0.437798 0 0.899073
    outer loop
      vertex -48.6722 -2.23477 16.9745
      vertex -48.6722 -1.84776 16.9745
      vertex -50.1114 -1.88169 16.2737
    endloop
  endfacet
  facet normal -0.623662 0.157255 0.765714
    outer loop
      vertex -51.5336 -1.46764 15.3022
      vertex -51.0382 -1.67047 15.7473
      vertex -51.6418 -1.21496 15.1622
    endloop
  endfacet
  facet normal -0.401671 0.0605322 0.913781
    outer loop
      vertex -48.6722 -2.78144 16.9745
      vertex -50.1114 -2.11298 16.2976
      vertex -50.1114 -2.34563 16.313
    endloop
  endfacet
  facet normal -0.85725 -0.0857426 0.507711
    outer loop
      vertex -51.5336 -1.46764 15.3022
      vertex -51.6418 -1.21496 15.1622
      vertex -51.7249 -1.239 15.0178
    endloop
  endfacet
  facet normal -0.868189 0.0246775 0.49562
    outer loop
      vertex -51.7249 -1.239 15.0178
      vertex -51.6418 -1.21496 15.1622
      vertex -51.7715 -1.04138 14.9263
    endloop
  endfacet
  facet normal -0.977757 -0.183771 0.101089
    outer loop
      vertex -51.7249 -1.239 15.0178
      vertex -51.7715 -1.04138 14.9263
      vertex -51.8111 -0.920547 14.763
    endloop
  endfacet
  facet normal -0.803433 -0.489131 -0.339479
    outer loop
      vertex -51.7249 -1.239 15.0178
      vertex -51.8111 -0.920547 14.763
      vertex -51.8123 -0.897218 14.7322
    endloop
  endfacet
  facet normal -0.97352 -0.0660825 0.218844
    outer loop
      vertex -51.7249 -1.239 15.0178
      vertex -51.8123 -0.897218 14.7322
      vertex -51.8123 -0.990737 14.7039
    endloop
  endfacet
  facet normal -0.425611 0 0.904906
    outer loop
      vertex -48.6722 -2.78144 16.9745
      vertex -48.6722 -2.23477 16.9745
      vertex -50.1114 -2.11298 16.2976
    endloop
  endfacet
  facet normal -0.417267 0.0934042 0.903971
    outer loop
      vertex -48.6722 -2.23477 16.9745
      vertex -50.1114 -1.88169 16.2737
      vertex -50.1114 -2.11298 16.2976
    endloop
  endfacet
  facet normal -0.476193 0.0903781 0.874684
    outer loop
      vertex -50.1114 -2.11298 16.2976
      vertex -50.1114 -1.88169 16.2737
      vertex -51.0382 -1.67047 15.7473
    endloop
  endfacet
  facet normal -0.460547 0.156607 0.873711
    outer loop
      vertex -50.1114 -1.88169 16.2737
      vertex -51.0382 -1.48591 15.7142
      vertex -51.0382 -1.67047 15.7473
    endloop
  endfacet
  facet normal -0.634595 0.136354 0.760722
    outer loop
      vertex -51.0382 -1.67047 15.7473
      vertex -51.0382 -1.48591 15.7142
      vertex -51.6418 -1.21496 15.1622
    endloop
  endfacet
  facet normal -0.697268 -0.110051 0.708312
    outer loop
      vertex -51.0382 -1.48591 15.7142
      vertex -51.5336 -1.17282 15.2752
      vertex -51.6418 -1.21496 15.1622
    endloop
  endfacet
  facet normal -0.74381 0.273094 0.610054
    outer loop
      vertex -51.6418 -1.21496 15.1622
      vertex -51.5336 -1.17282 15.2752
      vertex -51.7715 -1.04138 14.9263
    endloop
  endfacet
  facet normal -0.841728 -0.137825 0.522014
    outer loop
      vertex -51.5336 -1.17282 15.2752
      vertex -51.7249 -0.992486 15.0144
      vertex -51.7715 -1.04138 14.9263
    endloop
  endfacet
  facet normal -0.907556 0.201019 0.368692
    outer loop
      vertex -51.7715 -1.04138 14.9263
      vertex -51.7249 -0.992486 15.0144
      vertex -51.8111 -0.920547 14.763
    endloop
  endfacet
  facet normal -0.489082 0.0576538 0.87033
    outer loop
      vertex -50.1114 -2.34563 16.313
      vertex -50.1114 -2.11298 16.2976
      vertex -51.0382 -1.8581 15.7599
    endloop
  endfacet
  facet normal -0.488906 0.0583984 0.870379
    outer loop
      vertex -50.1114 -2.11298 16.2976
      vertex -51.0382 -1.67047 15.7473
      vertex -51.0382 -1.8581 15.7599
    endloop
  endfacet
  facet normal -0.655998 0.0505274 0.75307
    outer loop
      vertex -51.0382 -1.8581 15.7599
      vertex -51.0382 -1.67047 15.7473
      vertex -51.5336 -1.46764 15.3022
    endloop
  endfacet
  facet normal -0.768777 0.494793 0.405169
    outer loop
      vertex -51.8111 -0.920547 14.763
      vertex -51.7249 -0.992486 15.0144
      vertex -51.8123 -0.897218 14.7322
    endloop
  endfacet
  facet normal -0.957503 -0.0282557 0.287036
    outer loop
      vertex -51.7249 -0.992486 15.0144
      vertex -51.8123 -0.799999 14.7418
      vertex -51.8123 -0.897218 14.7322
    endloop
  endfacet
  facet normal -0.998964 -0.0450215 0.00669598
    outer loop
      vertex -51.8073 -1.38603 14.4094
      vertex -51.8123 -1.27838 14.3871
      vertex -51.8123 -1.3 14.2418
    endloop
  endfacet
  facet normal -0.962817 -0.250947 -0.100048
    outer loop
      vertex -51.7249 -1.75328 14.5376
      vertex -51.8073 -1.38603 14.4094
      vertex -51.8123 -1.3 14.2418
    endloop
  endfacet
  facet normal -0.423203 -0.0227664 0.905749
    outer loop
      vertex -48.6722 -2.78144 16.9745
      vertex -50.1114 -2.34563 16.313
      vertex -50.1114 -2.5792 16.3072
    endloop
  endfacet
  facet normal -0.999061 -0.0391651 0.0185459
    outer loop
      vertex -51.8073 -1.34953 14.5063
      vertex -51.8123 -1.21555 14.5198
      vertex -51.8123 -1.27838 14.3871
    endloop
  endfacet
  facet normal -0.962027 -0.132585 0.23859
    outer loop
      vertex -51.7249 -1.75328 14.5376
      vertex -51.6418 -1.89528 14.7937
      vertex -51.8073 -1.38603 14.4094
    endloop
  endfacet
  facet normal -0.917451 -0.389349 0.081801
    outer loop
      vertex -51.5336 -2.14775 14.8056
      vertex -51.6418 -1.89528 14.7937
      vertex -51.7249 -1.75328 14.5376
    endloop
  endfacet
  facet normal -0.998901 -0.0397866 0.0247591
    outer loop
      vertex -51.8073 -1.34953 14.5063
      vertex -51.8073 -1.29489 14.5941
      vertex -51.8123 -1.21555 14.5198
    endloop
  endfacet
  facet normal -0.99891 -0.0345659 0.0313817
    outer loop
      vertex -51.8073 -1.22415 14.6695
      vertex -51.8123 -1.11686 14.6285
      vertex -51.8123 -1.21555 14.5198
    endloop
  endfacet
  facet normal -0.998943 -0.033532 0.0314422
    outer loop
      vertex -51.8073 -1.29489 14.5941
      vertex -51.8073 -1.22415 14.6695
      vertex -51.8123 -1.21555 14.5198
    endloop
  endfacet
  facet normal -0.959018 -0.206694 0.193812
    outer loop
      vertex -51.6418 -1.61006 15.0769
      vertex -51.8073 -1.22415 14.6695
      vertex -51.8073 -1.29489 14.5941
    endloop
  endfacet
  facet normal -0.961181 -0.153699 0.229147
    outer loop
      vertex -51.6418 -1.7229 15.0012
      vertex -51.6418 -1.61006 15.0769
      vertex -51.8073 -1.29489 14.5941
    endloop
  endfacet
  facet normal -0.81926 -0.31942 0.476218
    outer loop
      vertex -51.0382 -2.22755 15.7011
      vertex -51.6418 -1.61006 15.0769
      vertex -51.6418 -1.7229 15.0012
    endloop
  endfacet
  facet normal -0.81329 -0.233742 0.532845
    outer loop
      vertex -51.0382 -2.39786 15.6264
      vertex -51.0382 -2.22755 15.7011
      vertex -51.6418 -1.7229 15.0012
    endloop
  endfacet
  facet normal -0.63016 -0.311919 0.711059
    outer loop
      vertex -50.1114 -2.80855 16.2676
      vertex -51.0382 -2.22755 15.7011
      vertex -51.0382 -2.39786 15.6264
    endloop
  endfacet
  facet normal -0.622625 -0.244527 0.743333
    outer loop
      vertex -50.1114 -3.02827 16.1953
      vertex -50.1114 -2.80855 16.2676
      vertex -51.0382 -2.39786 15.6264
    endloop
  endfacet
  facet normal -0.464249 -0.27677 0.841351
    outer loop
      vertex -48.6722 -3.58201 16.8073
      vertex -50.1114 -2.80855 16.2676
      vertex -50.1114 -3.02827 16.1953
    endloop
  endfacet
  facet normal -0.430501 -0.184548 0.883522
    outer loop
      vertex -48.6722 -3.58201 16.8073
      vertex -48.6722 -2.78144 16.9745
      vertex -50.1114 -2.80855 16.2676
    endloop
  endfacet
  facet normal -0.433349 -0.153152 0.888118
    outer loop
      vertex -48.6722 -2.78144 16.9745
      vertex -50.1114 -2.5792 16.3072
      vertex -50.1114 -2.80855 16.2676
    endloop
  endfacet
  facet normal -0.57831 -0.138637 0.803951
    outer loop
      vertex -50.1114 -2.80855 16.2676
      vertex -50.1114 -2.5792 16.3072
      vertex -51.0382 -2.22755 15.7011
    endloop
  endfacet
  facet normal -0.587469 -0.194553 0.785512
    outer loop
      vertex -50.1114 -2.5792 16.3072
      vertex -51.0382 -2.04578 15.7461
      vertex -51.0382 -2.22755 15.7011
    endloop
  endfacet
  facet normal -0.780815 -0.150201 0.606439
    outer loop
      vertex -51.0382 -2.22755 15.7011
      vertex -51.0382 -2.04578 15.7461
      vertex -51.6418 -1.61006 15.0769
    endloop
  endfacet
  facet normal -0.793166 -0.237299 0.560871
    outer loop
      vertex -51.0382 -2.04578 15.7461
      vertex -51.6418 -1.48455 15.13
      vertex -51.6418 -1.61006 15.0769
    endloop
  endfacet
  facet normal -0.953822 -0.11704 0.276632
    outer loop
      vertex -51.6418 -1.61006 15.0769
      vertex -51.6418 -1.48455 15.13
      vertex -51.8073 -1.22415 14.6695
    endloop
  endfacet
  facet normal -0.953896 -0.174721 0.244038
    outer loop
      vertex -51.6418 -1.48455 15.13
      vertex -51.8073 -1.13997 14.7298
      vertex -51.8073 -1.22415 14.6695
    endloop
  endfacet
  facet normal -0.99864 -0.0303461 0.0423852
    outer loop
      vertex -51.8073 -1.22415 14.6695
      vertex -51.8073 -1.13997 14.7298
      vertex -51.8123 -1.11686 14.6285
    endloop
  endfacet
  facet normal -0.47906 -0.508404 0.71556
    outer loop
      vertex -48.6722 -4.24871 16.3336
      vertex -48.6722 -3.58201 16.8073
      vertex -50.1114 -3.41946 15.9593
    endloop
  endfacet
  facet normal -0.478828 -0.509463 0.714962
    outer loop
      vertex -48.6722 -3.58201 16.8073
      vertex -50.1114 -3.2334 16.0919
      vertex -50.1114 -3.41946 15.9593
    endloop
  endfacet
  facet normal -0.689939 -0.420071 0.589512
    outer loop
      vertex -50.1114 -3.41946 15.9593
      vertex -50.1114 -3.2334 16.0919
      vertex -51.0382 -2.68493 15.398
    endloop
  endfacet
  facet normal -0.688911 -0.498943 0.525793
    outer loop
      vertex -50.1114 -3.2334 16.0919
      vertex -51.0382 -2.55177 15.5243
      vertex -51.0382 -2.68493 15.398
    endloop
  endfacet
  facet normal -0.851899 -0.36049 0.379888
    outer loop
      vertex -51.0382 -2.68493 15.398
      vertex -51.0382 -2.55177 15.5243
      vertex -51.6418 -1.89528 14.7937
    endloop
  endfacet
  facet normal -0.845004 -0.442097 0.300862
    outer loop
      vertex -51.0382 -2.55177 15.5243
      vertex -51.6418 -1.8191 14.9057
      vertex -51.6418 -1.89528 14.7937
    endloop
  endfacet
  facet normal -0.967889 -0.207819 0.141428
    outer loop
      vertex -51.6418 -1.89528 14.7937
      vertex -51.6418 -1.8191 14.9057
      vertex -51.8073 -1.38603 14.4094
    endloop
  endfacet
  facet normal -0.961648 -0.256666 0.0967215
    outer loop
      vertex -51.6418 -1.8191 14.9057
      vertex -51.8073 -1.34953 14.5063
      vertex -51.8073 -1.38603 14.4094
    endloop
  endfacet
  facet normal -0.998941 -0.043048 0.0162222
    outer loop
      vertex -51.8073 -1.38603 14.4094
      vertex -51.8073 -1.34953 14.5063
      vertex -51.8123 -1.27838 14.3871
    endloop
  endfacet
  facet normal -0.850052 -0.345705 0.397365
    outer loop
      vertex -51.5336 -2.14775 14.8056
      vertex -51.0382 -2.68493 15.398
      vertex -51.6418 -1.89528 14.7937
    endloop
  endfacet
  facet normal -0.845445 -0.429239 0.317769
    outer loop
      vertex -51.0382 -2.79359 15.2512
      vertex -51.0382 -2.68493 15.398
      vertex -51.5336 -2.14775 14.8056
    endloop
  endfacet
  facet normal -0.706159 -0.569078 0.421294
    outer loop
      vertex -50.1114 -3.41946 15.9593
      vertex -51.0382 -2.68493 15.398
      vertex -51.0382 -2.79359 15.2512
    endloop
  endfacet
  facet normal -0.713529 -0.489327 0.501434
    outer loop
      vertex -50.1114 -3.58242 15.8002
      vertex -50.1114 -3.41946 15.9593
      vertex -51.0382 -2.79359 15.2512
    endloop
  endfacet
  facet normal -0.507239 -0.601897 0.616789
    outer loop
      vertex -48.6722 -4.24871 16.3336
      vertex -50.1114 -3.41946 15.9593
      vertex -50.1114 -3.58242 15.8002
    endloop
  endfacet
  facet normal -0.952913 -0.234789 0.191912
    outer loop
      vertex -51.6418 -1.48455 15.13
      vertex -51.7249 -1.239 15.0178
      vertex -51.8073 -1.13997 14.7298
    endloop
  endfacet
  facet normal -0.959787 0.0163798 0.280252
    outer loop
      vertex -51.8073 -1.13997 14.7298
      vertex -51.7249 -1.239 15.0178
      vertex -51.8123 -0.990737 14.7039
    endloop
  endfacet
  facet normal -0.998721 -0.0259535 0.0433911
    outer loop
      vertex -51.8073 -1.13997 14.7298
      vertex -51.8123 -0.990737 14.7039
      vertex -51.8123 -1.11686 14.6285
    endloop
  endfacet
  facet normal -0.526695 -0.0213598 0.849786
    outer loop
      vertex -50.1114 -2.5792 16.3072
      vertex -50.1114 -2.34563 16.313
      vertex -51.0382 -2.04578 15.7461
    endloop
  endfacet
  facet normal -0.535281 -0.0618505 0.842407
    outer loop
      vertex -50.1114 -2.34563 16.313
      vertex -51.0382 -1.8581 15.7599
      vertex -51.0382 -2.04578 15.7461
    endloop
  endfacet
  facet normal -0.735671 -0.0495975 0.67552
    outer loop
      vertex -51.0382 -2.04578 15.7461
      vertex -51.0382 -1.8581 15.7599
      vertex -51.6418 -1.48455 15.13
    endloop
  endfacet
  facet normal -0.770682 -0.367702 0.520427
    outer loop
      vertex -51.0382 -1.8581 15.7599
      vertex -51.5336 -1.46764 15.3022
      vertex -51.6418 -1.48455 15.13
    endloop
  endfacet
  facet normal -0.844134 -0.0414075 0.534531
    outer loop
      vertex -51.6418 -1.48455 15.13
      vertex -51.5336 -1.46764 15.3022
      vertex -51.7249 -1.239 15.0178
    endloop
  endfacet
  facet normal -0.961429 -0.233527 0.145323
    outer loop
      vertex -51.6418 -1.7229 15.0012
      vertex -51.8073 -1.29489 14.5941
      vertex -51.8073 -1.34953 14.5063
    endloop
  endfacet
  facet normal -0.965569 -0.183301 0.184598
    outer loop
      vertex -51.6418 -1.8191 14.9057
      vertex -51.6418 -1.7229 15.0012
      vertex -51.8073 -1.34953 14.5063
    endloop
  endfacet
  facet normal -0.835898 -0.386749 0.389487
    outer loop
      vertex -51.0382 -2.39786 15.6264
      vertex -51.6418 -1.7229 15.0012
      vertex -51.6418 -1.8191 14.9057
    endloop
  endfacet
  facet normal -0.836251 -0.303046 0.456999
    outer loop
      vertex -51.0382 -2.55177 15.5243
      vertex -51.0382 -2.39786 15.6264
      vertex -51.6418 -1.8191 14.9057
    endloop
  endfacet
  facet normal -0.663786 -0.413342 0.623327
    outer loop
      vertex -50.1114 -3.02827 16.1953
      vertex -51.0382 -2.39786 15.6264
      vertex -51.0382 -2.55177 15.5243
    endloop
  endfacet
  facet normal -0.659759 -0.338461 0.670941
    outer loop
      vertex -50.1114 -3.2334 16.0919
      vertex -50.1114 -3.02827 16.1953
      vertex -51.0382 -2.55177 15.5243
    endloop
  endfacet
  facet normal -0.483894 -0.394152 0.781339
    outer loop
      vertex -48.6722 -3.58201 16.8073
      vertex -50.1114 -3.02827 16.1953
      vertex -50.1114 -3.2334 16.0919
    endloop
  endfacet
  facet normal -0.981913 -0.189333 0
    outer loop
      vertex -51.7249 -1.75328 14.5376
      vertex -51.8123 -1.3 14.2418
      vertex -51.8123 -1.3 14.0452
    endloop
  endfacet
  facet normal -0.922231 -0.351873 -0.160234
    outer loop
      vertex -51.5336 -2.25032 14.528
      vertex -51.7249 -1.75328 14.5376
      vertex -51.8123 -1.3 14.0452
    endloop
  endfacet
  facet normal -0.924192 -0.358244 0.132402
    outer loop
      vertex -51.5336 -2.25032 14.528
      vertex -51.5336 -2.14775 14.8056
      vertex -51.7249 -1.75328 14.5376
    endloop
  endfacet
  facet normal -0.837831 -0.512076 0.189256
    outer loop
      vertex -51.0382 -2.79359 15.2512
      vertex -51.5336 -2.14775 14.8056
      vertex -51.5336 -2.25032 14.528
    endloop
  endfacet
  facet normal -0.856269 -0.454755 0.24495
    outer loop
      vertex -51.0382 -2.96947 14.9247
      vertex -51.0382 -2.79359 15.2512
      vertex -51.5336 -2.25032 14.528
    endloop
  endfacet
  facet normal -0.717569 -0.613191 0.33029
    outer loop
      vertex -50.1114 -3.58242 15.8002
      vertex -51.0382 -2.79359 15.2512
      vertex -51.0382 -2.96947 14.9247
    endloop
  endfacet
  facet normal -0.735201 -0.55428 0.390197
    outer loop
      vertex -50.1114 -3.84803 15.4229
      vertex -50.1114 -3.58242 15.8002
      vertex -51.0382 -2.96947 14.9247
    endloop
  endfacet
  facet normal -0.50936 -0.703678 0.495369
    outer loop
      vertex -48.6722 -4.24871 16.3336
      vertex -50.1114 -3.58242 15.8002
      vertex -50.1114 -3.84803 15.4229
    endloop
  endfacet
  facet normal -0.558465 -0.497815 0.663549
    outer loop
      vertex -49.4223 -4.27669 15.6813
      vertex -48.6722 -4.24871 16.3336
      vertex -50.1114 -3.84803 15.4229
    endloop
  endfacet
  facet normal -0.423516 -0.742572 0.518865
    outer loop
      vertex -48.6722 -4.56218 15.885
      vertex -48.6722 -4.24871 16.3336
      vertex -49.4223 -4.27669 15.6813
    endloop
  endfacet
  facet normal -0.959585 -0.281419 0
    outer loop
      vertex -51.5336 -2.25032 14.528
      vertex -51.8123 -1.3 14.0452
      vertex -51.8123 -1.3 13.9717
    endloop
  endfacet
  facet normal -0.96817 -0.237255 0.0797363
    outer loop
      vertex -51.5336 -2.28585 14.4223
      vertex -51.5336 -2.25032 14.528
      vertex -51.8123 -1.3 13.9717
    endloop
  endfacet
  facet normal -0.852531 -0.495445 0.166509
    outer loop
      vertex -51.0382 -2.96947 14.9247
      vertex -51.5336 -2.25032 14.528
      vertex -51.5336 -2.28585 14.4223
    endloop
  endfacet
  facet normal -0.858163 -0.469832 0.206916
    outer loop
      vertex -51.0382 -3.02616 14.796
      vertex -51.0382 -2.96947 14.9247
      vertex -51.5336 -2.28585 14.4223
    endloop
  endfacet
  facet normal -0.735082 -0.620471 0.273258
    outer loop
      vertex -50.1114 -3.84803 15.4229
      vertex -51.0382 -2.96947 14.9247
      vertex -51.0382 -3.02616 14.796
    endloop
  endfacet
  facet normal -0.738558 -0.603343 0.300847
    outer loop
      vertex -50.1114 -3.92583 15.2669
      vertex -50.1114 -3.84803 15.4229
      vertex -51.0382 -3.02616 14.796
    endloop
  endfacet
  facet normal -0.586436 -0.724878 0.361448
    outer loop
      vertex -49.4223 -4.27669 15.6813
      vertex -50.1114 -3.84803 15.4229
      vertex -50.1114 -3.92583 15.2669
    endloop
  endfacet
  facet normal -0.585491 -0.727531 0.35763
    outer loop
      vertex -49.4223 -4.3612 15.5094
      vertex -49.4223 -4.27669 15.6813
      vertex -50.1114 -3.92583 15.2669
    endloop
  endfacet
  facet normal -0.41892 -0.814891 0.400573
    outer loop
      vertex -48.6722 -4.56218 15.885
      vertex -49.4223 -4.27669 15.6813
      vertex -49.4223 -4.3612 15.5094
    endloop
  endfacet
  facet normal -0.409813 -0.832417 0.373008
    outer loop
      vertex -48.6722 -4.64616 15.6976
      vertex -48.6722 -4.56218 15.885
      vertex -49.4223 -4.3612 15.5094
    endloop
  endfacet
  facet normal -0.372021 0.024772 -0.927894
    outer loop
      vertex -51.2889 -2.31542 12.21
      vertex -51.2889 -2.47724 12.2057
      vertex -51.6058 -1.84255 12.3497
    endloop
  endfacet
  facet normal -0.888268 -0.38759 -0.246482
    outer loop
      vertex -51.6058 -1.84255 12.3497
      vertex -51.2889 -2.47724 12.2057
      vertex -51.7419 -1.59944 12.4578
    endloop
  endfacet
  facet normal -0.477222 0.120213 -0.870522
    outer loop
      vertex -51.6058 -1.84255 12.3497
      vertex -51.7419 -1.59944 12.4578
      vertex -51.8003 -1.20432 12.5444
    endloop
  endfacet
  facet normal -0.964475 -0.184078 0.18948
    outer loop
      vertex -51.8003 -1.20432 12.5444
      vertex -51.7419 -1.59944 12.4578
      vertex -51.8123 -1.06911 12.6147
    endloop
  endfacet
  facet normal -0.990281 -0.0161112 -0.138146
    outer loop
      vertex -51.8123 -1 12.6066
      vertex -51.8003 -1.20432 12.5444
      vertex -51.8123 -1.06911 12.6147
    endloop
  endfacet
  facet normal -0.196552 0.0261669 -0.980144
    outer loop
      vertex -51.2889 -2.31542 12.21
      vertex -50.3731 -3.24369 12.0016
      vertex -51.2889 -2.47724 12.2057
    endloop
  endfacet
  facet normal -0.605963 -0.450623 -0.655552
    outer loop
      vertex -50.8843 -2.70104 12.1011
      vertex -50.3731 -3.24369 12.0016
      vertex -51.2889 -2.31542 12.21
    endloop
  endfacet
  facet normal -0.155075 0.0349584 -0.987284
    outer loop
      vertex -50.3731 -3.03273 12.009
      vertex -50.3731 -3.24369 12.0016
      vertex -50.8843 -2.70104 12.1011
    endloop
  endfacet
  facet normal -0.107016 0.0351833 -0.993635
    outer loop
      vertex -50.3731 -3.03273 12.009
      vertex -49.5662 -3.59261 11.9023
      vertex -50.3731 -3.24369 12.0016
    endloop
  endfacet
  facet normal -0.11396 0.0250868 -0.993169
    outer loop
      vertex -49.5662 -3.35906 11.9082
      vertex -49.5662 -3.59261 11.9023
      vertex -50.3731 -3.03273 12.009
    endloop
  endfacet
  facet normal -0.0847461 0.0251605 -0.996085
    outer loop
      vertex -49.5662 -3.35906 11.9082
      vertex -48.6722 -3.78144 11.8215
      vertex -49.5662 -3.59261 11.9023
    endloop
  endfacet
  facet normal -0.09656 -0 -0.995327
    outer loop
      vertex -48.6722 -3.53491 11.8215
      vertex -48.6722 -3.78144 11.8215
      vertex -49.5662 -3.35906 11.9082
    endloop
  endfacet
  facet normal -0.98189 -0 -0.18945
    outer loop
      vertex -51.8123 -0.811731 12.6066
      vertex -51.8003 -1.20432 12.5444
      vertex -51.8123 -1 12.6066
    endloop
  endfacet
  facet normal -0.96316 0.0131142 -0.268609
    outer loop
      vertex -51.8003 -0.977592 12.5555
      vertex -51.8003 -1.20432 12.5444
      vertex -51.8123 -0.811731 12.6066
    endloop
  endfacet
  facet normal -0.643251 0.0373369 -0.764744
    outer loop
      vertex -51.8003 -0.977592 12.5555
      vertex -51.6058 -1.84255 12.3497
      vertex -51.8003 -1.20432 12.5444
    endloop
  endfacet
  facet normal -0.498135 0.0931318 -0.862083
    outer loop
      vertex -51.6058 -1.49589 12.3871
      vertex -51.6058 -1.84255 12.3497
      vertex -51.8003 -0.977592 12.5555
    endloop
  endfacet
  facet normal -0.267797 0.103483 -0.957902
    outer loop
      vertex -51.6058 -1.49589 12.3871
      vertex -51.2889 -2.31542 12.21
      vertex -51.6058 -1.84255 12.3497
    endloop
  endfacet
  facet normal -0.266347 0.104116 -0.958237
    outer loop
      vertex -51.2889 -1.88019 12.2573
      vertex -51.2889 -2.31542 12.21
      vertex -51.6058 -1.49589 12.3871
    endloop
  endfacet
  facet normal -0.162491 0.106583 -0.980937
    outer loop
      vertex -51.2889 -1.88019 12.2573
      vertex -50.8843 -2.70104 12.1011
      vertex -51.2889 -2.31542 12.21
    endloop
  endfacet
  facet normal -0.192359 0.0911274 -0.977084
    outer loop
      vertex -50.8843 -2.19377 12.1484
      vertex -50.8843 -2.70104 12.1011
      vertex -51.2889 -1.88019 12.2573
    endloop
  endfacet
  facet normal -0.118183 0.0922108 -0.988701
    outer loop
      vertex -50.8843 -2.19377 12.1484
      vertex -50.3731 -3.03273 12.009
      vertex -50.8843 -2.70104 12.1011
    endloop
  endfacet
  facet normal -0.155958 0.0686406 -0.985376
    outer loop
      vertex -50.3731 -2.46353 12.0487
      vertex -50.3731 -3.03273 12.009
      vertex -50.8843 -2.19377 12.1484
    endloop
  endfacet
  facet normal -0.0961068 0.0691692 -0.992965
    outer loop
      vertex -50.3731 -2.46353 12.0487
      vertex -49.5662 -3.35906 11.9082
      vertex -50.3731 -3.03273 12.009
    endloop
  endfacet
  facet normal -0.134925 0.0337719 -0.99028
    outer loop
      vertex -49.5662 -2.72832 11.9297
      vertex -49.5662 -3.35906 11.9082
      vertex -50.3731 -2.46353 12.0487
    endloop
  endfacet
  facet normal -0.0898873 0.0339456 -0.995373
    outer loop
      vertex -49.5662 -2.72832 11.9297
      vertex -48.6722 -3.53491 11.8215
      vertex -49.5662 -3.35906 11.9082
    endloop
  endfacet
  facet normal -0.120196 -0 -0.99275
    outer loop
      vertex -48.6722 -2.8694 11.8215
      vertex -48.6722 -3.53491 11.8215
      vertex -49.5662 -2.72832 11.9297
    endloop
  endfacet
  facet normal -0.243038 0.104303 -0.964393
    outer loop
      vertex -51.2889 -0.0815449 12.4519
      vertex -50.3731 -0.257581 12.202
      vertex -51.2889 -0.122318 12.4474
    endloop
  endfacet
  facet normal -0.5192 0.0747531 -0.851377
    outer loop
      vertex -51.7419 -0.606825 12.5334
      vertex -51.7419 -0.8091 12.5156
      vertex -51.8003 -0.488795 12.5794
    endloop
  endfacet
  facet normal -0.319791 0.0464064 -0.946351
    outer loop
      vertex -51.8003 -0.0317993 12.6017
      vertex -51.7873 -0.0455971 12.5966
      vertex -51.8003 -0.0423985 12.6011
    endloop
  endfacet
  facet normal -0.291967 0.075237 -0.953465
    outer loop
      vertex -51.7419 -0.0394773 12.5832
      vertex -51.7873 -0.0455971 12.5966
      vertex -51.8003 -0.0317993 12.6017
    endloop
  endfacet
  facet normal -0.292845 0.0839338 -0.952469
    outer loop
      vertex -51.7419 -0.0394773 12.5832
      vertex -51.7419 -0.0526371 12.582
      vertex -51.7873 -0.0455971 12.5966
    endloop
  endfacet
  facet normal -0.276382 0.0843628 -0.957338
    outer loop
      vertex -51.7419 -0.0394773 12.5832
      vertex -51.6058 -0.0486584 12.5431
      vertex -51.7419 -0.0526371 12.582
    endloop
  endfacet
  facet normal -0.2754 0.0124742 -0.961249
    outer loop
      vertex -51.6058 -0.0486584 12.5431
      vertex -51.2889 -0.0815449 12.4519
      vertex -51.7419 -0.0526371 12.582
    endloop
  endfacet
  facet normal -0.963158 0.0131098 -0.268617
    outer loop
      vertex -51.8003 -0.351308 12.5861
      vertex -51.8003 -0.488795 12.5794
      vertex -51.8123 -0.811731 12.6066
    endloop
  endfacet
  facet normal -0.790447 -0.0223159 -0.612123
    outer loop
      vertex -51.8003 -0.488795 12.5794
      vertex -51.7419 -0.8091 12.5156
      vertex -51.8123 -0.811731 12.6066
    endloop
  endfacet
  facet normal -0.786111 0.129435 -0.604381
    outer loop
      vertex -51.7419 -0.8091 12.5156
      vertex -51.8003 -0.977592 12.5555
      vertex -51.8123 -0.811731 12.6066
    endloop
  endfacet
  facet normal -0.270307 0.102704 -0.957281
    outer loop
      vertex -51.6058 0 12.5483
      vertex -51.6058 -0.0243292 12.5457
      vertex -51.8123 0 12.6066
    endloop
  endfacet
  facet normal -0.273419 0.0795854 -0.958597
    outer loop
      vertex -51.6058 -0.0243292 12.5457
      vertex -51.7419 -0.0197382 12.5849
      vertex -51.8123 0 12.6066
    endloop
  endfacet
  facet normal -0.285243 0.0364906 -0.95776
    outer loop
      vertex -51.7419 -0.0197382 12.5849
      vertex -51.8003 -0.0158997 12.6024
      vertex -51.8123 0 12.6066
    endloop
  endfacet
  facet normal -0.272266 0.047154 -0.961066
    outer loop
      vertex -51.8003 -0.0158997 12.6024
      vertex -51.8003 -0.0317993 12.6017
      vertex -51.8123 0 12.6066
    endloop
  endfacet
  facet normal -0.27233 0.0471272 -0.961049
    outer loop
      vertex -51.8003 -0.0317993 12.6017
      vertex -51.8003 -0.0423985 12.6011
      vertex -51.8123 0 12.6066
    endloop
  endfacet
  facet normal -0.272202 0.0471679 -0.961083
    outer loop
      vertex -51.8003 -0.0423985 12.6011
      vertex -51.8003 -0.0635986 12.6001
      vertex -51.8123 0 12.6066
    endloop
  endfacet
  facet normal -0.274099 0.0467567 -0.960564
    outer loop
      vertex -51.8003 -0.0635986 12.6001
      vertex -51.8003 -0.102215 12.5982
      vertex -51.8123 0 12.6066
    endloop
  endfacet
  facet normal -0.273069 0.0469011 -0.96085
    outer loop
      vertex -51.8003 -0.102215 12.5982
      vertex -51.8003 -0.179447 12.5945
      vertex -51.8123 0 12.6066
    endloop
  endfacet
  facet normal -0.273538 0.0468609 -0.960719
    outer loop
      vertex -51.8003 -0.179447 12.5945
      vertex -51.8003 -0.282563 12.5894
      vertex -51.8123 0 12.6066
    endloop
  endfacet
  facet normal -0.271221 0.0469988 -0.961369
    outer loop
      vertex -51.8003 -0.282563 12.5894
      vertex -51.8003 -0.351308 12.5861
      vertex -51.8123 0 12.6066
    endloop
  endfacet
  facet normal -0.863641 -0 -0.504108
    outer loop
      vertex -51.8123 0 12.6066
      vertex -51.8003 -0.351308 12.5861
      vertex -51.8123 -0.811731 12.6066
    endloop
  endfacet
  facet normal -0.11483 0.0339728 -0.992804
    outer loop
      vertex -49.5662 -1.36416 11.9764
      vertex -48.6722 -2.8694 11.8215
      vertex -49.5662 -1.81888 11.9608
    endloop
  endfacet
  facet normal -0.169548 0.0337039 -0.984945
    outer loop
      vertex -49.5662 -1.36416 11.9764
      vertex -49.5662 -1.81888 11.9608
      vertex -50.3731 -1.64235 12.1058
    endloop
  endfacet
  facet normal -0.180832 0.0681989 -0.981147
    outer loop
      vertex -50.3731 -1.23176 12.1343
      vertex -49.5662 -1.36416 11.9764
      vertex -50.3731 -1.64235 12.1058
    endloop
  endfacet
  facet normal -0.180828 0.0682184 -0.981146
    outer loop
      vertex -50.3731 -0.885294 12.1584
      vertex -49.5662 -1.36416 11.9764
      vertex -50.3731 -1.23176 12.1343
    endloop
  endfacet
  facet normal -0.180844 0.0681913 -0.981145
    outer loop
      vertex -50.3731 -0.712059 12.1704
      vertex -49.5662 -1.36416 11.9764
      vertex -50.3731 -0.885294 12.1584
    endloop
  endfacet
  facet normal -0.180843 0.0681931 -0.981145
    outer loop
      vertex -50.3731 -0.452207 12.1885
      vertex -49.5662 -1.36416 11.9764
      vertex -50.3731 -0.712059 12.1704
    endloop
  endfacet
  facet normal -0.180775 0.0682548 -0.981153
    outer loop
      vertex -50.3731 -0.257581 12.202
      vertex -49.5662 -1.36416 11.9764
      vertex -50.3731 -0.452207 12.1885
    endloop
  endfacet
  facet normal -0.170733 -0 -0.985317
    outer loop
      vertex -48.6722 0 11.8215
      vertex -48.6722 -2.8694 11.8215
      vertex -49.5662 -1.36416 11.9764
    endloop
  endfacet
  facet normal -0.223357 0.0357629 -0.97408
    outer loop
      vertex -48.6722 0 11.8215
      vertex -49.5662 -1.36416 11.9764
      vertex -50.3731 -0.257581 12.202
    endloop
  endfacet
  facet normal -0.236034 0.137333 -0.961992
    outer loop
      vertex -48.6722 0 11.8215
      vertex -50.3731 -0.257581 12.202
      vertex -51.2889 -0.0815449 12.4519
    endloop
  endfacet
  facet normal -0.234268 0.245437 -0.94068
    outer loop
      vertex -48.6722 0 11.8215
      vertex -51.2889 -0.0815449 12.4519
      vertex -51.6058 -0.0243292 12.5457
    endloop
  endfacet
  facet normal -0.239202 0.103578 -0.965429
    outer loop
      vertex -51.6058 0 12.5483
      vertex -48.6722 0 11.8215
      vertex -51.6058 -0.0243292 12.5457
    endloop
  endfacet
  facet normal -0.613793 0.0259994 -0.789039
    outer loop
      vertex -51.7419 -0.8091 12.5156
      vertex -51.6058 -1.49589 12.3871
      vertex -51.8003 -0.977592 12.5555
    endloop
  endfacet
  facet normal -0.369788 0.0995602 -0.923766
    outer loop
      vertex -51.6058 -0.99726 12.4409
      vertex -51.6058 -1.49589 12.3871
      vertex -51.7419 -0.8091 12.5156
    endloop
  endfacet
  facet normal -0.267318 0.103256 -0.95806
    outer loop
      vertex -51.6058 -0.99726 12.4409
      vertex -51.2889 -1.88019 12.2573
      vertex -51.6058 -1.49589 12.3871
    endloop
  endfacet
  facet normal -0.266302 0.10367 -0.958298
    outer loop
      vertex -51.2889 -1.25346 12.3251
      vertex -51.2889 -1.88019 12.2573
      vertex -51.6058 -0.99726 12.4409
    endloop
  endfacet
  facet normal -0.181185 0.105774 -0.977744
    outer loop
      vertex -51.2889 -1.25346 12.3251
      vertex -50.8843 -2.19377 12.1484
      vertex -51.2889 -1.88019 12.2573
    endloop
  endfacet
  facet normal -0.214937 0.0902558 -0.972448
    outer loop
      vertex -50.8843 -1.46251 12.2162
      vertex -50.8843 -2.19377 12.1484
      vertex -51.2889 -1.25346 12.3251
    endloop
  endfacet
  facet normal -0.143916 0.0914537 -0.985355
    outer loop
      vertex -50.8843 -1.46251 12.2162
      vertex -50.3731 -2.46353 12.0487
      vertex -50.8843 -2.19377 12.1484
    endloop
  endfacet
  facet normal -0.18782 0.068109 -0.979839
    outer loop
      vertex -50.3731 -1.64235 12.1058
      vertex -50.3731 -2.46353 12.0487
      vertex -50.8843 -1.46251 12.2162
    endloop
  endfacet
  facet normal -0.12338 0.0688133 -0.989971
    outer loop
      vertex -50.3731 -1.64235 12.1058
      vertex -49.5662 -2.72832 11.9297
      vertex -50.3731 -2.46353 12.0487
    endloop
  endfacet
  facet normal -0.169551 0.0336926 -0.984945
    outer loop
      vertex -49.5662 -1.81888 11.9608
      vertex -49.5662 -2.72832 11.9297
      vertex -50.3731 -1.64235 12.1058
    endloop
  endfacet
  facet normal -0.114843 0.0339614 -0.992803
    outer loop
      vertex -49.5662 -1.81888 11.9608
      vertex -48.6722 -2.8694 11.8215
      vertex -49.5662 -2.72832 11.9297
    endloop
  endfacet
  facet normal -0.392138 0.0804606 -0.916381
    outer loop
      vertex -51.7419 -0.606825 12.5334
      vertex -51.6058 -0.99726 12.4409
      vertex -51.7419 -0.8091 12.5156
    endloop
  endfacet
  facet normal -0.345863 0.100502 -0.932887
    outer loop
      vertex -51.6058 -0.747945 12.4677
      vertex -51.6058 -0.99726 12.4409
      vertex -51.7419 -0.606825 12.5334
    endloop
  endfacet
  facet normal -0.266638 0.103235 -0.958252
    outer loop
      vertex -51.6058 -0.747945 12.4677
      vertex -51.2889 -1.25346 12.3251
      vertex -51.6058 -0.99726 12.4409
    endloop
  endfacet
  facet normal -0.265992 0.103677 -0.958384
    outer loop
      vertex -51.2889 -0.940092 12.359
      vertex -51.2889 -1.25346 12.3251
      vertex -51.6058 -0.747945 12.4677
    endloop
  endfacet
  facet normal -0.207252 0.105216 -0.972613
    outer loop
      vertex -51.2889 -0.940092 12.359
      vertex -50.8843 -1.46251 12.2162
      vertex -51.2889 -1.25346 12.3251
    endloop
  endfacet
  facet normal -0.204479 0.107457 -0.972955
    outer loop
      vertex -50.3731 -1.23176 12.1343
      vertex -50.8843 -1.46251 12.2162
      vertex -51.2889 -0.940092 12.359
    endloop
  endfacet
  facet normal -0.187821 0.068108 -0.979839
    outer loop
      vertex -50.3731 -1.23176 12.1343
      vertex -50.3731 -1.64235 12.1058
      vertex -50.8843 -1.46251 12.2162
    endloop
  endfacet
  facet normal -0.566713 0.0401633 -0.822936
    outer loop
      vertex -51.8003 -0.351308 12.5861
      vertex -51.7419 -0.606825 12.5334
      vertex -51.8003 -0.488795 12.5794
    endloop
  endfacet
  facet normal -0.458701 0.0776881 -0.885188
    outer loop
      vertex -51.7419 -0.436137 12.5484
      vertex -51.7419 -0.606825 12.5334
      vertex -51.8003 -0.351308 12.5861
    endloop
  endfacet
  facet normal -0.363306 0.0814544 -0.928102
    outer loop
      vertex -51.7419 -0.436137 12.5484
      vertex -51.6058 -0.747945 12.4677
      vertex -51.7419 -0.606825 12.5334
    endloop
  endfacet
  facet normal -0.324994 0.101324 -0.940272
    outer loop
      vertex -51.6058 -0.537563 12.4904
      vertex -51.6058 -0.747945 12.4677
      vertex -51.7419 -0.436137 12.5484
    endloop
  endfacet
  facet normal -0.266229 0.103273 -0.958362
    outer loop
      vertex -51.6058 -0.537563 12.4904
      vertex -51.2889 -0.940092 12.359
      vertex -51.6058 -0.747945 12.4677
    endloop
  endfacet
  facet normal -0.265723 0.103702 -0.958456
    outer loop
      vertex -51.2889 -0.675664 12.3876
      vertex -51.2889 -0.940092 12.359
      vertex -51.6058 -0.537563 12.4904
    endloop
  endfacet
  facet normal -0.205194 0.10528 -0.973043
    outer loop
      vertex -51.2889 -0.675664 12.3876
      vertex -50.3731 -1.23176 12.1343
      vertex -51.2889 -0.940092 12.359
    endloop
  endfacet
  facet normal -0.227655 0.0675405 -0.971397
    outer loop
      vertex -50.3731 -0.885294 12.1584
      vertex -50.3731 -1.23176 12.1343
      vertex -51.2889 -0.675664 12.3876
    endloop
  endfacet
  facet normal -0.232792 0.0674297 -0.970186
    outer loop
      vertex -50.3731 -0.712059 12.1704
      vertex -50.3731 -0.885294 12.1584
      vertex -51.2889 -0.543449 12.4019
    endloop
  endfacet
  facet normal -0.218776 0.104928 -0.970117
    outer loop
      vertex -51.2889 -0.543449 12.4019
      vertex -50.3731 -0.885294 12.1584
      vertex -51.2889 -0.675664 12.3876
    endloop
  endfacet
  facet normal -0.265634 0.10367 -0.958484
    outer loop
      vertex -51.2889 -0.543449 12.4019
      vertex -51.2889 -0.675664 12.3876
      vertex -51.6058 -0.432373 12.5017
    endloop
  endfacet
  facet normal -0.265885 0.103327 -0.958451
    outer loop
      vertex -51.6058 -0.432373 12.5017
      vertex -51.2889 -0.675664 12.3876
      vertex -51.6058 -0.537563 12.4904
    endloop
  endfacet
  facet normal -0.314329 0.101752 -0.943845
    outer loop
      vertex -51.6058 -0.432373 12.5017
      vertex -51.6058 -0.537563 12.4904
      vertex -51.7419 -0.350794 12.5558
    endloop
  endfacet
  facet normal -0.338026 0.0822722 -0.937534
    outer loop
      vertex -51.7419 -0.350794 12.5558
      vertex -51.6058 -0.537563 12.4904
      vertex -51.7419 -0.436137 12.5484
    endloop
  endfacet
  facet normal -0.40357 0.0799829 -0.911446
    outer loop
      vertex -51.7419 -0.350794 12.5558
      vertex -51.7419 -0.436137 12.5484
      vertex -51.7873 -0.303877 12.5801
    endloop
  endfacet
  facet normal -0.50996 0.0310402 -0.859638
    outer loop
      vertex -51.7873 -0.303877 12.5801
      vertex -51.7419 -0.436137 12.5484
      vertex -51.8003 -0.351308 12.5861
    endloop
  endfacet
  facet normal -0.538507 0.0411444 -0.841616
    outer loop
      vertex -51.8003 -0.282563 12.5894
      vertex -51.7873 -0.303877 12.5801
      vertex -51.8003 -0.351308 12.5861
    endloop
  endfacet
  facet normal -0.538617 0.0410482 -0.84155
    outer loop
      vertex -51.8003 -0.179447 12.5945
      vertex -51.7873 -0.303877 12.5801
      vertex -51.8003 -0.282563 12.5894
    endloop
  endfacet
  facet normal -0.442234 0.0573075 -0.895067
    outer loop
      vertex -51.7873 -0.192983 12.5872
      vertex -51.7873 -0.303877 12.5801
      vertex -51.8003 -0.179447 12.5945
    endloop
  endfacet
  facet normal -0.422646 0.0579078 -0.904443
    outer loop
      vertex -51.7873 -0.192983 12.5872
      vertex -51.7419 -0.350794 12.5558
      vertex -51.7873 -0.303877 12.5801
    endloop
  endfacet
  facet normal -0.357814 0.0816746 -0.930214
    outer loop
      vertex -51.7419 -0.222778 12.5671
      vertex -51.7419 -0.350794 12.5558
      vertex -51.7873 -0.192983 12.5872
    endloop
  endfacet
  facet normal -0.325036 0.0827162 -0.942077
    outer loop
      vertex -51.7419 -0.222778 12.5671
      vertex -51.6058 -0.432373 12.5017
      vertex -51.7419 -0.350794 12.5558
    endloop
  endfacet
  facet normal -0.298196 0.102305 -0.949006
    outer loop
      vertex -51.6058 -0.274587 12.5187
      vertex -51.6058 -0.432373 12.5017
      vertex -51.7419 -0.222778 12.5671
    endloop
  endfacet
  facet normal -0.265755 0.103327 -0.958487
    outer loop
      vertex -51.6058 -0.274587 12.5187
      vertex -51.2889 -0.543449 12.4019
      vertex -51.6058 -0.432373 12.5017
    endloop
  endfacet
  facet normal -0.265439 0.103719 -0.958532
    outer loop
      vertex -51.2889 -0.345128 12.4233
      vertex -51.2889 -0.543449 12.4019
      vertex -51.6058 -0.274587 12.5187
    endloop
  endfacet
  facet normal -0.225506 0.104807 -0.968588
    outer loop
      vertex -51.2889 -0.345128 12.4233
      vertex -50.3731 -0.712059 12.1704
      vertex -51.2889 -0.543449 12.4019
    endloop
  endfacet
  facet normal -0.24046 0.067302 -0.968323
    outer loop
      vertex -50.3731 -0.452207 12.1885
      vertex -50.3731 -0.712059 12.1704
      vertex -51.2889 -0.345128 12.4233
    endloop
  endfacet
  facet normal -0.45384 0.0434439 -0.890024
    outer loop
      vertex -51.8003 -0.102215 12.5982
      vertex -51.7873 -0.192983 12.5872
      vertex -51.8003 -0.179447 12.5945
    endloop
  endfacet
  facet normal -0.374212 0.0591658 -0.925454
    outer loop
      vertex -51.7873 -0.109924 12.5925
      vertex -51.7873 -0.192983 12.5872
      vertex -51.8003 -0.102215 12.5982
    endloop
  endfacet
  facet normal -0.370996 0.0592482 -0.926742
    outer loop
      vertex -51.7873 -0.109924 12.5925
      vertex -51.7419 -0.222778 12.5671
      vertex -51.7873 -0.192983 12.5872
    endloop
  endfacet
  facet normal -0.321603 0.0828326 -0.943245
    outer loop
      vertex -51.7419 -0.126897 12.5755
      vertex -51.7419 -0.222778 12.5671
      vertex -51.7873 -0.109924 12.5925
    endloop
  endfacet
  facet normal -0.305289 0.0833037 -0.948609
    outer loop
      vertex -51.7419 -0.126897 12.5755
      vertex -51.6058 -0.274587 12.5187
      vertex -51.7419 -0.222778 12.5671
    endloop
  endfacet
  facet normal -0.286036 0.102621 -0.952708
    outer loop
      vertex -51.6058 -0.156407 12.5315
      vertex -51.6058 -0.274587 12.5187
      vertex -51.7419 -0.126897 12.5755
    endloop
  endfacet
  facet normal -0.26555 0.10325 -0.958552
    outer loop
      vertex -51.6058 -0.156407 12.5315
      vertex -51.2889 -0.345128 12.4233
      vertex -51.6058 -0.274587 12.5187
    endloop
  endfacet
  facet normal -0.265325 0.103639 -0.958573
    outer loop
      vertex -51.2889 -0.196589 12.4394
      vertex -51.2889 -0.345128 12.4233
      vertex -51.6058 -0.156407 12.5315
    endloop
  endfacet
  facet normal -0.235577 0.104467 -0.966225
    outer loop
      vertex -51.2889 -0.196589 12.4394
      vertex -50.3731 -0.452207 12.1885
      vertex -51.2889 -0.345128 12.4233
    endloop
  endfacet
  facet normal -0.246145 0.067263 -0.966896
    outer loop
      vertex -50.3731 -0.257581 12.202
      vertex -50.3731 -0.452207 12.1885
      vertex -51.2889 -0.196589 12.4394
    endloop
  endfacet
  facet normal -0.381658 0.0449385 -0.923211
    outer loop
      vertex -51.8003 -0.0635986 12.6001
      vertex -51.7873 -0.109924 12.5925
      vertex -51.8003 -0.102215 12.5982
    endloop
  endfacet
  facet normal -0.336211 0.0604319 -0.939846
    outer loop
      vertex -51.7873 -0.0683956 12.5951
      vertex -51.7873 -0.109924 12.5925
      vertex -51.8003 -0.0635986 12.6001
    endloop
  endfacet
  facet normal -0.32953 0.0605833 -0.9422
    outer loop
      vertex -51.7873 -0.0683956 12.5951
      vertex -51.7419 -0.126897 12.5755
      vertex -51.7873 -0.109924 12.5925
    endloop
  endfacet
  facet normal -0.303474 0.0831569 -0.949204
    outer loop
      vertex -51.7419 -0.0789557 12.5797
      vertex -51.7419 -0.126897 12.5755
      vertex -51.7873 -0.0683956 12.5951
    endloop
  endfacet
  facet normal -0.29036 0.0835127 -0.953266
    outer loop
      vertex -51.7419 -0.0789557 12.5797
      vertex -51.6058 -0.156407 12.5315
      vertex -51.7419 -0.126897 12.5755
    endloop
  endfacet
  facet normal -0.279772 0.102908 -0.954535
    outer loop
      vertex -51.6058 -0.0973167 12.5378
      vertex -51.6058 -0.156407 12.5315
      vertex -51.7419 -0.0789557 12.5797
    endloop
  endfacet
  facet normal -0.265368 0.103346 -0.958593
    outer loop
      vertex -51.6058 -0.0973167 12.5378
      vertex -51.2889 -0.196589 12.4394
      vertex -51.6058 -0.156407 12.5315
    endloop
  endfacet
  facet normal -0.26523 0.103775 -0.958584
    outer loop
      vertex -51.2889 -0.122318 12.4474
      vertex -51.2889 -0.196589 12.4394
      vertex -51.6058 -0.0973167 12.5378
    endloop
  endfacet
  facet normal -0.243021 0.104404 -0.964386
    outer loop
      vertex -51.2889 -0.122318 12.4474
      vertex -50.3731 -0.257581 12.202
      vertex -51.2889 -0.196589 12.4394
    endloop
  endfacet
  facet normal -0.34114 0.0460783 -0.938883
    outer loop
      vertex -51.8003 -0.0423985 12.6011
      vertex -51.7873 -0.0683956 12.5951
      vertex -51.8003 -0.0635986 12.6001
    endloop
  endfacet
  facet normal -0.316513 0.0601919 -0.946676
    outer loop
      vertex -51.7873 -0.0455971 12.5966
      vertex -51.7873 -0.0683956 12.5951
      vertex -51.8003 -0.0423985 12.6011
    endloop
  endfacet
  facet normal -0.308781 0.0603534 -0.949216
    outer loop
      vertex -51.7873 -0.0455971 12.5966
      vertex -51.7419 -0.0789557 12.5797
      vertex -51.7873 -0.0683956 12.5951
    endloop
  endfacet
  facet normal -0.292896 0.0836272 -0.95248
    outer loop
      vertex -51.7419 -0.0526371 12.582
      vertex -51.7419 -0.0789557 12.5797
      vertex -51.7873 -0.0455971 12.5966
    endloop
  endfacet
  facet normal -0.282648 0.0838965 -0.955548
    outer loop
      vertex -51.7419 -0.0526371 12.582
      vertex -51.6058 -0.0973167 12.5378
      vertex -51.7419 -0.0789557 12.5797
    endloop
  endfacet
  facet normal -0.2657 0.134598 -0.954614
    outer loop
      vertex -51.2889 -0.0815449 12.4519
      vertex -51.6058 -0.0973167 12.5378
      vertex -51.7419 -0.0526371 12.582
    endloop
  endfacet
  facet normal -0.265241 0.103675 -0.958592
    outer loop
      vertex -51.2889 -0.0815449 12.4519
      vertex -51.2889 -0.122318 12.4474
      vertex -51.6058 -0.0973167 12.5378
    endloop
  endfacet
  facet normal -0.295896 0.0468109 -0.954072
    outer loop
      vertex -51.8003 -0.0158997 12.6024
      vertex -51.7419 -0.0394773 12.5832
      vertex -51.8003 -0.0317993 12.6017
    endloop
  endfacet
  facet normal -0.281569 0.0837743 -0.955877
    outer loop
      vertex -51.7419 -0.0197382 12.5849
      vertex -51.7419 -0.0394773 12.5832
      vertex -51.8003 -0.0158997 12.6024
    endloop
  endfacet
  facet normal -0.276422 0.0839049 -0.957367
    outer loop
      vertex -51.7419 -0.0197382 12.5849
      vertex -51.6058 -0.0486584 12.5431
      vertex -51.7419 -0.0394773 12.5832
    endloop
  endfacet
  facet normal -0.272069 0.103429 -0.956703
    outer loop
      vertex -51.6058 -0.0243292 12.5457
      vertex -51.6058 -0.0486584 12.5431
      vertex -51.7419 -0.0197382 12.5849
    endloop
  endfacet
  facet normal -0.265181 0.103636 -0.958613
    outer loop
      vertex -51.6058 -0.0243292 12.5457
      vertex -51.2889 -0.0815449 12.4519
      vertex -51.6058 -0.0486584 12.5431
    endloop
  endfacet
  facet normal -0.243038 -0.104303 -0.964393
    outer loop
      vertex -51.2889 0.122318 12.4474
      vertex -50.3731 0.257581 12.202
      vertex -51.2889 0.0815449 12.4519
    endloop
  endfacet
  facet normal -0.5192 -0.0747531 -0.851377
    outer loop
      vertex -51.7419 0.8091 12.5156
      vertex -51.7419 0.606825 12.5334
      vertex -51.8003 0.488795 12.5794
    endloop
  endfacet
  facet normal -0.319791 -0.0464064 -0.946351
    outer loop
      vertex -51.8003 0.0423985 12.6011
      vertex -51.7873 0.0455971 12.5966
      vertex -51.8003 0.0317993 12.6017
    endloop
  endfacet
  facet normal -0.291967 -0.075237 -0.953465
    outer loop
      vertex -51.7873 0.0455971 12.5966
      vertex -51.7419 0.0394773 12.5832
      vertex -51.8003 0.0317993 12.6017
    endloop
  endfacet
  facet normal -0.292845 -0.0839338 -0.952469
    outer loop
      vertex -51.7419 0.0526371 12.582
      vertex -51.7419 0.0394773 12.5832
      vertex -51.7873 0.0455971 12.5966
    endloop
  endfacet
  facet normal -0.276382 -0.0843628 -0.957338
    outer loop
      vertex -51.7419 0.0526371 12.582
      vertex -51.6058 0.0486584 12.5431
      vertex -51.7419 0.0394773 12.5832
    endloop
  endfacet
  facet normal -0.2754 -0.0124742 -0.961249
    outer loop
      vertex -51.2889 0.0815449 12.4519
      vertex -51.6058 0.0486584 12.5431
      vertex -51.7419 0.0526371 12.582
    endloop
  endfacet
  facet normal -0.786111 -0.129435 -0.604381
    outer loop
      vertex -51.8003 0.977592 12.5555
      vertex -51.7419 0.8091 12.5156
      vertex -51.8123 0.811731 12.6066
    endloop
  endfacet
  facet normal -0.790447 0.0223159 -0.612123
    outer loop
      vertex -51.7419 0.8091 12.5156
      vertex -51.8003 0.488795 12.5794
      vertex -51.8123 0.811731 12.6066
    endloop
  endfacet
  facet normal -0.963158 -0.0131098 -0.268617
    outer loop
      vertex -51.8003 0.488795 12.5794
      vertex -51.8003 0.351308 12.5861
      vertex -51.8123 0.811731 12.6066
    endloop
  endfacet
  facet normal -0.863641 -0 -0.504108
    outer loop
      vertex -51.8123 0.811731 12.6066
      vertex -51.8003 0.351308 12.5861
      vertex -51.8123 0 12.6066
    endloop
  endfacet
  facet normal -0.271221 -0.0469988 -0.961369
    outer loop
      vertex -51.8003 0.351308 12.5861
      vertex -51.8003 0.282563 12.5894
      vertex -51.8123 0 12.6066
    endloop
  endfacet
  facet normal -0.273538 -0.0468609 -0.960719
    outer loop
      vertex -51.8003 0.282563 12.5894
      vertex -51.8003 0.179447 12.5945
      vertex -51.8123 0 12.6066
    endloop
  endfacet
  facet normal -0.273069 -0.0469011 -0.96085
    outer loop
      vertex -51.8003 0.179447 12.5945
      vertex -51.8003 0.102215 12.5982
      vertex -51.8123 0 12.6066
    endloop
  endfacet
  facet normal -0.274099 -0.0467567 -0.960564
    outer loop
      vertex -51.8003 0.102215 12.5982
      vertex -51.8003 0.0635986 12.6001
      vertex -51.8123 0 12.6066
    endloop
  endfacet
  facet normal -0.272202 -0.0471679 -0.961083
    outer loop
      vertex -51.8003 0.0635986 12.6001
      vertex -51.8003 0.0423985 12.6011
      vertex -51.8123 0 12.6066
    endloop
  endfacet
  facet normal -0.27233 -0.0471272 -0.961049
    outer loop
      vertex -51.8003 0.0423985 12.6011
      vertex -51.8003 0.0317993 12.6017
      vertex -51.8123 0 12.6066
    endloop
  endfacet
  facet normal -0.272266 -0.047154 -0.961066
    outer loop
      vertex -51.8003 0.0317993 12.6017
      vertex -51.8003 0.0158997 12.6024
      vertex -51.8123 0 12.6066
    endloop
  endfacet
  facet normal -0.285243 -0.0364906 -0.95776
    outer loop
      vertex -51.8003 0.0158997 12.6024
      vertex -51.7419 0.0197382 12.5849
      vertex -51.8123 0 12.6066
    endloop
  endfacet
  facet normal -0.273419 -0.0795854 -0.958597
    outer loop
      vertex -51.7419 0.0197382 12.5849
      vertex -51.6058 0.0243292 12.5457
      vertex -51.8123 0 12.6066
    endloop
  endfacet
  facet normal -0.270307 -0.102704 -0.957281
    outer loop
      vertex -51.6058 0.0243292 12.5457
      vertex -51.6058 0 12.5483
      vertex -51.8123 0 12.6066
    endloop
  endfacet
  facet normal -0.180775 -0.0682548 -0.981153
    outer loop
      vertex -50.3731 0.452207 12.1885
      vertex -49.5662 1.36416 11.9764
      vertex -50.3731 0.257581 12.202
    endloop
  endfacet
  facet normal -0.180843 -0.0681931 -0.981145
    outer loop
      vertex -50.3731 0.712059 12.1704
      vertex -49.5662 1.36416 11.9764
      vertex -50.3731 0.452207 12.1885
    endloop
  endfacet
  facet normal -0.180844 -0.0681913 -0.981145
    outer loop
      vertex -50.3731 0.885294 12.1584
      vertex -49.5662 1.36416 11.9764
      vertex -50.3731 0.712059 12.1704
    endloop
  endfacet
  facet normal -0.180828 -0.0682184 -0.981146
    outer loop
      vertex -50.3731 1.23176 12.1343
      vertex -49.5662 1.36416 11.9764
      vertex -50.3731 0.885294 12.1584
    endloop
  endfacet
  facet normal -0.180832 -0.0681989 -0.981147
    outer loop
      vertex -50.3731 1.64235 12.1058
      vertex -49.5662 1.36416 11.9764
      vertex -50.3731 1.23176 12.1343
    endloop
  endfacet
  facet normal -0.169548 -0.0337039 -0.984945
    outer loop
      vertex -49.5662 1.81888 11.9608
      vertex -49.5662 1.36416 11.9764
      vertex -50.3731 1.64235 12.1058
    endloop
  endfacet
  facet normal -0.11483 -0.0339728 -0.992804
    outer loop
      vertex -49.5662 1.81888 11.9608
      vertex -48.6722 2.8694 11.8215
      vertex -49.5662 1.36416 11.9764
    endloop
  endfacet
  facet normal -0.239202 -0.103578 -0.965429
    outer loop
      vertex -51.6058 0.0243292 12.5457
      vertex -48.6722 0 11.8215
      vertex -51.6058 0 12.5483
    endloop
  endfacet
  facet normal -0.234268 -0.245437 -0.94068
    outer loop
      vertex -51.2889 0.0815449 12.4519
      vertex -48.6722 0 11.8215
      vertex -51.6058 0.0243292 12.5457
    endloop
  endfacet
  facet normal -0.236034 -0.137333 -0.961992
    outer loop
      vertex -50.3731 0.257581 12.202
      vertex -48.6722 0 11.8215
      vertex -51.2889 0.0815449 12.4519
    endloop
  endfacet
  facet normal -0.223357 -0.0357629 -0.97408
    outer loop
      vertex -49.5662 1.36416 11.9764
      vertex -48.6722 0 11.8215
      vertex -50.3731 0.257581 12.202
    endloop
  endfacet
  facet normal -0.170733 -0 -0.985317
    outer loop
      vertex -48.6722 2.8694 11.8215
      vertex -48.6722 0 11.8215
      vertex -49.5662 1.36416 11.9764
    endloop
  endfacet
  facet normal -0.114843 -0.0339614 -0.992803
    outer loop
      vertex -49.5662 2.72832 11.9297
      vertex -48.6722 2.8694 11.8215
      vertex -49.5662 1.81888 11.9608
    endloop
  endfacet
  facet normal -0.169551 -0.0336926 -0.984945
    outer loop
      vertex -49.5662 2.72832 11.9297
      vertex -49.5662 1.81888 11.9608
      vertex -50.3731 1.64235 12.1058
    endloop
  endfacet
  facet normal -0.12338 -0.0688133 -0.989971
    outer loop
      vertex -50.3731 2.46353 12.0487
      vertex -49.5662 2.72832 11.9297
      vertex -50.3731 1.64235 12.1058
    endloop
  endfacet
  facet normal -0.18782 -0.068109 -0.979839
    outer loop
      vertex -50.3731 2.46353 12.0487
      vertex -50.3731 1.64235 12.1058
      vertex -50.8843 1.46251 12.2162
    endloop
  endfacet
  facet normal -0.143916 -0.0914537 -0.985355
    outer loop
      vertex -50.8843 2.19377 12.1484
      vertex -50.3731 2.46353 12.0487
      vertex -50.8843 1.46251 12.2162
    endloop
  endfacet
  facet normal -0.214937 -0.0902558 -0.972448
    outer loop
      vertex -50.8843 2.19377 12.1484
      vertex -50.8843 1.46251 12.2162
      vertex -51.2889 1.25346 12.3251
    endloop
  endfacet
  facet normal -0.181185 -0.105774 -0.977744
    outer loop
      vertex -51.2889 1.88019 12.2573
      vertex -50.8843 2.19377 12.1484
      vertex -51.2889 1.25346 12.3251
    endloop
  endfacet
  facet normal -0.266302 -0.10367 -0.958298
    outer loop
      vertex -51.2889 1.88019 12.2573
      vertex -51.2889 1.25346 12.3251
      vertex -51.6058 0.99726 12.4409
    endloop
  endfacet
  facet normal -0.267318 -0.103256 -0.95806
    outer loop
      vertex -51.6058 1.49589 12.3871
      vertex -51.2889 1.88019 12.2573
      vertex -51.6058 0.99726 12.4409
    endloop
  endfacet
  facet normal -0.369788 -0.0995602 -0.923766
    outer loop
      vertex -51.6058 1.49589 12.3871
      vertex -51.6058 0.99726 12.4409
      vertex -51.7419 0.8091 12.5156
    endloop
  endfacet
  facet normal -0.613793 -0.0259994 -0.789039
    outer loop
      vertex -51.6058 1.49589 12.3871
      vertex -51.7419 0.8091 12.5156
      vertex -51.8003 0.977592 12.5555
    endloop
  endfacet
  facet normal -0.187821 -0.068108 -0.979839
    outer loop
      vertex -50.3731 1.64235 12.1058
      vertex -50.3731 1.23176 12.1343
      vertex -50.8843 1.46251 12.2162
    endloop
  endfacet
  facet normal -0.204479 -0.107457 -0.972955
    outer loop
      vertex -50.8843 1.46251 12.2162
      vertex -50.3731 1.23176 12.1343
      vertex -51.2889 0.940092 12.359
    endloop
  endfacet
  facet normal -0.207252 -0.105216 -0.972613
    outer loop
      vertex -51.2889 1.25346 12.3251
      vertex -50.8843 1.46251 12.2162
      vertex -51.2889 0.940092 12.359
    endloop
  endfacet
  facet normal -0.265992 -0.103677 -0.958384
    outer loop
      vertex -51.2889 1.25346 12.3251
      vertex -51.2889 0.940092 12.359
      vertex -51.6058 0.747945 12.4677
    endloop
  endfacet
  facet normal -0.266638 -0.103235 -0.958252
    outer loop
      vertex -51.6058 0.99726 12.4409
      vertex -51.2889 1.25346 12.3251
      vertex -51.6058 0.747945 12.4677
    endloop
  endfacet
  facet normal -0.345863 -0.100502 -0.932887
    outer loop
      vertex -51.6058 0.99726 12.4409
      vertex -51.6058 0.747945 12.4677
      vertex -51.7419 0.606825 12.5334
    endloop
  endfacet
  facet normal -0.392138 -0.0804606 -0.916381
    outer loop
      vertex -51.7419 0.8091 12.5156
      vertex -51.6058 0.99726 12.4409
      vertex -51.7419 0.606825 12.5334
    endloop
  endfacet
  facet normal -0.363306 -0.0814544 -0.928102
    outer loop
      vertex -51.7419 0.606825 12.5334
      vertex -51.6058 0.747945 12.4677
      vertex -51.7419 0.436137 12.5484
    endloop
  endfacet
  facet normal -0.458701 -0.0776881 -0.885188
    outer loop
      vertex -51.7419 0.606825 12.5334
      vertex -51.7419 0.436137 12.5484
      vertex -51.8003 0.351308 12.5861
    endloop
  endfacet
  facet normal -0.566713 -0.0401633 -0.822936
    outer loop
      vertex -51.8003 0.488795 12.5794
      vertex -51.7419 0.606825 12.5334
      vertex -51.8003 0.351308 12.5861
    endloop
  endfacet
  facet normal -0.324994 -0.101324 -0.940272
    outer loop
      vertex -51.6058 0.747945 12.4677
      vertex -51.6058 0.537563 12.4904
      vertex -51.7419 0.436137 12.5484
    endloop
  endfacet
  facet normal -0.266229 -0.103273 -0.958362
    outer loop
      vertex -51.6058 0.747945 12.4677
      vertex -51.2889 0.940092 12.359
      vertex -51.6058 0.537563 12.4904
    endloop
  endfacet
  facet normal -0.265723 -0.103702 -0.958456
    outer loop
      vertex -51.2889 0.940092 12.359
      vertex -51.2889 0.675664 12.3876
      vertex -51.6058 0.537563 12.4904
    endloop
  endfacet
  facet normal -0.205194 -0.10528 -0.973043
    outer loop
      vertex -51.2889 0.940092 12.359
      vertex -50.3731 1.23176 12.1343
      vertex -51.2889 0.675664 12.3876
    endloop
  endfacet
  facet normal -0.227655 -0.0675405 -0.971397
    outer loop
      vertex -50.3731 1.23176 12.1343
      vertex -50.3731 0.885294 12.1584
      vertex -51.2889 0.675664 12.3876
    endloop
  endfacet
  facet normal -0.538507 -0.0411444 -0.841616
    outer loop
      vertex -51.8003 0.351308 12.5861
      vertex -51.7873 0.303877 12.5801
      vertex -51.8003 0.282563 12.5894
    endloop
  endfacet
  facet normal -0.50996 -0.0310402 -0.859638
    outer loop
      vertex -51.7419 0.436137 12.5484
      vertex -51.7873 0.303877 12.5801
      vertex -51.8003 0.351308 12.5861
    endloop
  endfacet
  facet normal -0.40357 -0.0799829 -0.911446
    outer loop
      vertex -51.7419 0.436137 12.5484
      vertex -51.7419 0.350794 12.5558
      vertex -51.7873 0.303877 12.5801
    endloop
  endfacet
  facet normal -0.338026 -0.0822722 -0.937534
    outer loop
      vertex -51.7419 0.436137 12.5484
      vertex -51.6058 0.537563 12.4904
      vertex -51.7419 0.350794 12.5558
    endloop
  endfacet
  facet normal -0.314329 -0.101752 -0.943845
    outer loop
      vertex -51.6058 0.537563 12.4904
      vertex -51.6058 0.432373 12.5017
      vertex -51.7419 0.350794 12.5558
    endloop
  endfacet
  facet normal -0.265885 -0.103327 -0.958451
    outer loop
      vertex -51.6058 0.537563 12.4904
      vertex -51.2889 0.675664 12.3876
      vertex -51.6058 0.432373 12.5017
    endloop
  endfacet
  facet normal -0.265634 -0.10367 -0.958484
    outer loop
      vertex -51.2889 0.675664 12.3876
      vertex -51.2889 0.543449 12.4019
      vertex -51.6058 0.432373 12.5017
    endloop
  endfacet
  facet normal -0.218776 -0.104928 -0.970117
    outer loop
      vertex -51.2889 0.675664 12.3876
      vertex -50.3731 0.885294 12.1584
      vertex -51.2889 0.543449 12.4019
    endloop
  endfacet
  facet normal -0.232792 -0.0674297 -0.970186
    outer loop
      vertex -50.3731 0.885294 12.1584
      vertex -50.3731 0.712059 12.1704
      vertex -51.2889 0.543449 12.4019
    endloop
  endfacet
  facet normal -0.422646 -0.0579078 -0.904443
    outer loop
      vertex -51.7873 0.303877 12.5801
      vertex -51.7419 0.350794 12.5558
      vertex -51.7873 0.192983 12.5872
    endloop
  endfacet
  facet normal -0.442234 -0.0573075 -0.895067
    outer loop
      vertex -51.7873 0.303877 12.5801
      vertex -51.7873 0.192983 12.5872
      vertex -51.8003 0.179447 12.5945
    endloop
  endfacet
  facet normal -0.538617 -0.0410482 -0.84155
    outer loop
      vertex -51.8003 0.282563 12.5894
      vertex -51.7873 0.303877 12.5801
      vertex -51.8003 0.179447 12.5945
    endloop
  endfacet
  facet normal -0.357814 -0.0816746 -0.930214
    outer loop
      vertex -51.7419 0.350794 12.5558
      vertex -51.7419 0.222778 12.5671
      vertex -51.7873 0.192983 12.5872
    endloop
  endfacet
  facet normal -0.325036 -0.0827162 -0.942077
    outer loop
      vertex -51.7419 0.350794 12.5558
      vertex -51.6058 0.432373 12.5017
      vertex -51.7419 0.222778 12.5671
    endloop
  endfacet
  facet normal -0.298196 -0.102305 -0.949006
    outer loop
      vertex -51.6058 0.432373 12.5017
      vertex -51.6058 0.274587 12.5187
      vertex -51.7419 0.222778 12.5671
    endloop
  endfacet
  facet normal -0.265755 -0.103327 -0.958487
    outer loop
      vertex -51.6058 0.432373 12.5017
      vertex -51.2889 0.543449 12.4019
      vertex -51.6058 0.274587 12.5187
    endloop
  endfacet
  facet normal -0.265439 -0.103719 -0.958532
    outer loop
      vertex -51.2889 0.543449 12.4019
      vertex -51.2889 0.345128 12.4233
      vertex -51.6058 0.274587 12.5187
    endloop
  endfacet
  facet normal -0.225506 -0.104807 -0.968588
    outer loop
      vertex -51.2889 0.543449 12.4019
      vertex -50.3731 0.712059 12.1704
      vertex -51.2889 0.345128 12.4233
    endloop
  endfacet
  facet normal -0.24046 -0.067302 -0.968323
    outer loop
      vertex -50.3731 0.712059 12.1704
      vertex -50.3731 0.452207 12.1885
      vertex -51.2889 0.345128 12.4233
    endloop
  endfacet
  facet normal -0.370996 -0.0592482 -0.926742
    outer loop
      vertex -51.7873 0.192983 12.5872
      vertex -51.7419 0.222778 12.5671
      vertex -51.7873 0.109924 12.5925
    endloop
  endfacet
  facet normal -0.374212 -0.0591658 -0.925454
    outer loop
      vertex -51.7873 0.192983 12.5872
      vertex -51.7873 0.109924 12.5925
      vertex -51.8003 0.102215 12.5982
    endloop
  endfacet
  facet normal -0.45384 -0.0434439 -0.890024
    outer loop
      vertex -51.8003 0.179447 12.5945
      vertex -51.7873 0.192983 12.5872
      vertex -51.8003 0.102215 12.5982
    endloop
  endfacet
  facet normal -0.321603 -0.0828326 -0.943245
    outer loop
      vertex -51.7419 0.222778 12.5671
      vertex -51.7419 0.126897 12.5755
      vertex -51.7873 0.109924 12.5925
    endloop
  endfacet
  facet normal -0.305289 -0.0833037 -0.948609
    outer loop
      vertex -51.7419 0.222778 12.5671
      vertex -51.6058 0.274587 12.5187
      vertex -51.7419 0.126897 12.5755
    endloop
  endfacet
  facet normal -0.286036 -0.102621 -0.952708
    outer loop
      vertex -51.6058 0.274587 12.5187
      vertex -51.6058 0.156407 12.5315
      vertex -51.7419 0.126897 12.5755
    endloop
  endfacet
  facet normal -0.26555 -0.10325 -0.958552
    outer loop
      vertex -51.6058 0.274587 12.5187
      vertex -51.2889 0.345128 12.4233
      vertex -51.6058 0.156407 12.5315
    endloop
  endfacet
  facet normal -0.265325 -0.103639 -0.958573
    outer loop
      vertex -51.2889 0.345128 12.4233
      vertex -51.2889 0.196589 12.4394
      vertex -51.6058 0.156407 12.5315
    endloop
  endfacet
  facet normal -0.235577 -0.104467 -0.966225
    outer loop
      vertex -51.2889 0.345128 12.4233
      vertex -50.3731 0.452207 12.1885
      vertex -51.2889 0.196589 12.4394
    endloop
  endfacet
  facet normal -0.246145 -0.067263 -0.966896
    outer loop
      vertex -50.3731 0.452207 12.1885
      vertex -50.3731 0.257581 12.202
      vertex -51.2889 0.196589 12.4394
    endloop
  endfacet
  facet normal -0.243021 -0.104404 -0.964386
    outer loop
      vertex -51.2889 0.196589 12.4394
      vertex -50.3731 0.257581 12.202
      vertex -51.2889 0.122318 12.4474
    endloop
  endfacet
  facet normal -0.26523 -0.103775 -0.958584
    outer loop
      vertex -51.2889 0.196589 12.4394
      vertex -51.2889 0.122318 12.4474
      vertex -51.6058 0.0973167 12.5378
    endloop
  endfacet
  facet normal -0.265368 -0.103346 -0.958593
    outer loop
      vertex -51.6058 0.156407 12.5315
      vertex -51.2889 0.196589 12.4394
      vertex -51.6058 0.0973167 12.5378
    endloop
  endfacet
  facet normal -0.279772 -0.102908 -0.954535
    outer loop
      vertex -51.6058 0.156407 12.5315
      vertex -51.6058 0.0973167 12.5378
      vertex -51.7419 0.0789557 12.5797
    endloop
  endfacet
  facet normal -0.29036 -0.0835127 -0.953266
    outer loop
      vertex -51.7419 0.126897 12.5755
      vertex -51.6058 0.156407 12.5315
      vertex -51.7419 0.0789557 12.5797
    endloop
  endfacet
  facet normal -0.303474 -0.0831569 -0.949204
    outer loop
      vertex -51.7419 0.126897 12.5755
      vertex -51.7419 0.0789557 12.5797
      vertex -51.7873 0.0683956 12.5951
    endloop
  endfacet
  facet normal -0.32953 -0.0605833 -0.9422
    outer loop
      vertex -51.7873 0.109924 12.5925
      vertex -51.7419 0.126897 12.5755
      vertex -51.7873 0.0683956 12.5951
    endloop
  endfacet
  facet normal -0.336211 -0.0604319 -0.939846
    outer loop
      vertex -51.7873 0.109924 12.5925
      vertex -51.7873 0.0683956 12.5951
      vertex -51.8003 0.0635986 12.6001
    endloop
  endfacet
  facet normal -0.381658 -0.0449385 -0.923211
    outer loop
      vertex -51.8003 0.102215 12.5982
      vertex -51.7873 0.109924 12.5925
      vertex -51.8003 0.0635986 12.6001
    endloop
  endfacet
  facet normal -0.265241 -0.103675 -0.958592
    outer loop
      vertex -51.2889 0.122318 12.4474
      vertex -51.2889 0.0815449 12.4519
      vertex -51.6058 0.0973167 12.5378
    endloop
  endfacet
  facet normal -0.2657 -0.134598 -0.954614
    outer loop
      vertex -51.6058 0.0973167 12.5378
      vertex -51.2889 0.0815449 12.4519
      vertex -51.7419 0.0526371 12.582
    endloop
  endfacet
  facet normal -0.282648 -0.0838965 -0.955548
    outer loop
      vertex -51.7419 0.0789557 12.5797
      vertex -51.6058 0.0973167 12.5378
      vertex -51.7419 0.0526371 12.582
    endloop
  endfacet
  facet normal -0.292896 -0.0836272 -0.95248
    outer loop
      vertex -51.7419 0.0789557 12.5797
      vertex -51.7419 0.0526371 12.582
      vertex -51.7873 0.0455971 12.5966
    endloop
  endfacet
  facet normal -0.308781 -0.0603534 -0.949216
    outer loop
      vertex -51.7873 0.0683956 12.5951
      vertex -51.7419 0.0789557 12.5797
      vertex -51.7873 0.0455971 12.5966
    endloop
  endfacet
  facet normal -0.316513 -0.0601919 -0.946676
    outer loop
      vertex -51.7873 0.0683956 12.5951
      vertex -51.7873 0.0455971 12.5966
      vertex -51.8003 0.0423985 12.6011
    endloop
  endfacet
  facet normal -0.34114 -0.0460783 -0.938883
    outer loop
      vertex -51.8003 0.0635986 12.6001
      vertex -51.7873 0.0683956 12.5951
      vertex -51.8003 0.0423985 12.6011
    endloop
  endfacet
  facet normal -0.265181 -0.103636 -0.958613
    outer loop
      vertex -51.6058 0.0486584 12.5431
      vertex -51.2889 0.0815449 12.4519
      vertex -51.6058 0.0243292 12.5457
    endloop
  endfacet
  facet normal -0.272069 -0.103429 -0.956703
    outer loop
      vertex -51.6058 0.0486584 12.5431
      vertex -51.6058 0.0243292 12.5457
      vertex -51.7419 0.0197382 12.5849
    endloop
  endfacet
  facet normal -0.276422 -0.0839049 -0.957367
    outer loop
      vertex -51.7419 0.0394773 12.5832
      vertex -51.6058 0.0486584 12.5431
      vertex -51.7419 0.0197382 12.5849
    endloop
  endfacet
  facet normal -0.281569 -0.0837743 -0.955877
    outer loop
      vertex -51.7419 0.0394773 12.5832
      vertex -51.7419 0.0197382 12.5849
      vertex -51.8003 0.0158997 12.6024
    endloop
  endfacet
  facet normal -0.295896 -0.0468109 -0.954072
    outer loop
      vertex -51.8003 0.0317993 12.6017
      vertex -51.7419 0.0394773 12.5832
      vertex -51.8003 0.0158997 12.6024
    endloop
  endfacet
  facet normal -0.267797 -0.103483 -0.957902
    outer loop
      vertex -51.6058 1.84255 12.3497
      vertex -51.2889 2.31542 12.21
      vertex -51.6058 1.49589 12.3871
    endloop
  endfacet
  facet normal -0.498135 -0.0931318 -0.862083
    outer loop
      vertex -51.6058 1.84255 12.3497
      vertex -51.6058 1.49589 12.3871
      vertex -51.8003 0.977592 12.5555
    endloop
  endfacet
  facet normal -0.643251 -0.0373369 -0.764744
    outer loop
      vertex -51.8003 1.20432 12.5444
      vertex -51.6058 1.84255 12.3497
      vertex -51.8003 0.977592 12.5555
    endloop
  endfacet
  facet normal -0.96316 -0.0131142 -0.268609
    outer loop
      vertex -51.8003 1.20432 12.5444
      vertex -51.8003 0.977592 12.5555
      vertex -51.8123 0.811731 12.6066
    endloop
  endfacet
  facet normal -0.98189 -0 -0.18945
    outer loop
      vertex -51.8123 1 12.6066
      vertex -51.8003 1.20432 12.5444
      vertex -51.8123 0.811731 12.6066
    endloop
  endfacet
  facet normal -0.266347 -0.104116 -0.958237
    outer loop
      vertex -51.2889 2.31542 12.21
      vertex -51.2889 1.88019 12.2573
      vertex -51.6058 1.49589 12.3871
    endloop
  endfacet
  facet normal -0.162491 -0.106583 -0.980937
    outer loop
      vertex -51.2889 2.31542 12.21
      vertex -50.8843 2.70104 12.1011
      vertex -51.2889 1.88019 12.2573
    endloop
  endfacet
  facet normal -0.192359 -0.0911274 -0.977084
    outer loop
      vertex -50.8843 2.70104 12.1011
      vertex -50.8843 2.19377 12.1484
      vertex -51.2889 1.88019 12.2573
    endloop
  endfacet
  facet normal -0.118183 -0.0922108 -0.988701
    outer loop
      vertex -50.8843 2.70104 12.1011
      vertex -50.3731 3.03273 12.009
      vertex -50.8843 2.19377 12.1484
    endloop
  endfacet
  facet normal -0.155958 -0.0686406 -0.985376
    outer loop
      vertex -50.3731 3.03273 12.009
      vertex -50.3731 2.46353 12.0487
      vertex -50.8843 2.19377 12.1484
    endloop
  endfacet
  facet normal -0.0961068 -0.0691692 -0.992965
    outer loop
      vertex -50.3731 3.03273 12.009
      vertex -49.5662 3.35906 11.9082
      vertex -50.3731 2.46353 12.0487
    endloop
  endfacet
  facet normal -0.134925 -0.0337719 -0.99028
    outer loop
      vertex -49.5662 3.35906 11.9082
      vertex -49.5662 2.72832 11.9297
      vertex -50.3731 2.46353 12.0487
    endloop
  endfacet
  facet normal -0.0898873 -0.0339456 -0.995373
    outer loop
      vertex -49.5662 3.35906 11.9082
      vertex -48.6722 3.53491 11.8215
      vertex -49.5662 2.72832 11.9297
    endloop
  endfacet
  facet normal -0.120196 -0 -0.99275
    outer loop
      vertex -48.6722 3.53491 11.8215
      vertex -48.6722 2.8694 11.8215
      vertex -49.5662 2.72832 11.9297
    endloop
  endfacet
  facet normal -0.990281 0.0161112 -0.138146
    outer loop
      vertex -51.8123 1.06911 12.6147
      vertex -51.8003 1.20432 12.5444
      vertex -51.8123 1 12.6066
    endloop
  endfacet
  facet normal -0.964475 0.184078 0.18948
    outer loop
      vertex -51.7419 1.59944 12.4578
      vertex -51.8003 1.20432 12.5444
      vertex -51.8123 1.06911 12.6147
    endloop
  endfacet
  facet normal -0.477222 -0.120213 -0.870522
    outer loop
      vertex -51.7419 1.59944 12.4578
      vertex -51.6058 1.84255 12.3497
      vertex -51.8003 1.20432 12.5444
    endloop
  endfacet
  facet normal -0.888268 0.38759 -0.246482
    outer loop
      vertex -51.2889 2.47724 12.2057
      vertex -51.6058 1.84255 12.3497
      vertex -51.7419 1.59944 12.4578
    endloop
  endfacet
  facet normal -0.372021 -0.024772 -0.927894
    outer loop
      vertex -51.2889 2.47724 12.2057
      vertex -51.2889 2.31542 12.21
      vertex -51.6058 1.84255 12.3497
    endloop
  endfacet
  facet normal -0.155075 -0.0349584 -0.987284
    outer loop
      vertex -50.3731 3.24369 12.0016
      vertex -50.3731 3.03273 12.009
      vertex -50.8843 2.70104 12.1011
    endloop
  endfacet
  facet normal -0.605963 0.450623 -0.655552
    outer loop
      vertex -50.3731 3.24369 12.0016
      vertex -50.8843 2.70104 12.1011
      vertex -51.2889 2.31542 12.21
    endloop
  endfacet
  facet normal -0.196552 -0.0261669 -0.980144
    outer loop
      vertex -51.2889 2.47724 12.2057
      vertex -50.3731 3.24369 12.0016
      vertex -51.2889 2.31542 12.21
    endloop
  endfacet
  facet normal -0.107016 -0.0351833 -0.993635
    outer loop
      vertex -50.3731 3.24369 12.0016
      vertex -49.5662 3.59261 11.9023
      vertex -50.3731 3.03273 12.009
    endloop
  endfacet
  facet normal -0.11396 -0.0250868 -0.993169
    outer loop
      vertex -49.5662 3.59261 11.9023
      vertex -49.5662 3.35906 11.9082
      vertex -50.3731 3.03273 12.009
    endloop
  endfacet
  facet normal -0.0847461 -0.0251605 -0.996085
    outer loop
      vertex -49.5662 3.59261 11.9023
      vertex -48.6722 3.78144 11.8215
      vertex -49.5662 3.35906 11.9082
    endloop
  endfacet
  facet normal -0.09656 -0 -0.995327
    outer loop
      vertex -48.6722 3.78144 11.8215
      vertex -48.6722 3.53491 11.8215
      vertex -49.5662 3.35906 11.9082
    endloop
  endfacet
  facet normal -0.914531 0.333891 -0.228365
    outer loop
      vertex -51.2889 2.7031 12.2574
      vertex -51.7419 1.59944 12.4578
      vertex -51.7791 1.56044 12.5498
    endloop
  endfacet
  facet normal -0.928971 0.0139338 -0.369891
    outer loop
      vertex -51.7791 1.56044 12.5498
      vertex -51.7419 1.59944 12.4578
      vertex -51.8123 1.06911 12.6147
    endloop
  endfacet
  facet normal -0.991364 0.0510439 -0.120794
    outer loop
      vertex -51.8123 1.16115 12.6536
      vertex -51.7791 1.56044 12.5498
      vertex -51.8123 1.06911 12.6147
    endloop
  endfacet
  facet normal -0.698141 0.159786 -0.697902
    outer loop
      vertex -51.2889 2.7031 12.2574
      vertex -51.2889 2.47724 12.2057
      vertex -51.7419 1.59944 12.4578
    endloop
  endfacet
  facet normal -0.388439 0.205652 -0.898233
    outer loop
      vertex -51.2889 2.7031 12.2574
      vertex -50.3731 3.54124 12.0532
      vertex -51.2889 2.47724 12.2057
    endloop
  endfacet
  facet normal -0.341056 0.160866 -0.926177
    outer loop
      vertex -50.3731 3.54124 12.0532
      vertex -50.3731 3.24369 12.0016
      vertex -51.2889 2.47724 12.2057
    endloop
  endfacet
  facet normal -0.196715 0.167782 -0.965998
    outer loop
      vertex -50.3731 3.54124 12.0532
      vertex -49.5662 3.923 11.9552
      vertex -50.3731 3.24369 12.0016
    endloop
  endfacet
  facet normal -0.186535 0.155411 -0.970078
    outer loop
      vertex -49.5662 3.923 11.9552
      vertex -49.5662 3.59261 11.9023
      vertex -50.3731 3.24369 12.0016
    endloop
  endfacet
  facet normal -0.114614 0.157145 -0.980902
    outer loop
      vertex -49.5662 3.923 11.9552
      vertex -48.6722 4.12887 11.8837
      vertex -49.5662 3.59261 11.9023
    endloop
  endfacet
  facet normal -0.125271 0.175061 -0.976556
    outer loop
      vertex -48.6722 4.12887 11.8837
      vertex -48.6722 3.78144 11.8215
      vertex -49.5662 3.59261 11.9023
    endloop
  endfacet
  facet normal -0.652106 0.712813 -0.258179
    outer loop
      vertex -50.3731 4.10259 12.717
      vertex -50.3731 3.99982 12.4333
      vertex -50.8843 3.64612 12.7479
    endloop
  endfacet
  facet normal -0.678135 0.588557 -0.440151
    outer loop
      vertex -50.8843 3.64612 12.7479
      vertex -50.3731 3.99982 12.4333
      vertex -51.2889 3.04229 12.5639
    endloop
  endfacet
  facet normal -0.78622 0.586308 -0.195195
    outer loop
      vertex -51.2889 3.11553 12.7839
      vertex -50.8843 3.64612 12.7479
      vertex -51.2889 3.04229 12.5639
    endloop
  endfacet
  facet normal -0.935072 0.336309 -0.111964
    outer loop
      vertex -51.2889 3.11553 12.7839
      vertex -51.2889 3.04229 12.5639
      vertex -51.7791 1.7395 12.7446
    endloop
  endfacet
  facet normal -0.859826 0.317718 -0.399694
    outer loop
      vertex -51.7419 1.98588 12.8604
      vertex -51.2889 3.11553 12.7839
      vertex -51.7791 1.7395 12.7446
    endloop
  endfacet
  facet normal -0.98788 0.0895667 0.126773
    outer loop
      vertex -51.7419 1.98588 12.8604
      vertex -51.7791 1.7395 12.7446
      vertex -51.8123 1.28337 12.8081
    endloop
  endfacet
  facet normal -0.994744 0.100959 -0.0170467
    outer loop
      vertex -51.8123 1.3 12.9066
      vertex -51.7419 1.98588 12.8604
      vertex -51.8123 1.28337 12.8081
    endloop
  endfacet
  facet normal -0.468834 0.83049 -0.300801
    outer loop
      vertex -50.3731 4.10259 12.717
      vertex -49.5662 4.54712 12.6867
      vertex -50.3731 3.99982 12.4333
    endloop
  endfacet
  facet normal -0.468643 0.830427 -0.301273
    outer loop
      vertex -49.5662 4.54712 12.6867
      vertex -49.5662 4.43321 12.3727
      vertex -50.3731 3.99982 12.4333
    endloop
  endfacet
  facet normal -0.233841 0.913985 -0.331587
    outer loop
      vertex -49.5662 4.54712 12.6867
      vertex -48.6722 4.76998 12.6705
      vertex -49.5662 4.43321 12.3727
    endloop
  endfacet
  facet normal -0.241536 0.918373 -0.313449
    outer loop
      vertex -48.6722 4.76998 12.6705
      vertex -48.6722 4.65597 12.3365
      vertex -49.5662 4.43321 12.3727
    endloop
  endfacet
  facet normal -0.92474 0.319198 -0.207289
    outer loop
      vertex -51.7791 1.7395 12.7446
      vertex -51.2889 3.04229 12.5639
      vertex -51.7791 1.66643 12.6321
    endloop
  endfacet
  facet normal -0.996733 0.0677358 -0.0439881
    outer loop
      vertex -51.7791 1.7395 12.7446
      vertex -51.7791 1.66643 12.6321
      vertex -51.8123 1.2353 12.7205
    endloop
  endfacet
  facet normal -0.997038 0.0674227 -0.0370042
    outer loop
      vertex -51.8123 1.28337 12.8081
      vertex -51.7791 1.7395 12.7446
      vertex -51.8123 1.2353 12.7205
    endloop
  endfacet
  facet normal -0.916643 0.314351 -0.246878
    outer loop
      vertex -51.2889 3.04229 12.5639
      vertex -51.2889 2.89906 12.3815
      vertex -51.7791 1.66643 12.6321
    endloop
  endfacet
  facet normal -0.673186 0.581562 -0.456734
    outer loop
      vertex -51.2889 3.04229 12.5639
      vertex -50.3731 3.99982 12.4333
      vertex -51.2889 2.89906 12.3815
    endloop
  endfacet
  facet normal -0.660301 0.572236 -0.486363
    outer loop
      vertex -50.3731 3.99982 12.4333
      vertex -50.3731 3.80416 12.2031
      vertex -51.2889 2.89906 12.3815
    endloop
  endfacet
  facet normal -0.41631 0.692795 -0.58883
    outer loop
      vertex -50.3731 3.99982 12.4333
      vertex -49.5662 4.43321 12.3727
      vertex -50.3731 3.80416 12.2031
    endloop
  endfacet
  facet normal -0.414272 0.691102 -0.592247
    outer loop
      vertex -49.5662 4.43321 12.3727
      vertex -49.5662 4.21554 12.1187
      vertex -50.3731 3.80416 12.2031
    endloop
  endfacet
  facet normal -0.210737 0.742273 -0.636098
    outer loop
      vertex -49.5662 4.43321 12.3727
      vertex -48.6722 4.65597 12.3365
      vertex -49.5662 4.21554 12.1187
    endloop
  endfacet
  facet normal -0.22228 0.755756 -0.615975
    outer loop
      vertex -48.6722 4.65597 12.3365
      vertex -48.6722 4.43298 12.0629
      vertex -49.5662 4.21554 12.1187
    endloop
  endfacet
  facet normal -0.889383 0.280276 -0.36117
    outer loop
      vertex -51.7791 1.66643 12.6321
      vertex -51.2889 2.89906 12.3815
      vertex -51.7791 1.56044 12.5498
    endloop
  endfacet
  facet normal -0.994878 0.0619738 -0.0798607
    outer loop
      vertex -51.7791 1.66643 12.6321
      vertex -51.7791 1.56044 12.5498
      vertex -51.8123 1.16115 12.6536
    endloop
  endfacet
  facet normal -0.995644 0.0624782 -0.0692002
    outer loop
      vertex -51.8123 1.2353 12.7205
      vertex -51.7791 1.66643 12.6321
      vertex -51.8123 1.16115 12.6536
    endloop
  endfacet
  facet normal -0.868386 0.265324 -0.418937
    outer loop
      vertex -51.2889 2.89906 12.3815
      vertex -51.2889 2.7031 12.2574
      vertex -51.7791 1.56044 12.5498
    endloop
  endfacet
  facet normal -0.569805 0.439691 -0.694258
    outer loop
      vertex -51.2889 2.89906 12.3815
      vertex -50.3731 3.80416 12.2031
      vertex -51.2889 2.7031 12.2574
    endloop
  endfacet
  facet normal -0.543113 0.415752 -0.729505
    outer loop
      vertex -50.3731 3.80416 12.2031
      vertex -50.3731 3.54124 12.0532
      vertex -51.2889 2.7031 12.2574
    endloop
  endfacet
  facet normal -0.324685 0.468318 -0.82174
    outer loop
      vertex -50.3731 3.80416 12.2031
      vertex -49.5662 4.21554 12.1187
      vertex -50.3731 3.54124 12.0532
    endloop
  endfacet
  facet normal -0.319207 0.4623 -0.827276
    outer loop
      vertex -49.5662 4.21554 12.1187
      vertex -49.5662 3.923 11.9552
      vertex -50.3731 3.54124 12.0532
    endloop
  endfacet
  facet normal -0.170622 0.480667 -0.860143
    outer loop
      vertex -49.5662 4.21554 12.1187
      vertex -48.6722 4.43298 12.0629
      vertex -49.5662 3.923 11.9552
    endloop
  endfacet
  facet normal -0.182637 0.498985 -0.847147
    outer loop
      vertex -48.6722 4.43298 12.0629
      vertex -48.6722 4.12887 11.8837
      vertex -49.5662 3.923 11.9552
    endloop
  endfacet
  facet normal -0.665561 0.737686 -0.113348
    outer loop
      vertex -50.3731 4.10945 12.7616
      vertex -50.3731 4.10259 12.717
      vertex -50.8843 3.64612 12.7479
    endloop
  endfacet
  facet normal -0.264872 0.264784 0.927218
    outer loop
      vertex -50.3731 4.10945 12.7616
      vertex -50.8843 3.64612 12.7479
      vertex -51.2889 3.11553 12.7839
    endloop
  endfacet
  facet normal -0.733064 0.673293 -0.0964102
    outer loop
      vertex -51.2889 3.12043 12.818
      vertex -50.3731 4.10945 12.7616
      vertex -51.2889 3.11553 12.7839
    endloop
  endfacet
  facet normal -0.92809 0.368595 -0.0527799
    outer loop
      vertex -51.2889 3.12043 12.818
      vertex -51.2889 3.11553 12.7839
      vertex -51.7419 1.98588 12.8604
    endloop
  endfacet
  facet normal -0.928603 0.369492 -0.0342494
    outer loop
      vertex -51.7419 1.98793 12.8825
      vertex -51.2889 3.12043 12.818
      vertex -51.7419 1.98588 12.8604
    endloop
  endfacet
  facet normal -0.994793 0.101479 -0.00940645
    outer loop
      vertex -51.7419 1.98793 12.8825
      vertex -51.7419 1.98588 12.8604
      vertex -51.8123 1.3 12.9066
    endloop
  endfacet
  facet normal -0.994804 0.10181 0
    outer loop
      vertex -51.8123 1.3 12.9214
      vertex -51.7419 1.98793 12.8825
      vertex -51.8123 1.3 12.9066
    endloop
  endfacet
  facet normal -0.481783 0.866126 -0.133084
    outer loop
      vertex -50.3731 4.10945 12.7616
      vertex -49.5662 4.55435 12.736
      vertex -50.3731 4.10259 12.717
    endloop
  endfacet
  facet normal -0.482281 0.86676 -0.127015
    outer loop
      vertex -49.5662 4.55435 12.736
      vertex -49.5662 4.54712 12.6867
      vertex -50.3731 4.10259 12.717
    endloop
  endfacet
  facet normal -0.240797 0.960319 -0.140725
    outer loop
      vertex -49.5662 4.55435 12.736
      vertex -48.6722 4.77652 12.7224
      vertex -49.5662 4.54712 12.6867
    endloop
  endfacet
  facet normal -0.242159 0.962616 -0.121365
    outer loop
      vertex -48.6722 4.77652 12.7224
      vertex -48.6722 4.76998 12.6705
      vertex -49.5662 4.54712 12.6867
    endloop
  endfacet
  facet normal -0.999122 0.0418925 0
    outer loop
      vertex -51.8123 1.3 12.9495
      vertex -51.8003 1.58622 12.9392
      vertex -51.8123 1.3 12.9214
    endloop
  endfacet
  facet normal -0.666118 0.741836 -0.0772412
    outer loop
      vertex -50.3731 4.11831 12.8467
      vertex -50.3731 4.10945 12.7616
      vertex -50.8843 3.66103 12.8635
    endloop
  endfacet
  facet normal -0.549456 0.469371 -0.691223
    outer loop
      vertex -50.8843 3.66103 12.8635
      vertex -50.3731 4.10945 12.7616
      vertex -51.2889 3.12043 12.818
    endloop
  endfacet
  facet normal -0.795435 0.601526 -0.073828
    outer loop
      vertex -51.2889 3.1284 12.883
      vertex -50.8843 3.66103 12.8635
      vertex -51.2889 3.12043 12.818
    endloop
  endfacet
  facet normal -0.928411 0.368788 -0.0452631
    outer loop
      vertex -51.2889 3.1284 12.883
      vertex -51.2889 3.12043 12.818
      vertex -51.7419 1.98793 12.8825
    endloop
  endfacet
  facet normal -0.385943 0.153705 -0.909628
    outer loop
      vertex -51.6058 2.47418 12.9069
      vertex -51.2889 3.1284 12.883
      vertex -51.7419 1.98793 12.8825
    endloop
  endfacet
  facet normal -0.51278 0.100702 0.852593
    outer loop
      vertex -51.6058 2.47418 12.9069
      vertex -51.7419 1.98793 12.8825
      vertex -51.8123 1.3 12.9214
    endloop
  endfacet
  facet normal -0.484201 0.0743976 -0.871788
    outer loop
      vertex -51.8003 1.58622 12.9392
      vertex -51.6058 2.47418 12.9069
      vertex -51.8123 1.3 12.9214
    endloop
  endfacet
  facet normal -0.481149 0.871925 -0.0907862
    outer loop
      vertex -50.3731 4.11831 12.8467
      vertex -49.5662 4.56186 12.8302
      vertex -50.3731 4.10945 12.7616
    endloop
  endfacet
  facet normal -0.483365 0.872653 -0.0695299
    outer loop
      vertex -49.5662 4.56186 12.8302
      vertex -49.5662 4.55435 12.736
      vertex -50.3731 4.10945 12.7616
    endloop
  endfacet
  facet normal -0.23853 0.968067 -0.0771322
    outer loop
      vertex -49.5662 4.56186 12.8302
      vertex -48.6722 4.78144 12.8215
      vertex -49.5662 4.55435 12.736
    endloop
  endfacet
  facet normal -0.241585 0.969185 -0.0481356
    outer loop
      vertex -48.6722 4.78144 12.8215
      vertex -48.6722 4.77652 12.7224
      vertex -49.5662 4.55435 12.736
    endloop
  endfacet
  facet normal -0.947151 0.306389 0.0950357
    outer loop
      vertex -51.5336 2.66851 13
      vertex -51.6058 2.47418 12.9069
      vertex -51.7249 2.07714 13
    endloop
  endfacet
  facet normal -0.885654 0.421922 -0.193903
    outer loop
      vertex -51.5336 2.66851 13
      vertex -51.2889 3.1284 12.883
      vertex -51.6058 2.47418 12.9069
    endloop
  endfacet
  facet normal -0.836675 0.501301 0.220618
    outer loop
      vertex -51.0382 3.49534 13
      vertex -51.2889 3.1284 12.883
      vertex -51.5336 2.66851 13
    endloop
  endfacet
  facet normal -0.787786 0.592217 -0.169332
    outer loop
      vertex -51.0382 3.49534 13
      vertex -50.8843 3.66103 12.8635
      vertex -51.2889 3.1284 12.883
    endloop
  endfacet
  facet normal -0.909621 0.185748 -0.371601
    outer loop
      vertex -51.7249 2.07714 13
      vertex -51.6058 2.47418 12.9069
      vertex -51.8003 1.58622 12.9392
    endloop
  endfacet
  facet normal -0.81866 0.0549176 0.571646
    outer loop
      vertex -51.7249 2.07714 13
      vertex -51.8003 1.58622 12.9392
      vertex -51.8123 1.3 12.9495
    endloop
  endfacet
  facet normal -0.993735 0.111762 0
    outer loop
      vertex -51.8123 1.3 13
      vertex -51.7249 2.07714 13
      vertex -51.8123 1.3 12.9495
    endloop
  endfacet
  facet normal -0.58631 0.809533 0.02994
    outer loop
      vertex -50.1114 4.30218 13
      vertex -50.3731 4.11831 12.8467
      vertex -50.6039 3.94548 13
    endloop
  endfacet
  facet normal -0.660197 0.731853 -0.168913
    outer loop
      vertex -50.6039 3.94548 13
      vertex -50.3731 4.11831 12.8467
      vertex -50.8843 3.66103 12.8635
    endloop
  endfacet
  facet normal -0.719303 0.693985 0.0314289
    outer loop
      vertex -50.6039 3.94548 13
      vertex -50.8843 3.66103 12.8635
      vertex -51.0382 3.49534 13
    endloop
  endfacet
  facet normal -0.149816 0.988714 0
    outer loop
      vertex -48.6722 4.78144 12.951
      vertex -48.6722 4.78144 12.8215
      vertex -49 4.73177 13
    endloop
  endfacet
  facet normal -0.236681 0.956891 -0.168347
    outer loop
      vertex -49 4.73177 13
      vertex -48.6722 4.78144 12.8215
      vertex -49.5662 4.56186 12.8302
    endloop
  endfacet
  facet normal -0.279478 0.959731 -0.0284402
    outer loop
      vertex -49 4.73177 13
      vertex -49.5662 4.56186 12.8302
      vertex -49.5745 4.56447 13
    endloop
  endfacet
  facet normal -0.481966 0.875407 -0.0370438
    outer loop
      vertex -49.5745 4.56447 13
      vertex -49.5662 4.56186 12.8302
      vertex -50.3731 4.11831 12.8467
    endloop
  endfacet
  facet normal -0.417042 0.853656 -0.312007
    outer loop
      vertex -50.1114 4.30218 13
      vertex -49.5745 4.56447 13
      vertex -50.3731 4.11831 12.8467
    endloop
  endfacet
  facet normal -0.149816 0.988714 0
    outer loop
      vertex -48.6722 4.78144 14.9745
      vertex -48.6722 4.78144 13.049
      vertex -49 4.73177 13
    endloop
  endfacet
  facet normal -0.279522 0.959881 0.0222585
    outer loop
      vertex -48.6722 4.78144 14.9745
      vertex -49 4.73177 13
      vertex -49.5745 4.56447 13
    endloop
  endfacet
  facet normal -0.338224 0.939666 0.0513048
    outer loop
      vertex -49.4223 4.51878 14.8403
      vertex -48.6722 4.78144 14.9745
      vertex -49.5745 4.56447 13
    endloop
  endfacet
  facet normal -0.438202 0.89697 0.0585136
    outer loop
      vertex -49.4223 4.51878 14.8403
      vertex -49.5745 4.56447 13
      vertex -50.1114 4.30218 13
    endloop
  endfacet
  facet normal -0.540407 0.834941 0.104086
    outer loop
      vertex -49.4223 4.51878 14.8403
      vertex -50.1114 4.30218 13
      vertex -50.1114 4.0949 14.6627
    endloop
  endfacet
  facet normal -0.583606 0.805799 0.100453
    outer loop
      vertex -50.1114 4.0949 14.6627
      vertex -50.1114 4.30218 13
      vertex -50.6039 3.94548 13
    endloop
  endfacet
  facet normal -0.674216 0.726194 0.134445
    outer loop
      vertex -50.1114 4.0949 14.6627
      vertex -50.6039 3.94548 13
      vertex -50.6039 3.66852 14.4959
    endloop
  endfacet
  facet normal -0.713786 0.688662 0.127497
    outer loop
      vertex -50.6039 3.66852 14.4959
      vertex -50.6039 3.94548 13
      vertex -51.0382 3.49534 13
    endloop
  endfacet
  facet normal -0.764468 0.627127 0.149335
    outer loop
      vertex -50.6039 3.66852 14.4959
      vertex -51.0382 3.49534 13
      vertex -51.0382 3.18268 14.313
    endloop
  endfacet
  facet normal -0.851458 0.510158 0.121482
    outer loop
      vertex -51.0382 3.18268 14.313
      vertex -51.0382 3.49534 13
      vertex -51.5336 2.66851 13
    endloop
  endfacet
  facet normal -0.858164 0.496845 0.129225
    outer loop
      vertex -51.0382 3.18268 14.313
      vertex -51.5336 2.66851 13
      vertex -51.5336 2.39898 14.0363
    endloop
  endfacet
  facet normal -0.948423 0.3068 0.0797963
    outer loop
      vertex -51.5336 2.39898 14.0363
      vertex -51.5336 2.66851 13
      vertex -51.7249 2.07714 13
    endloop
  endfacet
  facet normal -0.938609 0.338166 0.0682433
    outer loop
      vertex -51.5336 2.39898 14.0363
      vertex -51.7249 2.07714 13
      vertex -51.7249 1.90018 13.8769
    endloop
  endfacet
  facet normal -0.993482 0.111733 0.0225482
    outer loop
      vertex -51.7249 1.90018 13.8769
      vertex -51.7249 2.07714 13
      vertex -51.8123 1.3 13
    endloop
  endfacet
  facet normal -0.989562 0.144108 0
    outer loop
      vertex -51.8123 1.3 13.7068
      vertex -51.7249 1.90018 13.8769
      vertex -51.8123 1.3 13
    endloop
  endfacet
  facet normal -0.939252 0.329376 0.0965265
    outer loop
      vertex -51.5336 2.28585 14.4223
      vertex -51.5336 2.39898 14.0363
      vertex -51.7249 1.90018 13.8769
    endloop
  endfacet
  facet normal -0.953742 0.0551442 0.295526
    outer loop
      vertex -51.5336 2.28585 14.4223
      vertex -51.7249 1.90018 13.8769
      vertex -51.8123 1.3 13.7068
    endloop
  endfacet
  facet normal -0.962286 0.27204 0
    outer loop
      vertex -51.8123 1.3 13.9717
      vertex -51.5336 2.28585 14.4223
      vertex -51.8123 1.3 13.7068
    endloop
  endfacet
  facet normal -0.679026 0.706958 0.197824
    outer loop
      vertex -50.1114 3.92583 15.2669
      vertex -50.1114 4.0949 14.6627
      vertex -50.6039 3.66852 14.4959
    endloop
  endfacet
  facet normal -0.764711 0.571435 0.29779
    outer loop
      vertex -50.1114 3.92583 15.2669
      vertex -50.6039 3.66852 14.4959
      vertex -51.0382 3.18268 14.313
    endloop
  endfacet
  facet normal -0.733792 0.646284 0.209442
    outer loop
      vertex -50.1114 3.92583 15.2669
      vertex -51.0382 3.18268 14.313
      vertex -51.0382 3.02616 14.796
    endloop
  endfacet
  facet normal -0.858903 0.487194 0.157886
    outer loop
      vertex -51.0382 3.02616 14.796
      vertex -51.0382 3.18268 14.313
      vertex -51.5336 2.39898 14.0363
    endloop
  endfacet
  facet normal -0.854663 0.498229 0.14601
    outer loop
      vertex -51.0382 3.02616 14.796
      vertex -51.5336 2.39898 14.0363
      vertex -51.5336 2.28585 14.4223
    endloop
  endfacet
  facet normal -0.575243 0.787724 0.220425
    outer loop
      vertex -49.4223 4.3612 15.5094
      vertex -50.1114 4.0949 14.6627
      vertex -50.1114 3.92583 15.2669
    endloop
  endfacet
  facet normal -0.54956 0.813209 0.191505
    outer loop
      vertex -49.4223 4.3612 15.5094
      vertex -49.4223 4.51878 14.8403
      vertex -50.1114 4.0949 14.6627
    endloop
  endfacet
  facet normal -0.39292 0.895088 0.210787
    outer loop
      vertex -48.6722 4.64616 15.6976
      vertex -49.4223 4.51878 14.8403
      vertex -49.4223 4.3612 15.5094
    endloop
  endfacet
  facet normal -0.352857 0.919718 0.172075
    outer loop
      vertex -48.6722 4.64616 15.6976
      vertex -48.6722 4.78144 14.9745
      vertex -49.4223 4.51878 14.8403
    endloop
  endfacet
  facet normal -0.852531 0.495445 0.166509
    outer loop
      vertex -51.0382 2.96947 14.9247
      vertex -51.5336 2.28585 14.4223
      vertex -51.5336 2.25032 14.528
    endloop
  endfacet
  facet normal -0.96817 0.237255 0.0797363
    outer loop
      vertex -51.5336 2.25032 14.528
      vertex -51.5336 2.28585 14.4223
      vertex -51.8123 1.3 13.9717
    endloop
  endfacet
  facet normal -0.959585 0.281419 0
    outer loop
      vertex -51.8123 1.3 14.0452
      vertex -51.5336 2.25032 14.528
      vertex -51.8123 1.3 13.9717
    endloop
  endfacet
  facet normal -0.858163 0.469832 0.206916
    outer loop
      vertex -51.0382 2.96947 14.9247
      vertex -51.0382 3.02616 14.796
      vertex -51.5336 2.28585 14.4223
    endloop
  endfacet
  facet normal -0.735082 0.620471 0.273258
    outer loop
      vertex -50.1114 3.84803 15.4229
      vertex -51.0382 3.02616 14.796
      vertex -51.0382 2.96947 14.9247
    endloop
  endfacet
  facet normal -0.738558 0.603343 0.300847
    outer loop
      vertex -50.1114 3.84803 15.4229
      vertex -50.1114 3.92583 15.2669
      vertex -51.0382 3.02616 14.796
    endloop
  endfacet
  facet normal -0.586436 0.724878 0.361448
    outer loop
      vertex -49.4223 4.27669 15.6813
      vertex -50.1114 3.92583 15.2669
      vertex -50.1114 3.84803 15.4229
    endloop
  endfacet
  facet normal -0.585491 0.727531 0.35763
    outer loop
      vertex -49.4223 4.27669 15.6813
      vertex -49.4223 4.3612 15.5094
      vertex -50.1114 3.92583 15.2669
    endloop
  endfacet
  facet normal -0.41892 0.814891 0.400573
    outer loop
      vertex -48.6722 4.56218 15.885
      vertex -49.4223 4.3612 15.5094
      vertex -49.4223 4.27669 15.6813
    endloop
  endfacet
  facet normal -0.409813 0.832417 0.373008
    outer loop
      vertex -48.6722 4.56218 15.885
      vertex -48.6722 4.64616 15.6976
      vertex -49.4223 4.3612 15.5094
    endloop
  endfacet
  facet normal -0.924192 0.358244 0.132402
    outer loop
      vertex -51.5336 2.14775 14.8056
      vertex -51.5336 2.25032 14.528
      vertex -51.7249 1.75328 14.5376
    endloop
  endfacet
  facet normal -0.922231 0.351873 -0.160234
    outer loop
      vertex -51.7249 1.75328 14.5376
      vertex -51.5336 2.25032 14.528
      vertex -51.8123 1.3 14.0452
    endloop
  endfacet
  facet normal -0.981913 0.189333 0
    outer loop
      vertex -51.8123 1.3 14.2418
      vertex -51.7249 1.75328 14.5376
      vertex -51.8123 1.3 14.0452
    endloop
  endfacet
  facet normal -0.423516 0.742572 0.518865
    outer loop
      vertex -48.6722 4.24871 16.3336
      vertex -48.6722 4.56218 15.885
      vertex -49.4223 4.27669 15.6813
    endloop
  endfacet
  facet normal -0.558465 0.497815 0.663549
    outer loop
      vertex -48.6722 4.24871 16.3336
      vertex -49.4223 4.27669 15.6813
      vertex -50.1114 3.84803 15.4229
    endloop
  endfacet
  facet normal -0.50936 0.703678 0.495369
    outer loop
      vertex -48.6722 4.24871 16.3336
      vertex -50.1114 3.84803 15.4229
      vertex -50.1114 3.58242 15.8002
    endloop
  endfacet
  facet normal -0.735201 0.55428 0.390197
    outer loop
      vertex -50.1114 3.58242 15.8002
      vertex -50.1114 3.84803 15.4229
      vertex -51.0382 2.96947 14.9247
    endloop
  endfacet
  facet normal -0.717569 0.613191 0.33029
    outer loop
      vertex -50.1114 3.58242 15.8002
      vertex -51.0382 2.96947 14.9247
      vertex -51.0382 2.79359 15.2512
    endloop
  endfacet
  facet normal -0.856269 0.454755 0.24495
    outer loop
      vertex -51.0382 2.79359 15.2512
      vertex -51.0382 2.96947 14.9247
      vertex -51.5336 2.25032 14.528
    endloop
  endfacet
  facet normal -0.837831 0.512076 0.189256
    outer loop
      vertex -51.0382 2.79359 15.2512
      vertex -51.5336 2.25032 14.528
      vertex -51.5336 2.14775 14.8056
    endloop
  endfacet
  facet normal -0.962286 -0.27204 0
    outer loop
      vertex -51.5336 -2.28585 14.4223
      vertex -51.8123 -1.3 13.9717
      vertex -51.8123 -1.3 13.7068
    endloop
  endfacet
  facet normal -0.953742 -0.0551442 0.295526
    outer loop
      vertex -51.7249 -1.90018 13.8769
      vertex -51.5336 -2.28585 14.4223
      vertex -51.8123 -1.3 13.7068
    endloop
  endfacet
  facet normal -0.939252 -0.329376 0.0965265
    outer loop
      vertex -51.5336 -2.39898 14.0363
      vertex -51.5336 -2.28585 14.4223
      vertex -51.7249 -1.90018 13.8769
    endloop
  endfacet
  facet normal -0.854663 -0.498229 0.14601
    outer loop
      vertex -51.0382 -3.02616 14.796
      vertex -51.5336 -2.28585 14.4223
      vertex -51.5336 -2.39898 14.0363
    endloop
  endfacet
  facet normal -0.858903 -0.487194 0.157886
    outer loop
      vertex -51.0382 -3.18268 14.313
      vertex -51.0382 -3.02616 14.796
      vertex -51.5336 -2.39898 14.0363
    endloop
  endfacet
  facet normal -0.733792 -0.646284 0.209442
    outer loop
      vertex -50.1114 -3.92583 15.2669
      vertex -51.0382 -3.02616 14.796
      vertex -51.0382 -3.18268 14.313
    endloop
  endfacet
  facet normal -0.764711 -0.571435 0.29779
    outer loop
      vertex -50.6039 -3.66852 14.4959
      vertex -50.1114 -3.92583 15.2669
      vertex -51.0382 -3.18268 14.313
    endloop
  endfacet
  facet normal -0.679026 -0.706958 0.197824
    outer loop
      vertex -50.1114 -4.0949 14.6627
      vertex -50.1114 -3.92583 15.2669
      vertex -50.6039 -3.66852 14.4959
    endloop
  endfacet
  facet normal -0.575243 -0.787724 0.220425
    outer loop
      vertex -49.4223 -4.3612 15.5094
      vertex -50.1114 -3.92583 15.2669
      vertex -50.1114 -4.0949 14.6627
    endloop
  endfacet
  facet normal -0.54956 -0.813209 0.191505
    outer loop
      vertex -49.4223 -4.51878 14.8403
      vertex -49.4223 -4.3612 15.5094
      vertex -50.1114 -4.0949 14.6627
    endloop
  endfacet
  facet normal -0.39292 -0.895088 0.210787
    outer loop
      vertex -48.6722 -4.64616 15.6976
      vertex -49.4223 -4.3612 15.5094
      vertex -49.4223 -4.51878 14.8403
    endloop
  endfacet
  facet normal -0.352857 -0.919718 0.172075
    outer loop
      vertex -48.6722 -4.78144 14.9745
      vertex -48.6722 -4.64616 15.6976
      vertex -49.4223 -4.51878 14.8403
    endloop
  endfacet
  facet normal -0.211813 -0.960641 0.179732
    outer loop
      vertex -45.8112 -5.17784 16.2275
      vertex -48.6722 -4.64616 15.6976
      vertex -48.6722 -4.78144 14.9745
    endloop
  endfacet
  facet normal -0.208393 -0.962946 0.171195
    outer loop
      vertex -47.2523 -5.05445 15.1673
      vertex -45.8112 -5.17784 16.2275
      vertex -48.6722 -4.78144 14.9745
    endloop
  endfacet
  facet normal -0.132224 -0.989112 0.0646135
    outer loop
      vertex -45.8112 -5.23534 15.3472
      vertex -45.8112 -5.17784 16.2275
      vertex -47.2523 -5.05445 15.1673
    endloop
  endfacet
  facet normal -0.0935779 -0.993494 0.0648998
    outer loop
      vertex -42.6 -5.44831 16.7173
      vertex -45.8112 -5.17784 16.2275
      vertex -45.8112 -5.23534 15.3472
    endloop
  endfacet
  facet normal -0.0722623 -0.997282 0.0143493
    outer loop
      vertex -42.6 -5.46292 15.7023
      vertex -42.6 -5.44831 16.7173
      vertex -45.8112 -5.23534 15.3472
    endloop
  endfacet
  facet normal -0.0936163 -0.995505 0.0143237
    outer loop
      vertex -38.996 -5.78191 17.0866
      vertex -42.6 -5.44831 16.7173
      vertex -42.6 -5.46292 15.7023
    endloop
  endfacet
  facet normal -0.0881676 -0.996106 0
    outer loop
      vertex -38.996 -5.78191 15.9728
      vertex -38.996 -5.78191 17.0866
      vertex -42.6 -5.46292 15.7023
    endloop
  endfacet
  facet normal 0.983574 -0 0.180506
    outer loop
      vertex -16 -51.9034 13
      vertex -16 -8.15957 13
      vertex -16.0392 -51.9049 13.2136
    endloop
  endfacet
  facet normal 0.935532 0.000886472 0.35324
    outer loop
      vertex -16.0392 -51.9049 13.2136
      vertex -16 -8.15957 13
      vertex -16.1499 -8.14477 13.397
    endloop
  endfacet
  facet normal 0.805584 -0.000444702 0.592481
    outer loop
      vertex -16.0392 -51.9049 13.2136
      vertex -16.1499 -8.14477 13.397
      vertex -16.229 -51.861 13.4717
    endloop
  endfacet
  facet normal 0.686786 0 0.72686
    outer loop
      vertex -16.1499 -8.14477 13.397
      vertex -16.229 -8.13674 13.4717
      vertex -16.229 -51.861 13.4717
    endloop
  endfacet
  facet normal 0.499892 -0 0.866088
    outer loop
      vertex -16.229 -51.861 13.4717
      vertex -16.229 -8.13674 13.4717
      vertex -17.1844 -51.6701 14.0231
    endloop
  endfacet
  facet normal 0.438551 0.00175935 0.898704
    outer loop
      vertex -17.1844 -51.6701 14.0231
      vertex -16.229 -8.13674 13.4717
      vertex -17.6965 -7.98693 14.1875
    endloop
  endfacet
  facet normal 0.305631 0 0.95215
    outer loop
      vertex -17.1844 -51.6701 14.0231
      vertex -17.6965 -7.98693 14.1875
      vertex -17.6965 -51.6018 14.1875
    endloop
  endfacet
  facet normal -0.104092 -0.994568 0
    outer loop
      vertex -25.7746 -7.16568 18.0497
      vertex -38.996 -5.78191 17.0866
      vertex -38.996 -5.78191 15.9728
    endloop
  endfacet
  facet normal -0.103601 -0.994614 -0.00315533
    outer loop
      vertex -25.7746 -7.16131 16.6735
      vertex -25.7746 -7.16568 18.0497
      vertex -38.996 -5.78191 15.9728
    endloop
  endfacet
  facet normal -0.102024 -0.994777 -0.00315752
    outer loop
      vertex -25.7746 -7.16568 18.0497
      vertex 0 -9.8147 19.8112
      vertex 0 -9.81498 19.901
    endloop
  endfacet
  facet normal -0.102024 -0.994777 -0.00315585
    outer loop
      vertex 0 -9.8147 19.8112
      vertex -25.7746 -7.16568 18.0497
      vertex -25.7746 -7.16131 16.6735
    endloop
  endfacet
  facet normal -0.102405 -0.994743 0
    outer loop
      vertex 0 -9.8147 18.0201
      vertex 0 -9.8147 19.8112
      vertex -25.7746 -7.16131 16.6735
    endloop
  endfacet
  facet normal -0.102716 -0.994711 0
    outer loop
      vertex 0 -9.81413 12.7771
      vertex 0 -9.81413 12.9815
      vertex -16.0286 -8.15898 12.8169
    endloop
  endfacet
  facet normal -0.102838 -0.994615 0.0128251
    outer loop
      vertex -16 -8.15957 13
      vertex 0 -9.81413 12.9815
      vertex 0 -9.81389 13
    endloop
  endfacet
  facet normal -0.102838 -0.994616 0.0128167
    outer loop
      vertex 0 -9.81413 12.9815
      vertex -16 -8.15957 13
      vertex -16.0286 -8.15898 12.8169
    endloop
  endfacet
  facet normal 0.0149967 0 0.999888
    outer loop
      vertex -23.0509 -51.2514 14.9458
      vertex -24.4197 -7.29589 14.9664
      vertex -24.4197 -51.2578 14.9664
    endloop
  endfacet
  facet normal 0.04116 0.000815088 0.999152
    outer loop
      vertex -23.0509 -51.2514 14.9458
      vertex -23.0293 -51.2514 14.945
      vertex -24.4197 -7.29589 14.9664
    endloop
  endfacet
  facet normal 0.0909134 0.00239049 0.995856
    outer loop
      vertex -23.0293 -51.2514 14.945
      vertex -20.353 -51.3404 14.7008
      vertex -24.4197 -7.29589 14.9664
    endloop
  endfacet
  facet normal 0.0713946 0.000578698 0.997448
    outer loop
      vertex -20.353 -51.3404 14.7008
      vertex -20.0219 -7.7487 14.6519
      vertex -24.4197 -7.29589 14.9664
    endloop
  endfacet
  facet normal 0.195778 -0.000384936 0.980648
    outer loop
      vertex -17.6965 -7.98693 14.1875
      vertex -20.0219 -7.7487 14.6519
      vertex -20.353 -51.3404 14.7008
    endloop
  endfacet
  facet normal 0.189726 -0 0.981837
    outer loop
      vertex -17.6965 -51.6018 14.1875
      vertex -17.6965 -7.98693 14.1875
      vertex -20.353 -51.3404 14.7008
    endloop
  endfacet
  facet normal 0.609215 0 -0.793005
    outer loop
      vertex -16.229 -8.13621 12.5283
      vertex -16.229 -51.7986 12.5283
      vertex -16.3008 -8.1271 12.4731
    endloop
  endfacet
  facet normal 0.541046 -0.000172688 -0.840993
    outer loop
      vertex -16.3008 -8.1271 12.4731
      vertex -16.229 -51.7986 12.5283
      vertex -16.8452 -51.6409 12.1318
    endloop
  endfacet
  facet normal 0.399102 0.00219858 -0.916904
    outer loop
      vertex -16.3008 -8.1271 12.4731
      vertex -16.8452 -51.6409 12.1318
      vertex -17.3171 -51.5599 11.9266
    endloop
  endfacet
  facet normal 0.288832 0.00528794 -0.957365
    outer loop
      vertex -16.3008 -8.1271 12.4731
      vertex -17.3171 -51.5599 11.9266
      vertex -17.6965 -51.5032 11.8125
    endloop
  endfacet
  facet normal 0.427843 0 -0.903853
    outer loop
      vertex -17.6965 -7.8932 11.8125
      vertex -16.3008 -8.1271 12.4731
      vertex -17.6965 -51.5032 11.8125
    endloop
  endfacet
  facet normal -0.101725 -0.981629 -0.161419
    outer loop
      vertex 0 -9.68465 11.6724
      vertex 0 -9.79714 12.3564
      vertex -16.3008 -8.1271 12.4731
    endloop
  endfacet
  facet normal -0.105512 -0.944841 -0.310068
    outer loop
      vertex 0 -9.46851 11.0137
      vertex 0 -9.68465 11.6724
      vertex -16.3008 -8.1271 12.4731
    endloop
  endfacet
  facet normal -0.094353 -0.984303 -0.149151
    outer loop
      vertex 0 -9.45752 10.9412
      vertex -16.3008 -8.1271 12.4731
      vertex -17.6965 -7.8932 11.8125
    endloop
  endfacet
  facet normal -0.0943524 -0.984304 -0.149144
    outer loop
      vertex -16.3008 -8.1271 12.4731
      vertex 0 -9.45752 10.9412
      vertex 0 -9.46851 11.0137
    endloop
  endfacet
  facet normal -0.0989586 -0.943749 -0.315507
    outer loop
      vertex 0 -9.44186 10.8944
      vertex -17.6965 -7.8932 11.8125
      vertex -19.9611 -7.50367 11.3576
    endloop
  endfacet
  facet normal -0.0989587 -0.943748 -0.315511
    outer loop
      vertex -17.6965 -7.8932 11.8125
      vertex 0 -9.44186 10.8944
      vertex 0 -9.45752 10.9412
    endloop
  endfacet
  facet normal -0.0634658 -0 -0.997984
    outer loop
      vertex -38.996 -2.85804 10.6339
      vertex -32.1963 -3.75647 10.2014
      vertex -38.996 -3.78191 10.6339
    endloop
  endfacet
  facet normal -0.0631957 -0.0506315 -0.996716
    outer loop
      vertex -32.1963 -3.75647 10.2014
      vertex -28.7965 -4.525 10.0249
      vertex -38.996 -3.78191 10.6339
    endloop
  endfacet
  facet normal -0.0761291 -0.0674663 -0.994813
    outer loop
      vertex -18.5972 -4.63205 9.30154
      vertex 0 -5.02815 7.90523
      vertex 0 -5.08494 7.90908
    endloop
  endfacet
  facet normal -0.076129 -0.0674609 -0.994813
    outer loop
      vertex 0 -5.02815 7.90523
      vertex -18.5972 -4.63205 9.30154
      vertex -18.5972 -3.98851 9.2579
    endloop
  endfacet
  facet normal -0.0768459 -0.108122 -0.991163
    outer loop
      vertex 0 -5.08494 7.90908
      vertex 0 -5.83542 7.99095
      vertex -18.5972 -4.63205 9.30154
    endloop
  endfacet
  facet normal -0.0791173 -0.149254 -0.985629
    outer loop
      vertex -18.5972 -5.2672 9.39772
      vertex 0 -5.83542 7.99095
      vertex 0 -5.89147 7.99944
    endloop
  endfacet
  facet normal -0.0791173 -0.149252 -0.985629
    outer loop
      vertex 0 -5.83542 7.99095
      vertex -18.5972 -5.2672 9.39772
      vertex -18.5972 -4.63205 9.30154
    endloop
  endfacet
  facet normal -0.081202 -0.270108 -0.9594
    outer loop
      vertex 0 -5.89147 7.99944
      vertex 0 -6.61815 8.20403
      vertex -18.5972 -5.2672 9.39772
    endloop
  endfacet
  facet normal -0.069981 -0.0501269 -0.996288
    outer loop
      vertex -18.5972 -3.98851 9.2579
      vertex -32.1963 -3.75647 10.2014
      vertex -38.996 -2.85804 10.6339
    endloop
  endfacet
  facet normal -0.0702051 -0.0674903 -0.995247
    outer loop
      vertex -18.5972 -3.98851 9.2579
      vertex -18.5972 -4.63205 9.30154
      vertex -32.1963 -3.75647 10.2014
    endloop
  endfacet
  facet normal -0.0713905 -0.0876005 -0.993594
    outer loop
      vertex -18.5972 -4.63205 9.30154
      vertex -28.7965 -4.525 10.0249
      vertex -32.1963 -3.75647 10.2014
    endloop
  endfacet
  facet normal -0.0715138 -0.149338 -0.986197
    outer loop
      vertex -18.5972 -4.63205 9.30154
      vertex -18.5972 -5.2672 9.39772
      vertex -28.7965 -4.525 10.0249
    endloop
  endfacet
  facet normal -0.158525 -0.214789 -0.963709
    outer loop
      vertex -38.996 -3.78191 10.6339
      vertex -38.996 -4.63122 10.8232
      vertex -41.6179 -3.50047 11.0024
    endloop
  endfacet
  facet normal -0.14069 -0.171634 -0.975063
    outer loop
      vertex -41.6179 -3.50047 11.0024
      vertex -38.996 -4.63122 10.8232
      vertex -41.6179 -4.30575 11.1442
    endloop
  endfacet
  facet normal -0.125253 -0.3308 -0.935352
    outer loop
      vertex -41.6179 -4.30575 11.1442
      vertex -40.3057 -4.74413 11.1235
      vertex -41.6179 -4.58775 11.2439
    endloop
  endfacet
  facet normal -0.16317 -0.44693 -0.879562
    outer loop
      vertex -38.996 -4.63122 10.8232
      vertex -40.3057 -4.74413 11.1235
      vertex -41.6179 -4.30575 11.1442
    endloop
  endfacet
  facet normal -0.154341 -0.490735 -0.85753
    outer loop
      vertex -38.996 -4.63122 10.8232
      vertex -38.996 -4.91292 10.9844
      vertex -40.3057 -4.74413 11.1235
    endloop
  endfacet
  facet normal -0.0821319 -0 -0.996621
    outer loop
      vertex -48.6722 -3.53491 11.8215
      vertex -45.1451 -4.18763 11.5308
      vertex -48.6722 -3.78144 11.8215
    endloop
  endfacet
  facet normal -0.109931 -0.156965 -0.981467
    outer loop
      vertex -45.1451 -3.91707 11.4875
      vertex -45.1451 -4.18763 11.5308
      vertex -48.6722 -3.53491 11.8215
    endloop
  endfacet
  facet normal -0.0971585 -0.157175 -0.98278
    outer loop
      vertex -45.1451 -3.91707 11.4875
      vertex -43.3816 -4.38766 11.3884
      vertex -45.1451 -4.18763 11.5308
    endloop
  endfacet
  facet normal -0.12125 -0.252243 -0.960038
    outer loop
      vertex -41.6179 -4.30575 11.1442
      vertex -43.3816 -4.38766 11.3884
      vertex -45.1451 -3.91707 11.4875
    endloop
  endfacet
  facet normal -0.114334 -0.331239 -0.936594
    outer loop
      vertex -41.6179 -4.30575 11.1442
      vertex -41.6179 -4.58775 11.2439
      vertex -43.3816 -4.38766 11.3884
    endloop
  endfacet
  facet normal -0.991364 -0.0510439 -0.120794
    outer loop
      vertex -51.8123 -1.06911 12.6147
      vertex -51.7791 -1.56044 12.5498
      vertex -51.8123 -1.16115 12.6536
    endloop
  endfacet
  facet normal -0.928971 -0.0139338 -0.369891
    outer loop
      vertex -51.7419 -1.59944 12.4578
      vertex -51.7791 -1.56044 12.5498
      vertex -51.8123 -1.06911 12.6147
    endloop
  endfacet
  facet normal -0.914531 -0.333891 -0.228365
    outer loop
      vertex -51.7419 -1.59944 12.4578
      vertex -51.2889 -2.7031 12.2574
      vertex -51.7791 -1.56044 12.5498
    endloop
  endfacet
  facet normal -0.698141 -0.159786 -0.697902
    outer loop
      vertex -51.2889 -2.47724 12.2057
      vertex -51.2889 -2.7031 12.2574
      vertex -51.7419 -1.59944 12.4578
    endloop
  endfacet
  facet normal -0.388439 -0.205652 -0.898233
    outer loop
      vertex -51.2889 -2.47724 12.2057
      vertex -50.3731 -3.54124 12.0532
      vertex -51.2889 -2.7031 12.2574
    endloop
  endfacet
  facet normal -0.341056 -0.160866 -0.926177
    outer loop
      vertex -50.3731 -3.24369 12.0016
      vertex -50.3731 -3.54124 12.0532
      vertex -51.2889 -2.47724 12.2057
    endloop
  endfacet
  facet normal -0.196715 -0.167782 -0.965998
    outer loop
      vertex -50.3731 -3.24369 12.0016
      vertex -49.5662 -3.923 11.9552
      vertex -50.3731 -3.54124 12.0532
    endloop
  endfacet
  facet normal -0.186535 -0.155411 -0.970078
    outer loop
      vertex -49.5662 -3.59261 11.9023
      vertex -49.5662 -3.923 11.9552
      vertex -50.3731 -3.24369 12.0016
    endloop
  endfacet
  facet normal -0.114614 -0.157145 -0.980902
    outer loop
      vertex -49.5662 -3.59261 11.9023
      vertex -48.6722 -4.12887 11.8837
      vertex -49.5662 -3.923 11.9552
    endloop
  endfacet
  facet normal -0.125271 -0.175061 -0.976556
    outer loop
      vertex -48.6722 -3.78144 11.8215
      vertex -48.6722 -4.12887 11.8837
      vertex -49.5662 -3.59261 11.9023
    endloop
  endfacet
  facet normal -0.994744 -0.100959 -0.0170467
    outer loop
      vertex -51.8123 -1.28337 12.8081
      vertex -51.7419 -1.98588 12.8604
      vertex -51.8123 -1.3 12.9066
    endloop
  endfacet
  facet normal -0.98788 -0.0895667 0.126773
    outer loop
      vertex -51.7791 -1.7395 12.7446
      vertex -51.7419 -1.98588 12.8604
      vertex -51.8123 -1.28337 12.8081
    endloop
  endfacet
  facet normal -0.859826 -0.317718 -0.399694
    outer loop
      vertex -51.2889 -3.11553 12.7839
      vertex -51.7419 -1.98588 12.8604
      vertex -51.7791 -1.7395 12.7446
    endloop
  endfacet
  facet normal -0.935072 -0.336309 -0.111964
    outer loop
      vertex -51.2889 -3.04229 12.5639
      vertex -51.2889 -3.11553 12.7839
      vertex -51.7791 -1.7395 12.7446
    endloop
  endfacet
  facet normal -0.78622 -0.586308 -0.195195
    outer loop
      vertex -51.2889 -3.04229 12.5639
      vertex -50.8843 -3.64612 12.7479
      vertex -51.2889 -3.11553 12.7839
    endloop
  endfacet
  facet normal -0.678135 -0.588557 -0.440151
    outer loop
      vertex -50.3731 -3.99982 12.4333
      vertex -50.8843 -3.64612 12.7479
      vertex -51.2889 -3.04229 12.5639
    endloop
  endfacet
  facet normal -0.652106 -0.712813 -0.258179
    outer loop
      vertex -50.3731 -3.99982 12.4333
      vertex -50.3731 -4.10259 12.717
      vertex -50.8843 -3.64612 12.7479
    endloop
  endfacet
  facet normal -0.468834 -0.83049 -0.300801
    outer loop
      vertex -50.3731 -3.99982 12.4333
      vertex -49.5662 -4.54712 12.6867
      vertex -50.3731 -4.10259 12.717
    endloop
  endfacet
  facet normal -0.468643 -0.830427 -0.301273
    outer loop
      vertex -49.5662 -4.43321 12.3727
      vertex -49.5662 -4.54712 12.6867
      vertex -50.3731 -3.99982 12.4333
    endloop
  endfacet
  facet normal -0.233841 -0.913985 -0.331587
    outer loop
      vertex -49.5662 -4.43321 12.3727
      vertex -48.6722 -4.76998 12.6705
      vertex -49.5662 -4.54712 12.6867
    endloop
  endfacet
  facet normal -0.241536 -0.918373 -0.313449
    outer loop
      vertex -48.6722 -4.65597 12.3365
      vertex -48.6722 -4.76998 12.6705
      vertex -49.5662 -4.43321 12.3727
    endloop
  endfacet
  facet normal -0.997038 -0.0674227 -0.0370042
    outer loop
      vertex -51.8123 -1.2353 12.7205
      vertex -51.7791 -1.7395 12.7446
      vertex -51.8123 -1.28337 12.8081
    endloop
  endfacet
  facet normal -0.996733 -0.0677358 -0.0439881
    outer loop
      vertex -51.7791 -1.66643 12.6321
      vertex -51.7791 -1.7395 12.7446
      vertex -51.8123 -1.2353 12.7205
    endloop
  endfacet
  facet normal -0.92474 -0.319198 -0.207289
    outer loop
      vertex -51.7791 -1.66643 12.6321
      vertex -51.2889 -3.04229 12.5639
      vertex -51.7791 -1.7395 12.7446
    endloop
  endfacet
  facet normal -0.916643 -0.314351 -0.246878
    outer loop
      vertex -51.2889 -2.89906 12.3815
      vertex -51.2889 -3.04229 12.5639
      vertex -51.7791 -1.66643 12.6321
    endloop
  endfacet
  facet normal -0.673186 -0.581562 -0.456734
    outer loop
      vertex -51.2889 -2.89906 12.3815
      vertex -50.3731 -3.99982 12.4333
      vertex -51.2889 -3.04229 12.5639
    endloop
  endfacet
  facet normal -0.660301 -0.572236 -0.486363
    outer loop
      vertex -50.3731 -3.80416 12.2031
      vertex -50.3731 -3.99982 12.4333
      vertex -51.2889 -2.89906 12.3815
    endloop
  endfacet
  facet normal -0.41631 -0.692795 -0.58883
    outer loop
      vertex -50.3731 -3.80416 12.2031
      vertex -49.5662 -4.43321 12.3727
      vertex -50.3731 -3.99982 12.4333
    endloop
  endfacet
  facet normal -0.414272 -0.691102 -0.592247
    outer loop
      vertex -49.5662 -4.21554 12.1187
      vertex -49.5662 -4.43321 12.3727
      vertex -50.3731 -3.80416 12.2031
    endloop
  endfacet
  facet normal -0.210737 -0.742273 -0.636098
    outer loop
      vertex -49.5662 -4.21554 12.1187
      vertex -48.6722 -4.65597 12.3365
      vertex -49.5662 -4.43321 12.3727
    endloop
  endfacet
  facet normal -0.22228 -0.755756 -0.615975
    outer loop
      vertex -48.6722 -4.43298 12.0629
      vertex -48.6722 -4.65597 12.3365
      vertex -49.5662 -4.21554 12.1187
    endloop
  endfacet
  facet normal -0.995644 -0.0624782 -0.0692002
    outer loop
      vertex -51.8123 -1.16115 12.6536
      vertex -51.7791 -1.66643 12.6321
      vertex -51.8123 -1.2353 12.7205
    endloop
  endfacet
  facet normal -0.994878 -0.0619738 -0.0798607
    outer loop
      vertex -51.7791 -1.56044 12.5498
      vertex -51.7791 -1.66643 12.6321
      vertex -51.8123 -1.16115 12.6536
    endloop
  endfacet
  facet normal -0.889383 -0.280276 -0.36117
    outer loop
      vertex -51.7791 -1.56044 12.5498
      vertex -51.2889 -2.89906 12.3815
      vertex -51.7791 -1.66643 12.6321
    endloop
  endfacet
  facet normal -0.868386 -0.265324 -0.418937
    outer loop
      vertex -51.2889 -2.7031 12.2574
      vertex -51.2889 -2.89906 12.3815
      vertex -51.7791 -1.56044 12.5498
    endloop
  endfacet
  facet normal -0.569805 -0.439691 -0.694258
    outer loop
      vertex -51.2889 -2.7031 12.2574
      vertex -50.3731 -3.80416 12.2031
      vertex -51.2889 -2.89906 12.3815
    endloop
  endfacet
  facet normal -0.543113 -0.415752 -0.729505
    outer loop
      vertex -50.3731 -3.54124 12.0532
      vertex -50.3731 -3.80416 12.2031
      vertex -51.2889 -2.7031 12.2574
    endloop
  endfacet
  facet normal -0.324685 -0.468318 -0.82174
    outer loop
      vertex -50.3731 -3.54124 12.0532
      vertex -49.5662 -4.21554 12.1187
      vertex -50.3731 -3.80416 12.2031
    endloop
  endfacet
  facet normal -0.319207 -0.4623 -0.827276
    outer loop
      vertex -49.5662 -3.923 11.9552
      vertex -49.5662 -4.21554 12.1187
      vertex -50.3731 -3.54124 12.0532
    endloop
  endfacet
  facet normal -0.170622 -0.480667 -0.860143
    outer loop
      vertex -49.5662 -3.923 11.9552
      vertex -48.6722 -4.43298 12.0629
      vertex -49.5662 -4.21554 12.1187
    endloop
  endfacet
  facet normal -0.182637 -0.498985 -0.847147
    outer loop
      vertex -48.6722 -4.12887 11.8837
      vertex -48.6722 -4.43298 12.0629
      vertex -49.5662 -3.923 11.9552
    endloop
  endfacet
  facet normal -0.994804 -0.10181 0
    outer loop
      vertex -51.7419 -1.98793 12.8825
      vertex -51.8123 -1.3 12.9214
      vertex -51.8123 -1.3 12.9066
    endloop
  endfacet
  facet normal -0.994793 -0.101479 -0.00940645
    outer loop
      vertex -51.7419 -1.98588 12.8604
      vertex -51.7419 -1.98793 12.8825
      vertex -51.8123 -1.3 12.9066
    endloop
  endfacet
  facet normal -0.928603 -0.369492 -0.0342494
    outer loop
      vertex -51.7419 -1.98588 12.8604
      vertex -51.2889 -3.12043 12.818
      vertex -51.7419 -1.98793 12.8825
    endloop
  endfacet
  facet normal -0.92809 -0.368595 -0.0527799
    outer loop
      vertex -51.2889 -3.11553 12.7839
      vertex -51.2889 -3.12043 12.818
      vertex -51.7419 -1.98588 12.8604
    endloop
  endfacet
  facet normal -0.733064 -0.673293 -0.0964102
    outer loop
      vertex -51.2889 -3.11553 12.7839
      vertex -50.3731 -4.10945 12.7616
      vertex -51.2889 -3.12043 12.818
    endloop
  endfacet
  facet normal -0.264872 -0.264784 0.927218
    outer loop
      vertex -50.8843 -3.64612 12.7479
      vertex -50.3731 -4.10945 12.7616
      vertex -51.2889 -3.11553 12.7839
    endloop
  endfacet
  facet normal -0.665561 -0.737686 -0.113348
    outer loop
      vertex -50.3731 -4.10259 12.717
      vertex -50.3731 -4.10945 12.7616
      vertex -50.8843 -3.64612 12.7479
    endloop
  endfacet
  facet normal -0.481783 -0.866126 -0.133084
    outer loop
      vertex -50.3731 -4.10259 12.717
      vertex -49.5662 -4.55435 12.736
      vertex -50.3731 -4.10945 12.7616
    endloop
  endfacet
  facet normal -0.482281 -0.86676 -0.127015
    outer loop
      vertex -49.5662 -4.54712 12.6867
      vertex -49.5662 -4.55435 12.736
      vertex -50.3731 -4.10259 12.717
    endloop
  endfacet
  facet normal -0.240797 -0.960319 -0.140725
    outer loop
      vertex -49.5662 -4.54712 12.6867
      vertex -48.6722 -4.77652 12.7224
      vertex -49.5662 -4.55435 12.736
    endloop
  endfacet
  facet normal -0.242159 -0.962616 -0.121365
    outer loop
      vertex -48.6722 -4.76998 12.6705
      vertex -48.6722 -4.77652 12.7224
      vertex -49.5662 -4.54712 12.6867
    endloop
  endfacet
  facet normal -0.999122 -0.0418925 0
    outer loop
      vertex -51.8003 -1.58622 12.9392
      vertex -51.8123 -1.3 12.9495
      vertex -51.8123 -1.3 12.9214
    endloop
  endfacet
  facet normal -0.484201 -0.0743976 -0.871788
    outer loop
      vertex -51.6058 -2.47418 12.9069
      vertex -51.8003 -1.58622 12.9392
      vertex -51.8123 -1.3 12.9214
    endloop
  endfacet
  facet normal -0.51278 -0.100702 0.852593
    outer loop
      vertex -51.7419 -1.98793 12.8825
      vertex -51.6058 -2.47418 12.9069
      vertex -51.8123 -1.3 12.9214
    endloop
  endfacet
  facet normal -0.385943 -0.153705 -0.909628
    outer loop
      vertex -51.2889 -3.1284 12.883
      vertex -51.6058 -2.47418 12.9069
      vertex -51.7419 -1.98793 12.8825
    endloop
  endfacet
  facet normal -0.928411 -0.368788 -0.0452631
    outer loop
      vertex -51.2889 -3.12043 12.818
      vertex -51.2889 -3.1284 12.883
      vertex -51.7419 -1.98793 12.8825
    endloop
  endfacet
  facet normal -0.795435 -0.601526 -0.073828
    outer loop
      vertex -51.2889 -3.12043 12.818
      vertex -50.8843 -3.66103 12.8635
      vertex -51.2889 -3.1284 12.883
    endloop
  endfacet
  facet normal -0.549456 -0.469371 -0.691223
    outer loop
      vertex -50.3731 -4.10945 12.7616
      vertex -50.8843 -3.66103 12.8635
      vertex -51.2889 -3.12043 12.818
    endloop
  endfacet
  facet normal -0.666118 -0.741836 -0.0772412
    outer loop
      vertex -50.3731 -4.10945 12.7616
      vertex -50.3731 -4.11831 12.8467
      vertex -50.8843 -3.66103 12.8635
    endloop
  endfacet
  facet normal -0.481149 -0.871925 -0.0907862
    outer loop
      vertex -50.3731 -4.10945 12.7616
      vertex -49.5662 -4.56186 12.8302
      vertex -50.3731 -4.11831 12.8467
    endloop
  endfacet
  facet normal -0.483365 -0.872653 -0.0695299
    outer loop
      vertex -49.5662 -4.55435 12.736
      vertex -49.5662 -4.56186 12.8302
      vertex -50.3731 -4.10945 12.7616
    endloop
  endfacet
  facet normal -0.23853 -0.968067 -0.0771322
    outer loop
      vertex -49.5662 -4.55435 12.736
      vertex -48.6722 -4.78144 12.8215
      vertex -49.5662 -4.56186 12.8302
    endloop
  endfacet
  facet normal -0.241585 -0.969185 -0.0481356
    outer loop
      vertex -48.6722 -4.77652 12.7224
      vertex -48.6722 -4.78144 12.8215
      vertex -49.5662 -4.55435 12.736
    endloop
  endfacet
  facet normal -1 0 0
    outer loop
      vertex -51.8123 1 12.6066
      vertex -51.8123 1.3 12.9214
      vertex -51.8123 1.3 12.9066
    endloop
  endfacet
  facet normal -1 -0 0
    outer loop
      vertex -51.8123 1.3 12.9214
      vertex -51.8123 1 12.6066
      vertex -51.8123 1.3 12.9495
    endloop
  endfacet
  facet normal -1 -0 0
    outer loop
      vertex -51.8123 1.3 12.9495
      vertex -51.8123 1 12.6066
      vertex -51.8123 1.3 13
    endloop
  endfacet
  facet normal -1 -0 0
    outer loop
      vertex -51.8123 1.3 13
      vertex -51.8123 0.811731 12.6066
      vertex -51.8123 1.3 13.7068
    endloop
  endfacet
  facet normal -1 0 0
    outer loop
      vertex -51.8123 0 12.6066
      vertex -51.8123 1.3 13.7068
      vertex -51.8123 0.811731 12.6066
    endloop
  endfacet
  facet normal -1 0 -0
    outer loop
      vertex -51.8123 0.276425 14.7418
      vertex -51.8123 1.3 13.7068
      vertex -51.8123 0 12.6066
    endloop
  endfacet
  facet normal -1 0 0
    outer loop
      vertex -51.8123 1 12.6066
      vertex -51.8123 1.3 12.9066
      vertex -51.8123 1.28337 12.8081
    endloop
  endfacet
  facet normal -1 0 0
    outer loop
      vertex -51.8123 1.3 13.7068
      vertex -51.8123 0.276425 14.7418
      vertex -51.8123 1.3 13.9717
    endloop
  endfacet
  facet normal -1 0 0
    outer loop
      vertex -51.8123 1 12.6066
      vertex -51.8123 1.28337 12.8081
      vertex -51.8123 1.2353 12.7205
    endloop
  endfacet
  facet normal -1 -0 -0
    outer loop
      vertex -51.8123 0.552851 14.7418
      vertex -51.8123 1.3 13.9717
      vertex -51.8123 0.276425 14.7418
    endloop
  endfacet
  facet normal -1 0 0
    outer loop
      vertex -51.8123 1 12.6066
      vertex -51.8123 1.2353 12.7205
      vertex -51.8123 1.16115 12.6536
    endloop
  endfacet
  facet normal -1 0 0
    outer loop
      vertex -51.8123 1.3 14.0452
      vertex -51.8123 0.661458 14.7418
      vertex -51.8123 1.3 14.2418
    endloop
  endfacet
  facet normal -1 0 0
    outer loop
      vertex -51.8123 1 12.6066
      vertex -51.8123 1.16115 12.6536
      vertex -51.8123 1.06911 12.6147
    endloop
  endfacet
  facet normal -1 0 0
    outer loop
      vertex -51.8123 1.3 13
      vertex -51.8123 1 12.6066
      vertex -51.8123 0.811731 12.6066
    endloop
  endfacet
  facet normal -1 -0 -0
    outer loop
      vertex -51.8123 0.799999 14.7418
      vertex -51.8123 1.3 14.2418
      vertex -51.8123 0.661458 14.7418
    endloop
  endfacet
  facet normal -1 0 0
    outer loop
      vertex -51.8123 1.27838 14.3871
      vertex -51.8123 0.799999 14.7418
      vertex -51.8123 1.21555 14.5198
    endloop
  endfacet
  facet normal -1 0 0
    outer loop
      vertex -51.8123 1.21555 14.5198
      vertex -51.8123 0.799999 14.7418
      vertex -51.8123 1.11686 14.6285
    endloop
  endfacet
  facet normal -1 0 0
    outer loop
      vertex -51.8123 0.990737 14.7039
      vertex -51.8123 0.799999 14.7418
      vertex -51.8123 0.897218 14.7322
    endloop
  endfacet
  facet normal -1 0 0
    outer loop
      vertex -51.8123 1.11686 14.6285
      vertex -51.8123 0.799999 14.7418
      vertex -51.8123 0.990737 14.7039
    endloop
  endfacet
  facet normal -1 0 0
    outer loop
      vertex -51.8123 1.3 14.2418
      vertex -51.8123 0.799999 14.7418
      vertex -51.8123 1.27838 14.3871
    endloop
  endfacet
  facet normal -1 -0 -0
    outer loop
      vertex -51.8123 0.661458 14.7418
      vertex -51.8123 1.3 14.0452
      vertex -51.8123 0.552851 14.7418
    endloop
  endfacet
  facet normal -1 0 0
    outer loop
      vertex -51.8123 1.3 13.9717
      vertex -51.8123 0.552851 14.7418
      vertex -51.8123 1.3 14.0452
    endloop
  endfacet
  facet normal -1 -0 0
    outer loop
      vertex -51.8123 0.276425 14.7418
      vertex -51.8123 0 12.6066
      vertex -51.8123 0.0691061 14.7418
    endloop
  endfacet
  facet normal -1 -0 0
    outer loop
      vertex -51.8123 0.0691061 14.7418
      vertex -51.8123 0 12.6066
      vertex -51.8123 0.0345526 14.7418
    endloop
  endfacet
  facet normal -1 -0 0
    outer loop
      vertex -51.8123 0.0345526 14.7418
      vertex -51.8123 0 12.6066
      vertex -51.8123 0.0172758 14.7418
    endloop
  endfacet
  facet normal -1 -0 0
    outer loop
      vertex -51.8123 0.0172758 14.7418
      vertex -51.8123 0 12.6066
      vertex -51.8123 0.00863743 14.7418
    endloop
  endfacet
  facet normal -1 0 0
    outer loop
      vertex -51.8123 0 12.6066
      vertex -51.8123 0 14.7418
      vertex -51.8123 0.00863743 14.7418
    endloop
  endfacet
  facet normal -1 0 0
    outer loop
      vertex -51.8123 0 12.6066
      vertex -51.8123 -0.00863743 14.7418
      vertex -51.8123 0 14.7418
    endloop
  endfacet
  facet normal -1 0 0
    outer loop
      vertex -51.8123 0 12.6066
      vertex -51.8123 -0.0172758 14.7418
      vertex -51.8123 -0.00863743 14.7418
    endloop
  endfacet
  facet normal -1 0 0
    outer loop
      vertex -51.8123 0 12.6066
      vertex -51.8123 -0.0345526 14.7418
      vertex -51.8123 -0.0172758 14.7418
    endloop
  endfacet
  facet normal -1 0 0
    outer loop
      vertex -51.8123 0 12.6066
      vertex -51.8123 -0.0691061 14.7418
      vertex -51.8123 -0.0345526 14.7418
    endloop
  endfacet
  facet normal -1 0 0
    outer loop
      vertex -51.8123 0 12.6066
      vertex -51.8123 -0.276425 14.7418
      vertex -51.8123 -0.0691061 14.7418
    endloop
  endfacet
  facet normal -1 0 0
    outer loop
      vertex -51.8123 -1.3 13.7068
      vertex -51.8123 -0.276425 14.7418
      vertex -51.8123 0 12.6066
    endloop
  endfacet
  facet normal -1 0 0
    outer loop
      vertex -51.8123 -1.3 13.9717
      vertex -51.8123 -0.276425 14.7418
      vertex -51.8123 -1.3 13.7068
    endloop
  endfacet
  facet normal -1 -0 0
    outer loop
      vertex -51.8123 -0.276425 14.7418
      vertex -51.8123 -1.3 13.9717
      vertex -51.8123 -0.552851 14.7418
    endloop
  endfacet
  facet normal -1 0 0
    outer loop
      vertex -51.8123 -1.3 13.7068
      vertex -51.8123 0 12.6066
      vertex -51.8123 -0.811731 12.6066
    endloop
  endfacet
  facet normal -1 0 0
    outer loop
      vertex -51.8123 -1.3 14.0452
      vertex -51.8123 -0.552851 14.7418
      vertex -51.8123 -1.3 13.9717
    endloop
  endfacet
  facet normal -1 -0 0
    outer loop
      vertex -51.8123 -0.552851 14.7418
      vertex -51.8123 -1.3 14.0452
      vertex -51.8123 -0.661458 14.7418
    endloop
  endfacet
  facet normal -1 0 0
    outer loop
      vertex -51.8123 -1.3 13
      vertex -51.8123 -0.811731 12.6066
      vertex -51.8123 -1 12.6066
    endloop
  endfacet
  facet normal -1 0 0
    outer loop
      vertex -51.8123 -1.3 12.9066
      vertex -51.8123 -1 12.6066
      vertex -51.8123 -1.06911 12.6147
    endloop
  endfacet
  facet normal -1 0 0
    outer loop
      vertex -51.8123 -1.3 14.2418
      vertex -51.8123 -0.661458 14.7418
      vertex -51.8123 -1.3 14.0452
    endloop
  endfacet
  facet normal -1 0 0
    outer loop
      vertex -51.8123 -1.3 12.9066
      vertex -51.8123 -1.06911 12.6147
      vertex -51.8123 -1.16115 12.6536
    endloop
  endfacet
  facet normal -1 -0 0
    outer loop
      vertex -51.8123 -0.661458 14.7418
      vertex -51.8123 -1.3 14.2418
      vertex -51.8123 -0.799999 14.7418
    endloop
  endfacet
  facet normal -1 0 0
    outer loop
      vertex -51.8123 -1.3 12.9066
      vertex -51.8123 -1.16115 12.6536
      vertex -51.8123 -1.2353 12.7205
    endloop
  endfacet
  facet normal -1 0 0
    outer loop
      vertex -51.8123 -0.799999 14.7418
      vertex -51.8123 -1.3 14.2418
      vertex -51.8123 -0.897218 14.7322
    endloop
  endfacet
  facet normal -1 0 0
    outer loop
      vertex -51.8123 -1.3 12.9066
      vertex -51.8123 -1.2353 12.7205
      vertex -51.8123 -1.28337 12.8081
    endloop
  endfacet
  facet normal -1 0 0
    outer loop
      vertex -51.8123 -1 12.6066
      vertex -51.8123 -1.3 12.9066
      vertex -51.8123 -1.3 12.9214
    endloop
  endfacet
  facet normal -1 0 0
    outer loop
      vertex -51.8123 -1 12.6066
      vertex -51.8123 -1.3 12.9214
      vertex -51.8123 -1.3 12.9495
    endloop
  endfacet
  facet normal -1 0 0
    outer loop
      vertex -51.8123 -1 12.6066
      vertex -51.8123 -1.3 12.9495
      vertex -51.8123 -1.3 13
    endloop
  endfacet
  facet normal -1 0 0
    outer loop
      vertex -51.8123 -0.811731 12.6066
      vertex -51.8123 -1.3 13
      vertex -51.8123 -1.3 13.7068
    endloop
  endfacet
  facet normal -1 0 0
    outer loop
      vertex -51.8123 -0.897218 14.7322
      vertex -51.8123 -1.3 14.2418
      vertex -51.8123 -0.990737 14.7039
    endloop
  endfacet
  facet normal -1 0 0
    outer loop
      vertex -51.8123 -0.990737 14.7039
      vertex -51.8123 -1.3 14.2418
      vertex -51.8123 -1.11686 14.6285
    endloop
  endfacet
  facet normal -1 0 0
    outer loop
      vertex -51.8123 -1.11686 14.6285
      vertex -51.8123 -1.3 14.2418
      vertex -51.8123 -1.21555 14.5198
    endloop
  endfacet
  facet normal -1 0 0
    outer loop
      vertex -51.8123 -1.21555 14.5198
      vertex -51.8123 -1.3 14.2418
      vertex -51.8123 -1.27838 14.3871
    endloop
  endfacet
  facet normal -0.989562 -0.144108 0
    outer loop
      vertex -51.7249 -1.90018 13.8769
      vertex -51.8123 -1.3 13.7068
      vertex -51.8123 -1.3 13
    endloop
  endfacet
  facet normal -0.993482 -0.111733 0.0225482
    outer loop
      vertex -51.7249 -2.07714 13
      vertex -51.7249 -1.90018 13.8769
      vertex -51.8123 -1.3 13
    endloop
  endfacet
  facet normal -0.938609 -0.338166 0.0682433
    outer loop
      vertex -51.5336 -2.39898 14.0363
      vertex -51.7249 -1.90018 13.8769
      vertex -51.7249 -2.07714 13
    endloop
  endfacet
  facet normal -0.948423 -0.3068 0.0797963
    outer loop
      vertex -51.5336 -2.66851 13
      vertex -51.5336 -2.39898 14.0363
      vertex -51.7249 -2.07714 13
    endloop
  endfacet
  facet normal -0.858164 -0.496845 0.129225
    outer loop
      vertex -51.0382 -3.18268 14.313
      vertex -51.5336 -2.39898 14.0363
      vertex -51.5336 -2.66851 13
    endloop
  endfacet
  facet normal -0.851458 -0.510158 0.121482
    outer loop
      vertex -51.0382 -3.49534 13
      vertex -51.0382 -3.18268 14.313
      vertex -51.5336 -2.66851 13
    endloop
  endfacet
  facet normal -0.764468 -0.627127 0.149335
    outer loop
      vertex -50.6039 -3.66852 14.4959
      vertex -51.0382 -3.18268 14.313
      vertex -51.0382 -3.49534 13
    endloop
  endfacet
  facet normal -0.713786 -0.688662 0.127497
    outer loop
      vertex -50.6039 -3.94548 13
      vertex -50.6039 -3.66852 14.4959
      vertex -51.0382 -3.49534 13
    endloop
  endfacet
  facet normal -0.674216 -0.726194 0.134445
    outer loop
      vertex -50.1114 -4.0949 14.6627
      vertex -50.6039 -3.66852 14.4959
      vertex -50.6039 -3.94548 13
    endloop
  endfacet
  facet normal -0.583606 -0.805799 0.100453
    outer loop
      vertex -50.1114 -4.30218 13
      vertex -50.1114 -4.0949 14.6627
      vertex -50.6039 -3.94548 13
    endloop
  endfacet
  facet normal -0.540407 -0.834941 0.104086
    outer loop
      vertex -49.4223 -4.51878 14.8403
      vertex -50.1114 -4.0949 14.6627
      vertex -50.1114 -4.30218 13
    endloop
  endfacet
  facet normal -0.438202 -0.89697 0.0585136
    outer loop
      vertex -49.5745 -4.56447 13
      vertex -49.4223 -4.51878 14.8403
      vertex -50.1114 -4.30218 13
    endloop
  endfacet
  facet normal -0.338224 -0.939666 0.0513048
    outer loop
      vertex -48.6722 -4.78144 14.9745
      vertex -49.4223 -4.51878 14.8403
      vertex -49.5745 -4.56447 13
    endloop
  endfacet
  facet normal -0.279537 -0.959877 0.0222656
    outer loop
      vertex -49 -4.73178 13
      vertex -48.6722 -4.78144 14.9745
      vertex -49.5745 -4.56447 13
    endloop
  endfacet
  facet normal -0.149787 -0.988718 0
    outer loop
      vertex -48.6722 -4.78144 13.049
      vertex -48.6722 -4.78144 14.9745
      vertex -49 -4.73178 13
    endloop
  endfacet
  facet normal -0.0984908 -0.995138 0
    outer loop
      vertex -38.996 -5.78191 14.2157
      vertex -38.996 -5.78191 15.9728
      vertex -42.4564 -5.43943 13.8603
    endloop
  endfacet
  facet normal -0.0867019 -0.996044 -0.0194584
    outer loop
      vertex -42.4564 -5.43943 13.8603
      vertex -38.996 -5.78191 15.9728
      vertex -42.6 -5.46292 15.7023
    endloop
  endfacet
  facet normal -0.0686911 -0.997474 -0.0180725
    outer loop
      vertex -42.4564 -5.43943 13.8603
      vertex -42.6 -5.46292 15.7023
      vertex -45.8112 -5.23534 15.3472
    endloop
  endfacet
  facet normal -0.109919 -0.987559 -0.112453
    outer loop
      vertex -42.4564 -5.43943 13.8603
      vertex -45.8112 -5.23534 15.3472
      vertex -47.2523 -5.05445 15.1673
    endloop
  endfacet
  facet normal -0.147865 -0.95377 -0.261648
    outer loop
      vertex -42.4564 -5.43943 13.8603
      vertex -47.2523 -5.05445 15.1673
      vertex -48.6722 -4.78144 14.9745
    endloop
  endfacet
  facet normal -0.10527 -0.994444 0
    outer loop
      vertex -42.4564 -5.43943 13.8603
      vertex -48.6722 -4.78144 14.9745
      vertex -48.6722 -4.78144 13.049
    endloop
  endfacet
  facet normal -0.102185 -0.994756 -0.00423487
    outer loop
      vertex -25.7746 -7.16131 16.6735
      vertex 0 -9.81425 17.9161
      vertex 0 -9.8147 18.0201
    endloop
  endfacet
  facet normal -0.102185 -0.994756 -0.00423776
    outer loop
      vertex 0 -9.81425 17.9161
      vertex -25.7746 -7.16131 16.6735
      vertex -27.3023 -6.99688 14.9131
    endloop
  endfacet
  facet normal -0.103362 -0.994622 0.00659524
    outer loop
      vertex 0 -9.81425 17.9161
      vertex -25.1586 -7.21936 14.9572
      vertex 0 -9.81434 17.9033
    endloop
  endfacet
  facet normal -0.103359 -0.994622 0.00656568
    outer loop
      vertex -25.1586 -7.21936 14.9572
      vertex 0 -9.81425 17.9161
      vertex -27.3023 -6.99688 14.9131
    endloop
  endfacet
  facet normal -0.103055 -0.994668 0.00392867
    outer loop
      vertex 0 -9.81434 17.9033
      vertex -24.4197 -7.29589 14.9664
      vertex 0 -9.81436 17.898
    endloop
  endfacet
  facet normal -0.103066 -0.994666 0.00402402
    outer loop
      vertex -24.4197 -7.29589 14.9664
      vertex 0 -9.81434 17.9033
      vertex -25.1586 -7.21936 14.9572
    endloop
  endfacet
  facet normal -0.102485 -0.994734 -0.000875058
    outer loop
      vertex -20.0219 -7.7487 14.6519
      vertex 0 -9.81436 17.898
      vertex -24.4197 -7.29589 14.9664
    endloop
  endfacet
  facet normal -0.102485 -0.994734 -0.000873676
    outer loop
      vertex 0 -9.81436 17.898
      vertex -20.0219 -7.7487 14.6519
      vertex 0 -9.8143 17.8285
    endloop
  endfacet
  facet normal -0.102308 -0.994751 -0.00200149
    outer loop
      vertex -17.6965 -7.98693 14.1875
      vertex 0 -9.8143 17.8285
      vertex -20.0219 -7.7487 14.6519
    endloop
  endfacet
  facet normal -0.102309 -0.994751 -0.00199764
    outer loop
      vertex 0 -9.8143 17.8285
      vertex -17.6965 -7.98693 14.1875
      vertex 0 -9.81415 17.7516
    endloop
  endfacet
  facet normal -0.102372 -0.994745 -0.00168177
    outer loop
      vertex -16.229 -8.13674 13.4717
      vertex 0 -9.81415 17.7516
      vertex -17.6965 -7.98693 14.1875
    endloop
  endfacet
  facet normal -0.102372 -0.994745 -0.00168171
    outer loop
      vertex 0 -9.81415 17.7516
      vertex -16.229 -8.13674 13.4717
      vertex 0 -9.81397 17.6506
    endloop
  endfacet
  facet normal -0.102409 -0.994741 -0.00153683
    outer loop
      vertex -16.1499 -8.14477 13.397
      vertex 0 -9.81397 17.6506
      vertex -16.229 -8.13674 13.4717
    endloop
  endfacet
  facet normal -0.102394 -0.994743 -0.00159159
    outer loop
      vertex 0 -9.81397 17.6506
      vertex -16.1499 -8.14477 13.397
      vertex 0 -9.81396 17.6411
    endloop
  endfacet
  facet normal -0.1024 -0.994742 -0.0015694
    outer loop
      vertex -16.1499 -8.14477 13.397
      vertex 0 -9.81389 17.597
      vertex 0 -9.81396 17.6411
    endloop
  endfacet
  facet normal -0.102399 -0.994742 -0.00157291
    outer loop
      vertex 0 -9.81389 17.597
      vertex -16.1499 -8.14477 13.397
      vertex -16 -8.15957 13
    endloop
  endfacet
  facet normal -0.102846 -0.994697 0
    outer loop
      vertex 0 -9.81389 13
      vertex 0 -9.81389 17.597
      vertex -16 -8.15957 13
    endloop
  endfacet
  facet normal -0.103142 -0.994661 -0.00339809
    outer loop
      vertex -27.3023 -6.99688 14.9131
      vertex -25.7746 -7.16131 16.6735
      vertex -38.996 -5.78191 14.2157
    endloop
  endfacet
  facet normal -0.103767 -0.994602 0
    outer loop
      vertex -25.7746 -7.16131 16.6735
      vertex -38.996 -5.78191 15.9728
      vertex -38.996 -5.78191 14.2157
    endloop
  endfacet
  facet normal -0.0350456 0 0.999386
    outer loop
      vertex -24.4197 -51.2578 14.9664
      vertex -24.4197 -7.29589 14.9664
      vertex -33.1886 -51.5626 14.6589
    endloop
  endfacet
  facet normal -0.0128641 -0.00439761 0.999908
    outer loop
      vertex -24.4197 -7.29589 14.9664
      vertex -25.1586 -7.21936 14.9572
      vertex -33.1886 -51.5626 14.6589
    endloop
  endfacet
  facet normal -0.0369672 -2.8866e-005 0.999316
    outer loop
      vertex -25.1586 -7.21936 14.9572
      vertex -33.1324 -7.21936 14.6622
      vertex -33.1886 -51.5626 14.6589
    endloop
  endfacet
  facet normal -0.0782649 2.36531e-005 0.996933
    outer loop
      vertex -33.1886 -51.5626 14.6589
      vertex -33.1324 -7.21936 14.6622
      vertex -39.7693 -52.0938 14.1423
    endloop
  endfacet
  facet normal -0.0818171 0.00055233 0.996647
    outer loop
      vertex -39.7693 -52.0938 14.1423
      vertex -33.1324 -7.21936 14.6622
      vertex -41.0849 -7.21936 14.0094
    endloop
  endfacet
  facet normal -0.12316 -0.00067234 0.992387
    outer loop
      vertex -39.7693 -52.0938 14.1423
      vertex -41.0849 -7.21936 14.0094
      vertex -49 -47.2194 13
    endloop
  endfacet
  facet normal -0.126504 0 0.991966
    outer loop
      vertex -41.0849 -7.21936 14.0094
      vertex -49 -7.21936 13
      vertex -49 -47.2194 13
    endloop
  endfacet
  facet normal -0.466955 -0.884281 -6.28805e-006
    outer loop
      vertex -39.8259 -52.0639 11.8633
      vertex -39.81 -52.0723 12.4191
      vertex -49 -47.2194 13
    endloop
  endfacet
  facet normal -0.466955 -0.884281 2.44148e-006
    outer loop
      vertex -39.81 -52.0723 12.4191
      vertex -39.7939 -52.0807 13
      vertex -49 -47.2194 13
    endloop
  endfacet
  facet normal -0.466955 -0.884281 -3.70027e-005
    outer loop
      vertex -39.7939 -52.0807 13
      vertex -39.7693 -52.0938 14.1423
      vertex -49 -47.2194 13
    endloop
  endfacet
  facet normal 0.0232671 0 -0.999729
    outer loop
      vertex -24.4197 -7.21936 11.0336
      vertex -22.6052 -51.1441 11.0758
      vertex -24.4197 -51.1453 11.0336
    endloop
  endfacet
  facet normal 0.0412139 0.000741925 -0.99915
    outer loop
      vertex -21.6383 -7.21936 11.1483
      vertex -22.6052 -51.1441 11.0758
      vertex -24.4197 -7.21936 11.0336
    endloop
  endfacet
  facet normal 0.126561 -0.00114866 -0.991958
    outer loop
      vertex -21.6383 -7.21936 11.1483
      vertex -18.8552 -51.3586 11.5545
      vertex -22.6052 -51.1441 11.0758
    endloop
  endfacet
  facet normal 0.123578 -0.00134023 -0.992334
    outer loop
      vertex -19.9611 -7.50367 11.3576
      vertex -18.8552 -51.3586 11.5545
      vertex -21.6383 -7.21936 11.1483
    endloop
  endfacet
  facet normal 0.204548 0.000762146 -0.978856
    outer loop
      vertex -18.3843 -51.4126 11.6529
      vertex -18.8552 -51.3586 11.5545
      vertex -19.9611 -7.50367 11.3576
    endloop
  endfacet
  facet normal 0.197012 0.000481126 -0.980401
    outer loop
      vertex -17.6965 -7.8932 11.8125
      vertex -18.3843 -51.4126 11.6529
      vertex -19.9611 -7.50367 11.3576
    endloop
  endfacet
  facet normal 0.225999 0 -0.974128
    outer loop
      vertex -17.6965 -7.8932 11.8125
      vertex -17.6965 -51.5032 11.8125
      vertex -18.3843 -51.4126 11.6529
    endloop
  endfacet
  facet normal -0.0779374 -0.287477 -0.954611
    outer loop
      vertex -28.7965 -4.525 10.0249
      vertex -18.5972 -6.01884 9.64209
      vertex -38.996 -3.78191 10.6339
    endloop
  endfacet
  facet normal -0.0927321 -0.725951 -0.681466
    outer loop
      vertex 0 -8.24018 9.18267
      vertex 0 -8.68865 9.66042
      vertex -18.5972 -6.69115 10.0632
    endloop
  endfacet
  facet normal -0.0879899 -0.528751 -0.844204
    outer loop
      vertex -18.5972 -6.69115 10.0632
      vertex 0 -7.66852 8.73698
      vertex 0 -7.72785 8.77414
    endloop
  endfacet
  facet normal -0.0879899 -0.528753 -0.844203
    outer loop
      vertex 0 -7.66852 8.73698
      vertex -18.5972 -6.69115 10.0632
      vertex -18.5972 -6.01884 9.64209
    endloop
  endfacet
  facet normal -0.100225 -0.836863 -0.538159
    outer loop
      vertex -38.996 -5.30611 11.3389
      vertex -30.6611 -6.22009 11.208
      vertex -38.996 -5.59248 11.7843
    endloop
  endfacet
  facet normal -0.0885981 -0.621 -0.778787
    outer loop
      vertex 0 -7.72785 8.77414
      vertex 0 -8.24018 9.18267
      vertex -18.5972 -6.69115 10.0632
    endloop
  endfacet
  facet normal -0.0967155 -0.889155 -0.447269
    outer loop
      vertex 0 -9.14561 10.3054
      vertex 0 -9.44186 10.8944
      vertex -19.9611 -7.50367 11.3576
    endloop
  endfacet
  facet normal -0.0966205 -0.893203 -0.439151
    outer loop
      vertex 0 -9.13437 10.2826
      vertex -19.9611 -7.50367 11.3576
      vertex -21.6383 -7.21936 11.1483
    endloop
  endfacet
  facet normal -0.0966205 -0.893204 -0.439149
    outer loop
      vertex -19.9611 -7.50367 11.3576
      vertex 0 -9.13437 10.2826
      vertex 0 -9.14561 10.3054
    endloop
  endfacet
  facet normal -0.0959429 -0.849653 -0.51854
    outer loop
      vertex 0 -9.1249 10.267
      vertex -21.6383 -7.21936 11.1483
      vertex -24.4197 -6.83526 11.0336
    endloop
  endfacet
  facet normal -0.0959432 -0.849665 -0.51852
    outer loop
      vertex -21.6383 -7.21936 11.1483
      vertex 0 -9.1249 10.267
      vertex 0 -9.13437 10.2826
    endloop
  endfacet
  facet normal -0.0800045 -0.582444 -0.808924
    outer loop
      vertex -24.4197 -6.83526 11.0336
      vertex 0 -9.12324 10.2658
      vertex 0 -9.1249 10.267
    endloop
  endfacet
  facet normal -0.0800135 -0.582571 -0.808832
    outer loop
      vertex 0 -9.12324 10.2658
      vertex -24.4197 -6.83526 11.0336
      vertex -30.6611 -6.22009 11.208
    endloop
  endfacet
  facet normal -0.088393 -0.705287 -0.70339
    outer loop
      vertex 0 -9.11773 10.2603
      vertex -30.6611 -6.22009 11.208
      vertex -38.996 -5.30611 11.3389
    endloop
  endfacet
  facet normal -0.0883908 -0.705252 -0.703425
    outer loop
      vertex -30.6611 -6.22009 11.208
      vertex 0 -9.11773 10.2603
      vertex 0 -9.12324 10.2658
    endloop
  endfacet
  facet normal -0.0955241 -0.815934 -0.570198
    outer loop
      vertex 0 -8.72422 9.69722
      vertex 0 -9.11773 10.2603
      vertex -38.996 -5.30611 11.3389
    endloop
  endfacet
  facet normal -0.0900849 -0.459258 -0.883723
    outer loop
      vertex 0 -6.61815 8.20403
      vertex 0 -7.60219 8.71542
      vertex -18.5972 -5.2672 9.39772
    endloop
  endfacet
  facet normal -0.0735119 -0.308356 -0.948426
    outer loop
      vertex -18.5972 -6.01884 9.64209
      vertex 0 -7.60219 8.71542
      vertex 0 -7.66852 8.73698
    endloop
  endfacet
  facet normal -0.0735115 -0.308351 -0.948428
    outer loop
      vertex 0 -7.60219 8.71542
      vertex -18.5972 -6.01884 9.64209
      vertex -18.5972 -5.2672 9.39772
    endloop
  endfacet
  facet normal -0.0807174 -0.308179 -0.947898
    outer loop
      vertex -18.5972 -5.2672 9.39772
      vertex -18.5972 -6.01884 9.64209
      vertex -28.7965 -4.525 10.0249
    endloop
  endfacet
  facet normal -0.0918951 -0.716038 -0.691987
    outer loop
      vertex -18.5972 -6.69115 10.0632
      vertex 0 -8.72422 9.69722
      vertex -38.996 -5.30611 11.3389
    endloop
  endfacet
  facet normal -0.0918951 -0.716037 -0.691987
    outer loop
      vertex 0 -8.72422 9.69722
      vertex -18.5972 -6.69115 10.0632
      vertex 0 -8.68865 9.66042
    endloop
  endfacet
  facet normal -0.0915304 -0.666885 -0.739517
    outer loop
      vertex -38.996 -4.91292 10.9844
      vertex -18.5972 -6.69115 10.0632
      vertex -38.996 -5.30611 11.3389
    endloop
  endfacet
  facet normal -0.0842438 -0.528925 -0.844477
    outer loop
      vertex -18.5972 -6.01884 9.64209
      vertex -18.5972 -6.69115 10.0632
      vertex -38.996 -4.91292 10.9844
    endloop
  endfacet
  facet normal -0.0837441 -0.494942 -0.864881
    outer loop
      vertex -38.996 -4.63122 10.8232
      vertex -18.5972 -6.01884 9.64209
      vertex -38.996 -4.91292 10.9844
    endloop
  endfacet
  facet normal -0.0711298 -0.216989 -0.973579
    outer loop
      vertex -38.996 -3.78191 10.6339
      vertex -18.5972 -6.01884 9.64209
      vertex -38.996 -4.63122 10.8232
    endloop
  endfacet
  facet normal -0.162991 -0.660741 -0.732704
    outer loop
      vertex -38.996 -4.91292 10.9844
      vertex -38.996 -5.30611 11.3389
      vertex -40.3057 -4.74413 11.1235
    endloop
  endfacet
  facet normal -0.140811 -0.545284 -0.82634
    outer loop
      vertex -41.6179 -4.58775 11.2439
      vertex -40.3057 -4.74413 11.1235
      vertex -41.6179 -5.06991 11.5621
    endloop
  endfacet
  facet normal -0.121049 -0.588545 -0.799351
    outer loop
      vertex -40.3057 -4.74413 11.1235
      vertex -38.996 -5.30611 11.3389
      vertex -41.6179 -5.06991 11.5621
    endloop
  endfacet
  facet normal -0.121358 -0.823303 -0.554477
    outer loop
      vertex -41.6179 -5.06991 11.5621
      vertex -38.996 -5.30611 11.3389
      vertex -41.6179 -5.39667 12.0473
    endloop
  endfacet
  facet normal -0.116276 -0.835393 -0.537213
    outer loop
      vertex -38.996 -5.30611 11.3389
      vertex -38.996 -5.59248 11.7843
      vertex -41.6179 -5.39667 12.0473
    endloop
  endfacet
  facet normal -0.129778 -0.546113 -0.827598
    outer loop
      vertex -41.6179 -4.58775 11.2439
      vertex -41.6179 -5.06991 11.5621
      vertex -43.3816 -4.38766 11.3884
    endloop
  endfacet
  facet normal -0.0930119 -0.464567 -0.88064
    outer loop
      vertex -43.3816 -4.38766 11.3884
      vertex -41.6179 -5.06991 11.5621
      vertex -45.1451 -4.55522 11.6631
    endloop
  endfacet
  facet normal -0.113854 -0.629365 -0.768724
    outer loop
      vertex -45.1451 -4.55522 11.6631
      vertex -41.6179 -5.06991 11.5621
      vertex -45.1451 -4.85852 11.9114
    endloop
  endfacet
  facet normal -0.113623 -0.336452 -0.934821
    outer loop
      vertex -45.1451 -4.18763 11.5308
      vertex -43.3816 -4.38766 11.3884
      vertex -45.1451 -4.55522 11.6631
    endloop
  endfacet
  facet normal -0.108635 -0.956053 -0.272326
    outer loop
      vertex -41.6179 -5.39667 12.0473
      vertex -46.5559 -5.00717 12.6497
      vertex -46.9088 -4.86515 12.2919
    endloop
  endfacet
  facet normal -0.109136 -0.846748 -0.52068
    outer loop
      vertex -45.1451 -4.85852 11.9114
      vertex -41.6179 -5.39667 12.0473
      vertex -46.9088 -4.86515 12.2919
    endloop
  endfacet
  facet normal -0.104459 -0.824896 -0.55555
    outer loop
      vertex -41.6179 -5.06991 11.5621
      vertex -41.6179 -5.39667 12.0473
      vertex -45.1451 -4.85852 11.9114
    endloop
  endfacet
  facet normal -0.10092 -0.17555 -0.979284
    outer loop
      vertex -48.6722 -3.78144 11.8215
      vertex -45.1451 -4.18763 11.5308
      vertex -48.6722 -4.12887 11.8837
    endloop
  endfacet
  facet normal -0.0993041 -0.336972 -0.936263
    outer loop
      vertex -45.1451 -4.18763 11.5308
      vertex -45.1451 -4.55522 11.6631
      vertex -48.6722 -4.12887 11.8837
    endloop
  endfacet
  facet normal -0.114494 -0.504184 -0.855973
    outer loop
      vertex -48.6722 -4.12887 11.8837
      vertex -45.1451 -4.55522 11.6631
      vertex -48.6722 -4.43298 12.0629
    endloop
  endfacet
  facet normal -0.109002 -0.62971 -0.769145
    outer loop
      vertex -45.1451 -4.55522 11.6631
      vertex -45.1451 -4.85852 11.9114
      vertex -48.6722 -4.43298 12.0629
    endloop
  endfacet
  facet normal -0.122081 -0.80544 -0.579969
    outer loop
      vertex -45.1451 -4.85852 11.9114
      vertex -46.9088 -4.86515 12.2919
      vertex -48.6722 -4.43298 12.0629
    endloop
  endfacet
  facet normal -0.10984 -0.956233 -0.271208
    outer loop
      vertex -46.9088 -4.86515 12.2919
      vertex -46.5559 -5.00717 12.6497
      vertex -48.6722 -4.76998 12.6705
    endloop
  endfacet
  facet normal -0.119569 -0.939605 -0.320696
    outer loop
      vertex -48.6722 -4.65597 12.3365
      vertex -46.9088 -4.86515 12.2919
      vertex -48.6722 -4.76998 12.6705
    endloop
  endfacet
  facet normal -0.107306 -0.770672 -0.628132
    outer loop
      vertex -48.6722 -4.43298 12.0629
      vertex -46.9088 -4.86515 12.2919
      vertex -48.6722 -4.65597 12.3365
    endloop
  endfacet
  facet normal -0.111799 -0.989123 -0.0955907
    outer loop
      vertex -46.5559 -5.00717 12.6497
      vertex -46.983 -4.96457 12.7084
      vertex -48.6722 -4.76998 12.6705
    endloop
  endfacet
  facet normal -0.110799 -0.986037 -0.124318
    outer loop
      vertex -48.6722 -4.76998 12.6705
      vertex -46.983 -4.96457 12.7084
      vertex -48.6722 -4.77652 12.7224
    endloop
  endfacet
  facet normal -0.110829 -0.993435 -0.02836
    outer loop
      vertex -46.983 -4.96457 12.7084
      vertex -47.751 -4.88198 12.8166
      vertex -48.6722 -4.77652 12.7224
    endloop
  endfacet
  facet normal -0.108619 -0.99286 -0.0493114
    outer loop
      vertex -48.6722 -4.77652 12.7224
      vertex -47.751 -4.88198 12.8166
      vertex -48.6722 -4.78144 12.8215
    endloop
  endfacet
  facet normal -0.108496 -0.994097 0
    outer loop
      vertex -47.751 -4.88198 12.8166
      vertex -48.6722 -4.78144 12.951
      vertex -48.6722 -4.78144 12.8215
    endloop
  endfacet
  facet normal -0.947151 -0.306389 0.0950357
    outer loop
      vertex -51.6058 -2.47418 12.9069
      vertex -51.5336 -2.66851 13
      vertex -51.7249 -2.07714 13
    endloop
  endfacet
  facet normal -0.885654 -0.421922 -0.193903
    outer loop
      vertex -51.2889 -3.1284 12.883
      vertex -51.5336 -2.66851 13
      vertex -51.6058 -2.47418 12.9069
    endloop
  endfacet
  facet normal -0.836675 -0.501301 0.220618
    outer loop
      vertex -51.2889 -3.1284 12.883
      vertex -51.0382 -3.49534 13
      vertex -51.5336 -2.66851 13
    endloop
  endfacet
  facet normal -0.787786 -0.592217 -0.169332
    outer loop
      vertex -50.8843 -3.66103 12.8635
      vertex -51.0382 -3.49534 13
      vertex -51.2889 -3.1284 12.883
    endloop
  endfacet
  facet normal -0.993735 -0.111762 0
    outer loop
      vertex -51.7249 -2.07714 13
      vertex -51.8123 -1.3 13
      vertex -51.8123 -1.3 12.9495
    endloop
  endfacet
  facet normal -0.81866 -0.0549176 0.571646
    outer loop
      vertex -51.8003 -1.58622 12.9392
      vertex -51.7249 -2.07714 13
      vertex -51.8123 -1.3 12.9495
    endloop
  endfacet
  facet normal -0.909621 -0.185748 -0.371601
    outer loop
      vertex -51.6058 -2.47418 12.9069
      vertex -51.7249 -2.07714 13
      vertex -51.8003 -1.58622 12.9392
    endloop
  endfacet
  facet normal -0.719303 -0.693985 0.0314289
    outer loop
      vertex -50.8843 -3.66103 12.8635
      vertex -50.6039 -3.94548 13
      vertex -51.0382 -3.49534 13
    endloop
  endfacet
  facet normal -0.660197 -0.731853 -0.168913
    outer loop
      vertex -50.3731 -4.11831 12.8467
      vertex -50.6039 -3.94548 13
      vertex -50.8843 -3.66103 12.8635
    endloop
  endfacet
  facet normal -0.58631 -0.809533 0.02994
    outer loop
      vertex -50.3731 -4.11831 12.8467
      vertex -50.1114 -4.30218 13
      vertex -50.6039 -3.94548 13
    endloop
  endfacet
  facet normal -0.417042 -0.853656 -0.312007
    outer loop
      vertex -49.5745 -4.56447 13
      vertex -50.1114 -4.30218 13
      vertex -50.3731 -4.11831 12.8467
    endloop
  endfacet
  facet normal -0.481966 -0.875407 -0.0370438
    outer loop
      vertex -49.5662 -4.56186 12.8302
      vertex -49.5745 -4.56447 13
      vertex -50.3731 -4.11831 12.8467
    endloop
  endfacet
  facet normal -0.279493 -0.959726 -0.0284408
    outer loop
      vertex -49.5662 -4.56186 12.8302
      vertex -49 -4.73178 13
      vertex -49.5745 -4.56447 13
    endloop
  endfacet
  facet normal -0.236679 -0.956883 -0.168398
    outer loop
      vertex -48.6722 -4.78144 12.8215
      vertex -49 -4.73178 13
      vertex -49.5662 -4.56186 12.8302
    endloop
  endfacet
  facet normal -0.149787 -0.988718 0
    outer loop
      vertex -48.6722 -4.78144 12.8215
      vertex -48.6722 -4.78144 12.951
      vertex -49 -4.73178 13
    endloop
  endfacet
  facet normal -0.0365126 -0.156347 0.987027
    outer loop
      vertex -25.1586 -7.21936 14.9572
      vertex -27.3023 -6.99688 14.9131
      vertex -33.1324 -7.21936 14.6622
    endloop
  endfacet
  facet normal -0.0471235 0.115953 0.992136
    outer loop
      vertex -33.1324 -7.21936 14.6622
      vertex -27.3023 -6.99688 14.9131
      vertex -38.996 -5.78191 14.2157
    endloop
  endfacet
  facet normal -0.0817933 -0.0241609 0.996356
    outer loop
      vertex -33.1324 -7.21936 14.6622
      vertex -38.996 -5.78191 14.2157
      vertex -41.0849 -7.21936 14.0094
    endloop
  endfacet
  facet normal -0.10168 0.00496174 0.994805
    outer loop
      vertex -41.0849 -7.21936 14.0094
      vertex -38.996 -5.78191 14.2157
      vertex -42.4564 -5.43943 13.8603
    endloop
  endfacet
  facet normal -0.126491 -0.0144019 0.991863
    outer loop
      vertex -41.0849 -7.21936 14.0094
      vertex -42.4564 -5.43943 13.8603
      vertex -49 -7.21936 13
    endloop
  endfacet
  facet normal -0.129689 -0.00249127 0.991552
    outer loop
      vertex -42.4564 -5.43943 13.8603
      vertex -48.6722 -4.78144 13.049
      vertex -49 -7.21936 13
    endloop
  endfacet
  facet normal -0.147838 0 0.989012
    outer loop
      vertex -48.6722 -4.78144 13.049
      vertex -49 -4.73178 13
      vertex -49 -7.21936 13
    endloop
  endfacet
  facet normal -0.122967 -0 -0.992411
    outer loop
      vertex -49 -7.21936 13
      vertex -39.8259 -52.0639 11.8633
      vertex -49 -47.2194 13
    endloop
  endfacet
  facet normal -0.125815 -0.000591726 -0.992053
    outer loop
      vertex -40.8399 -7.21936 11.9651
      vertex -39.8259 -52.0639 11.8633
      vertex -49 -7.21936 13
    endloop
  endfacet
  facet normal -0.0843559 0.000355686 -0.996436
    outer loop
      vertex -35.286 -51.65 11.4791
      vertex -39.8259 -52.0639 11.8633
      vertex -40.8399 -7.21936 11.9651
    endloop
  endfacet
  facet normal -0.0797436 0.00093639 -0.996815
    outer loop
      vertex -32.6406 -7.21936 11.3092
      vertex -35.286 -51.65 11.4791
      vertex -40.8399 -7.21936 11.9651
    endloop
  endfacet
  facet normal -0.0437334 -0.00121617 -0.999042
    outer loop
      vertex -32.6406 -7.21936 11.3092
      vertex -25.4269 -51.161 11.0469
      vertex -35.286 -51.65 11.4791
    endloop
  endfacet
  facet normal -0.0335006 0.000466067 -0.999439
    outer loop
      vertex -24.4197 -7.21936 11.0336
      vertex -25.4269 -51.161 11.0469
      vertex -32.6406 -7.21936 11.3092
    endloop
  endfacet
  facet normal -0.0131734 -0 -0.999913
    outer loop
      vertex -24.4197 -7.21936 11.0336
      vertex -24.4197 -51.1453 11.0336
      vertex -25.4269 -51.161 11.0469
    endloop
  endfacet
  facet normal 0.0412139 0 -0.99915
    outer loop
      vertex -24.4197 -6.83526 11.0336
      vertex -21.6383 -7.21936 11.1483
      vertex -24.4197 -7.21936 11.0336
    endloop
  endfacet
  facet normal -0.125815 -0 -0.992054
    outer loop
      vertex -49 -4.73178 13
      vertex -40.8399 -7.21936 11.9651
      vertex -49 -7.21936 13
    endloop
  endfacet
  facet normal -0.167618 -0.144112 -0.975262
    outer loop
      vertex -48.6722 -4.78144 12.951
      vertex -40.8399 -7.21936 11.9651
      vertex -49 -4.73178 13
    endloop
  endfacet
  facet normal -0.154006 -0.0971365 -0.983284
    outer loop
      vertex -47.751 -4.88198 12.8166
      vertex -40.8399 -7.21936 11.9651
      vertex -48.6722 -4.78144 12.951
    endloop
  endfacet
  facet normal -0.147144 -0.0757813 -0.986208
    outer loop
      vertex -46.983 -4.96457 12.7084
      vertex -40.8399 -7.21936 11.9651
      vertex -47.751 -4.88198 12.8166
    endloop
  endfacet
  facet normal -0.141913 -0.0609383 -0.988002
    outer loop
      vertex -46.5559 -5.00717 12.6497
      vertex -40.8399 -7.21936 11.9651
      vertex -46.983 -4.96457 12.7084
    endloop
  endfacet
  facet normal -0.121657 -0.00719397 -0.992546
    outer loop
      vertex -41.6179 -5.39667 12.0473
      vertex -40.8399 -7.21936 11.9651
      vertex -46.5559 -5.00717 12.6497
    endloop
  endfacet
  facet normal -0.0996362 0.00231699 -0.995021
    outer loop
      vertex -38.996 -5.59248 11.7843
      vertex -40.8399 -7.21936 11.9651
      vertex -41.6179 -5.39667 12.0473
    endloop
  endfacet
  facet normal -0.079727 -0.0204244 -0.996607
    outer loop
      vertex -38.996 -5.59248 11.7843
      vertex -32.6406 -7.21936 11.3092
      vertex -40.8399 -7.21936 11.9651
    endloop
  endfacet
  facet normal -0.0279218 -0 -0.99961
    outer loop
      vertex -24.4197 -6.83526 11.0336
      vertex -24.4197 -7.21936 11.0336
      vertex -30.6611 -6.22009 11.208
    endloop
  endfacet
  facet normal -0.0334802 -0.0348531 -0.998831
    outer loop
      vertex -30.6611 -6.22009 11.208
      vertex -24.4197 -7.21936 11.0336
      vertex -32.6406 -7.21936 11.3092
    endloop
  endfacet
  facet normal -0.066625 0.03096 -0.997298
    outer loop
      vertex -30.6611 -6.22009 11.208
      vertex -32.6406 -7.21936 11.3092
      vertex -38.996 -5.59248 11.7843
    endloop
  endfacet
  facet normal 1 0 0
    outer loop
      vertex 0 3.92645 25.7811
      vertex 0 9.8147 18.0201
      vertex 0 9.8147 19.8112
    endloop
  endfacet
  facet normal 1 -0 0
    outer loop
      vertex 0 1.4587 25.7811
      vertex 0 9.8147 18.0201
      vertex 0 3.92645 25.7811
    endloop
  endfacet
  facet normal 1 0 0
    outer loop
      vertex 0 9.8147 18.0201
      vertex 0 1.4587 25.7811
      vertex 0 9.81425 17.9161
    endloop
  endfacet
  facet normal 1 0 0
    outer loop
      vertex 0 9.81415 17.7516
      vertex 0 1.4587 25.7811
      vertex 0 9.81397 17.6506
    endloop
  endfacet
  facet normal 1 0 0
    outer loop
      vertex 0 9.81397 17.6506
      vertex 0 1.4587 25.7811
      vertex 0 9.81394 17.6307
    endloop
  endfacet
  facet normal 1 0 0
    outer loop
      vertex 0 4.55876 7.89889
      vertex 0 9.81389 13
      vertex 0 9.81389 17.597
    endloop
  endfacet
  facet normal 1 0 0
    outer loop
      vertex 0 9.81394 17.6307
      vertex 0 1.4587 25.7811
      vertex 0 9.81389 17.597
    endloop
  endfacet
  facet normal 1 0 -0
    outer loop
      vertex 0 4.9019 7.90354
      vertex 0 9.81389 13
      vertex 0 4.55876 7.89889
    endloop
  endfacet
  facet normal 1 0 0
    outer loop
      vertex 0 9.81389 13
      vertex 0 4.9019 7.90354
      vertex 0 9.79754 12.3913
    endloop
  endfacet
  facet normal 1 0 0
    outer loop
      vertex 0 9.79294 20.3978
      vertex 0 9.8147 19.8112
      vertex 0 9.81498 19.901
    endloop
  endfacet
  facet normal 1 0 0
    outer loop
      vertex 0 3.96327 25.7802
      vertex 0 9.8147 19.8112
      vertex 0 9.79294 20.3978
    endloop
  endfacet
  facet normal 1 0 0
    outer loop
      vertex 0 9.66614 21.2083
      vertex 0 9.79294 20.3978
      vertex 0 9.79271 20.4227
    endloop
  endfacet
  facet normal 1 0 -0
    outer loop
      vertex 0 9.46851 11.0137
      vertex 0 9.79754 12.3913
      vertex 0 4.9019 7.90354
    endloop
  endfacet
  facet normal 1 0 0
    outer loop
      vertex 0 9.79294 20.3978
      vertex 0 9.66614 21.2083
      vertex 0 3.96327 25.7802
    endloop
  endfacet
  facet normal 1 0 0
    outer loop
      vertex 0 9.49024 21.8314
      vertex 0 9.66614 21.2083
      vertex 0 9.65581 21.2735
    endloop
  endfacet
  facet normal 1 0 0
    outer loop
      vertex 0 9.49024 21.8314
      vertex 0 9.65581 21.2735
      vertex 0 9.50961 21.7856
    endloop
  endfacet
  facet normal 1 0 0
    outer loop
      vertex 0 9.66614 21.2083
      vertex 0 9.49024 21.8314
      vertex 0 3.96327 25.7802
    endloop
  endfacet
  facet normal 1 0 -0
    outer loop
      vertex 0 9.68465 11.6724
      vertex 0 9.79754 12.3913
      vertex 0 9.46851 11.0137
    endloop
  endfacet
  facet normal 1 0 -0
    outer loop
      vertex 0 9.79714 12.3564
      vertex 0 9.79754 12.3913
      vertex 0 9.68465 11.6724
    endloop
  endfacet
  facet normal 1 0 0
    outer loop
      vertex 0 9.79754 12.3913
      vertex 0 9.79714 12.3564
      vertex 0 9.79731 12.362
    endloop
  endfacet
  facet normal 1 0 -0
    outer loop
      vertex 0 5.08494 7.90908
      vertex 0 9.46851 11.0137
      vertex 0 4.9019 7.90354
    endloop
  endfacet
  facet normal 1 0 -0
    outer loop
      vertex 0 8.68865 9.66042
      vertex 0 9.46851 11.0137
      vertex 0 7.60219 8.71542
    endloop
  endfacet
  facet normal 1 0 -0
    outer loop
      vertex 0 9.14561 10.3054
      vertex 0 9.46851 11.0137
      vertex 0 9.11773 10.2603
    endloop
  endfacet
  facet normal 1 0 0
    outer loop
      vertex 0 9.13437 10.2826
      vertex 0 9.12324 10.2658
      vertex 0 9.1249 10.267
    endloop
  endfacet
  facet normal 1 0 0
    outer loop
      vertex 0 9.13437 10.2826
      vertex 0 9.11773 10.2603
      vertex 0 9.12324 10.2658
    endloop
  endfacet
  facet normal 1 0 0
    outer loop
      vertex 0 9.06105 22.7842
      vertex 0 9.49024 21.8314
      vertex 0 9.08913 22.7429
    endloop
  endfacet
  facet normal 1 0 0
    outer loop
      vertex 0 3.96327 25.7802
      vertex 0 9.49024 21.8314
      vertex 0 9.06105 22.7842
    endloop
  endfacet
  facet normal 1 0 0
    outer loop
      vertex 0 9.14561 10.3054
      vertex 0 9.11773 10.2603
      vertex 0 9.13437 10.2826
    endloop
  endfacet
  facet normal 1 0 0
    outer loop
      vertex 0 9.46851 11.0137
      vertex 0 9.44186 10.8944
      vertex 0 9.45752 10.9412
    endloop
  endfacet
  facet normal 1 0 0
    outer loop
      vertex 0 3.96327 25.7802
      vertex 0 9.06105 22.7842
      vertex 0 8.50518 23.6103
    endloop
  endfacet
  facet normal 1 0 0
    outer loop
      vertex 0 9.11773 10.2603
      vertex 0 8.68865 9.66042
      vertex 0 8.72422 9.69722
    endloop
  endfacet
  facet normal 1 0 0
    outer loop
      vertex 0 3.96327 25.7802
      vertex 0 8.50518 23.6103
      vertex 0 7.81199 24.3249
    endloop
  endfacet
  facet normal 1 0 0
    outer loop
      vertex 0 6.96769 24.9411
      vertex 0 7.81199 24.3249
      vertex 0 7.77645 24.3602
    endloop
  endfacet
  facet normal 1 0 -0
    outer loop
      vertex 0 9.44186 10.8944
      vertex 0 9.46851 11.0137
      vertex 0 9.14561 10.3054
    endloop
  endfacet
  facet normal 1 0 0
    outer loop
      vertex 0 8.24018 9.18267
      vertex 0 7.60219 8.71542
      vertex 0 7.72785 8.77414
    endloop
  endfacet
  facet normal 1 0 0
    outer loop
      vertex 0 7.72785 8.77414
      vertex 0 7.60219 8.71542
      vertex 0 7.66852 8.73698
    endloop
  endfacet
  facet normal 1 0 0
    outer loop
      vertex 0 7.81199 24.3249
      vertex 0 6.96769 24.9411
      vertex 0 3.96327 25.7802
    endloop
  endfacet
  facet normal 1 0 0
    outer loop
      vertex 0 5.71833 25.5026
      vertex 0 6.96769 24.9411
      vertex 0 6.92611 24.9689
    endloop
  endfacet
  facet normal 1 0 0
    outer loop
      vertex 0 9.46851 11.0137
      vertex 0 8.68865 9.66042
      vertex 0 9.11773 10.2603
    endloop
  endfacet
  facet normal 1 0 0
    outer loop
      vertex 0 8.68865 9.66042
      vertex 0 7.60219 8.71542
      vertex 0 8.24018 9.18267
    endloop
  endfacet
  facet normal 1 0 0
    outer loop
      vertex 0 6.61815 8.20403
      vertex 0 5.83542 7.99095
      vertex 0 5.89147 7.99944
    endloop
  endfacet
  facet normal 1 0 0
    outer loop
      vertex 0 6.96769 24.9411
      vertex 0 5.71833 25.5026
      vertex 0 3.96327 25.7802
    endloop
  endfacet
  facet normal 1 0 0
    outer loop
      vertex 0 4.74206 25.7255
      vertex 0 5.71833 25.5026
      vertex 0 5.65647 25.5263
    endloop
  endfacet
  facet normal 1 0 -0
    outer loop
      vertex 0 5.83542 7.99095
      vertex 0 7.60219 8.71542
      vertex 0 5.08494 7.90908
    endloop
  endfacet
  facet normal 1 0 0
    outer loop
      vertex 0 7.60219 8.71542
      vertex 0 5.83542 7.99095
      vertex 0 6.61815 8.20403
    endloop
  endfacet
  facet normal 1 0 0
    outer loop
      vertex 0 5.08494 7.90908
      vertex 0 5.01931 7.90506
      vertex 0 5.02815 7.90523
    endloop
  endfacet
  facet normal 1 0 0
    outer loop
      vertex 0 5.08494 7.90908
      vertex 0 4.9019 7.90354
      vertex 0 5.01931 7.90506
    endloop
  endfacet
  facet normal 1 0 0
    outer loop
      vertex 0 5.71833 25.5026
      vertex 0 4.74206 25.7255
      vertex 0 3.96327 25.7802
    endloop
  endfacet
  facet normal 1 0 0
    outer loop
      vertex 0 3.96327 25.7802
      vertex 0 4.74206 25.7255
      vertex 0 4.69567 25.7322
    endloop
  endfacet
  facet normal 1 0 0
    outer loop
      vertex 0 9.46851 11.0137
      vertex 0 5.08494 7.90908
      vertex 0 7.60219 8.71542
    endloop
  endfacet
  facet normal 1 0 0
    outer loop
      vertex 0 9.8147 19.8112
      vertex 0 3.96327 25.7802
      vertex 0 3.92645 25.7811
    endloop
  endfacet
  facet normal 1 0 0
    outer loop
      vertex 0 9.81425 17.9161
      vertex 0 1.4587 25.7811
      vertex 0 9.81415 17.7516
    endloop
  endfacet
  facet normal 1 0 0
    outer loop
      vertex 0 9.81389 17.597
      vertex 0 1.4587 25.7811
      vertex 0 1.29991 25.7817
    endloop
  endfacet
  facet normal 1 0 0
    outer loop
      vertex 0 9.81389 17.597
      vertex 0 1.29991 25.7817
      vertex 0 4.55876 7.89889
    endloop
  endfacet
  facet normal 1 -0 0
    outer loop
      vertex 0 -1.29991 25.7817
      vertex 0 4.55876 7.89889
      vertex 0 1.29991 25.7817
    endloop
  endfacet
  facet normal 1 0 0
    outer loop
      vertex 0 -9.81389 17.597
      vertex 0 -1.29991 25.7817
      vertex 0 -1.4587 25.7811
    endloop
  endfacet
  facet normal 1 0 0
    outer loop
      vertex 0 -9.8147 18.0201
      vertex 0 -1.4587 25.7811
      vertex 0 -3.92645 25.7811
    endloop
  endfacet
  facet normal 1 0 0
    outer loop
      vertex 0 -9.8147 19.8112
      vertex 0 -3.92645 25.7811
      vertex 0 -3.96327 25.7802
    endloop
  endfacet
  facet normal 1 0 0
    outer loop
      vertex 0 -1.29991 25.7817
      vertex 0 -4.55876 7.89889
      vertex 0 4.55876 7.89889
    endloop
  endfacet
  facet normal 1 0 0
    outer loop
      vertex 0 -4.74206 25.7255
      vertex 0 -3.96327 25.7802
      vertex 0 -4.69567 25.7322
    endloop
  endfacet
  facet normal 1 0 0
    outer loop
      vertex 0 -3.96327 25.7802
      vertex 0 -4.74206 25.7255
      vertex 0 -9.8147 19.8112
    endloop
  endfacet
  facet normal 1 0 0
    outer loop
      vertex 0 -1.29991 25.7817
      vertex 0 -9.81389 17.597
      vertex 0 -4.55876 7.89889
    endloop
  endfacet
  facet normal 1 -0 0
    outer loop
      vertex 0 -9.81389 13
      vertex 0 -4.55876 7.89889
      vertex 0 -9.81389 17.597
    endloop
  endfacet
  facet normal 1 0 0
    outer loop
      vertex 0 -4.55876 7.89889
      vertex 0 -9.81389 13
      vertex 0 -4.9019 7.90354
    endloop
  endfacet
  facet normal 1 -0 0
    outer loop
      vertex 0 -9.81413 12.9815
      vertex 0 -4.9019 7.90354
      vertex 0 -9.81389 13
    endloop
  endfacet
  facet normal 1 0 0
    outer loop
      vertex 0 -5.71833 25.5026
      vertex 0 -4.74206 25.7255
      vertex 0 -5.65647 25.5263
    endloop
  endfacet
  facet normal 1 0 0
    outer loop
      vertex 0 -4.74206 25.7255
      vertex 0 -5.71833 25.5026
      vertex 0 -9.8147 19.8112
    endloop
  endfacet
  facet normal 1 0 0
    outer loop
      vertex 0 -4.9019 7.90354
      vertex 0 -5.08494 7.90908
      vertex 0 -5.01931 7.90506
    endloop
  endfacet
  facet normal 1 0 0
    outer loop
      vertex 0 -5.01931 7.90506
      vertex 0 -5.08494 7.90908
      vertex 0 -5.02815 7.90523
    endloop
  endfacet
  facet normal 1 0 0
    outer loop
      vertex 0 -4.9019 7.90354
      vertex 0 -9.81413 12.9815
      vertex 0 -5.08494 7.90908
    endloop
  endfacet
  facet normal 1 0 0
    outer loop
      vertex 0 -6.96769 24.9411
      vertex 0 -5.71833 25.5026
      vertex 0 -6.92611 24.9689
    endloop
  endfacet
  facet normal 1 0 0
    outer loop
      vertex 0 -5.71833 25.5026
      vertex 0 -6.96769 24.9411
      vertex 0 -9.8147 19.8112
    endloop
  endfacet
  facet normal 1 0 0
    outer loop
      vertex 0 -5.08494 7.90908
      vertex 0 -9.81413 12.9815
      vertex 0 -5.83542 7.99095
    endloop
  endfacet
  facet normal 1 -0 -0
    outer loop
      vertex 0 -7.60219 8.71542
      vertex 0 -5.83542 7.99095
      vertex 0 -9.81413 12.9815
    endloop
  endfacet
  facet normal 1 -0 -0
    outer loop
      vertex 0 -6.61815 8.20403
      vertex 0 -5.83542 7.99095
      vertex 0 -7.60219 8.71542
    endloop
  endfacet
  facet normal 1 0 0
    outer loop
      vertex 0 -7.81199 24.3249
      vertex 0 -6.96769 24.9411
      vertex 0 -7.77645 24.3602
    endloop
  endfacet
  facet normal 1 0 0
    outer loop
      vertex 0 -6.96769 24.9411
      vertex 0 -7.81199 24.3249
      vertex 0 -9.8147 19.8112
    endloop
  endfacet
  facet normal 1 0 0
    outer loop
      vertex 0 -5.83542 7.99095
      vertex 0 -6.61815 8.20403
      vertex 0 -5.89147 7.99944
    endloop
  endfacet
  facet normal 1 0 0
    outer loop
      vertex 0 -9.8147 19.8112
      vertex 0 -7.81199 24.3249
      vertex 0 -8.50518 23.6103
    endloop
  endfacet
  facet normal 1 -0 0
    outer loop
      vertex 0 -9.81413 12.7771
      vertex 0 -7.60219 8.71542
      vertex 0 -9.81413 12.9815
    endloop
  endfacet
  facet normal 1 -0 -0
    outer loop
      vertex 0 -8.68865 9.66042
      vertex 0 -7.60219 8.71542
      vertex 0 -9.46851 11.0137
    endloop
  endfacet
  facet normal 1 0 0
    outer loop
      vertex 0 -9.8147 19.8112
      vertex 0 -8.50518 23.6103
      vertex 0 -9.06105 22.7842
    endloop
  endfacet
  facet normal 1 0 0
    outer loop
      vertex 0 -9.49024 21.8314
      vertex 0 -9.06105 22.7842
      vertex 0 -9.08913 22.7429
    endloop
  endfacet
  facet normal 1 -0 -0
    outer loop
      vertex 0 -7.72785 8.77414
      vertex 0 -7.60219 8.71542
      vertex 0 -8.24018 9.18267
    endloop
  endfacet
  facet normal 1 0 0
    outer loop
      vertex 0 -7.60219 8.71542
      vertex 0 -7.72785 8.77414
      vertex 0 -7.66852 8.73698
    endloop
  endfacet
  facet normal 1 -0 -0
    outer loop
      vertex 0 -9.11773 10.2603
      vertex 0 -8.68865 9.66042
      vertex 0 -9.46851 11.0137
    endloop
  endfacet
  facet normal 1 0 0
    outer loop
      vertex 0 -8.68865 9.66042
      vertex 0 -9.11773 10.2603
      vertex 0 -8.72422 9.69722
    endloop
  endfacet
  facet normal 1 -0 -0
    outer loop
      vertex 0 -9.14561 10.3054
      vertex 0 -9.11773 10.2603
      vertex 0 -9.46851 11.0137
    endloop
  endfacet
  facet normal 1 0 0
    outer loop
      vertex 0 -9.11773 10.2603
      vertex 0 -9.13437 10.2826
      vertex 0 -9.12324 10.2658
    endloop
  endfacet
  facet normal 1 0 0
    outer loop
      vertex 0 -9.12324 10.2658
      vertex 0 -9.13437 10.2826
      vertex 0 -9.1249 10.267
    endloop
  endfacet
  facet normal 1 0 0
    outer loop
      vertex 0 -9.44186 10.8944
      vertex 0 -9.46851 11.0137
      vertex 0 -9.45752 10.9412
    endloop
  endfacet
  facet normal 1 0 0
    outer loop
      vertex 0 -9.06105 22.7842
      vertex 0 -9.49024 21.8314
      vertex 0 -9.8147 19.8112
    endloop
  endfacet
  facet normal 1 0 0
    outer loop
      vertex 0 -9.66614 21.2083
      vertex 0 -9.49024 21.8314
      vertex 0 -9.50961 21.7856
    endloop
  endfacet
  facet normal 1 0 0
    outer loop
      vertex 0 -9.66614 21.2083
      vertex 0 -9.50961 21.7856
      vertex 0 -9.65581 21.2735
    endloop
  endfacet
  facet normal 1 0 0
    outer loop
      vertex 0 -9.49024 21.8314
      vertex 0 -9.66614 21.2083
      vertex 0 -9.8147 19.8112
    endloop
  endfacet
  facet normal 1 0 0
    outer loop
      vertex 0 -9.14561 10.3054
      vertex 0 -9.46851 11.0137
      vertex 0 -9.44186 10.8944
    endloop
  endfacet
  facet normal 1 0 0
    outer loop
      vertex 0 -9.79294 20.3978
      vertex 0 -9.66614 21.2083
      vertex 0 -9.79271 20.4227
    endloop
  endfacet
  facet normal 1 0 0
    outer loop
      vertex 0 -9.8147 19.8112
      vertex 0 -9.66614 21.2083
      vertex 0 -9.79294 20.3978
    endloop
  endfacet
  facet normal 1 -0 -0
    outer loop
      vertex 0 -9.13437 10.2826
      vertex 0 -9.11773 10.2603
      vertex 0 -9.14561 10.3054
    endloop
  endfacet
  facet normal 1 0 0
    outer loop
      vertex 0 -9.68465 11.6724
      vertex 0 -9.79754 12.3913
      vertex 0 -9.79714 12.3564
    endloop
  endfacet
  facet normal 1 0 0
    outer loop
      vertex 0 -9.79714 12.3564
      vertex 0 -9.79754 12.3913
      vertex 0 -9.79731 12.362
    endloop
  endfacet
  facet normal 1 0 0
    outer loop
      vertex 0 -7.60219 8.71542
      vertex 0 -8.68865 9.66042
      vertex 0 -8.24018 9.18267
    endloop
  endfacet
  facet normal 1 0 0
    outer loop
      vertex 0 -1.4587 25.7811
      vertex 0 -9.81396 17.6411
      vertex 0 -9.81389 17.597
    endloop
  endfacet
  facet normal 1 0 0
    outer loop
      vertex 0 -1.4587 25.7811
      vertex 0 -9.81397 17.6506
      vertex 0 -9.81396 17.6411
    endloop
  endfacet
  facet normal 1 0 0
    outer loop
      vertex 0 -1.4587 25.7811
      vertex 0 -9.81415 17.7516
      vertex 0 -9.81397 17.6506
    endloop
  endfacet
  facet normal 1 0 0
    outer loop
      vertex 0 -1.4587 25.7811
      vertex 0 -9.81425 17.9161
      vertex 0 -9.81415 17.7516
    endloop
  endfacet
  facet normal 1 0 0
    outer loop
      vertex 0 -3.92645 25.7811
      vertex 0 -9.8147 19.8112
      vertex 0 -9.8147 18.0201
    endloop
  endfacet
  facet normal 1 0 -0
    outer loop
      vertex 0 -9.8147 19.8112
      vertex 0 -9.79294 20.3978
      vertex 0 -9.81498 19.901
    endloop
  endfacet
  facet normal 1 0 0
    outer loop
      vertex 0 9.81434 17.9033
      vertex 0 9.8143 17.8285
      vertex 0 9.81436 17.898
    endloop
  endfacet
  facet normal 1 0 0
    outer loop
      vertex 0 9.81425 17.9161
      vertex 0 9.8143 17.8285
      vertex 0 9.81434 17.9033
    endloop
  endfacet
  facet normal 1 0 0
    outer loop
      vertex 0 9.8143 17.8285
      vertex 0 9.81425 17.9161
      vertex 0 9.81415 17.7516
    endloop
  endfacet
  facet normal 1 0 0
    outer loop
      vertex 0 9.81389 13
      vertex 0 9.81413 12.7771
      vertex 0 9.81413 12.9815
    endloop
  endfacet
  facet normal 1 0 0
    outer loop
      vertex 0 9.81413 12.7771
      vertex 0 9.81389 13
      vertex 0 9.79754 12.3913
    endloop
  endfacet
  facet normal 1 0 0
    outer loop
      vertex 0 -7.60219 8.71542
      vertex 0 -9.81413 12.7771
      vertex 0 -9.46851 11.0137
    endloop
  endfacet
  facet normal 1 -0 -0
    outer loop
      vertex 0 -9.79754 12.3913
      vertex 0 -9.46851 11.0137
      vertex 0 -9.81413 12.7771
    endloop
  endfacet
  facet normal 1 0 0
    outer loop
      vertex 0 -9.46851 11.0137
      vertex 0 -9.79754 12.3913
      vertex 0 -9.68465 11.6724
    endloop
  endfacet
  facet normal 1 0 0
    outer loop
      vertex 0 -9.81425 17.9161
      vertex 0 -9.8143 17.8285
      vertex 0 -9.81415 17.7516
    endloop
  endfacet
  facet normal 1 -0 0
    outer loop
      vertex 0 -9.81434 17.9033
      vertex 0 -9.8143 17.8285
      vertex 0 -9.81425 17.9161
    endloop
  endfacet
  facet normal 1 0 0
    outer loop
      vertex 0 -9.8143 17.8285
      vertex 0 -9.81434 17.9033
      vertex 0 -9.81436 17.898
    endloop
  endfacet
  facet normal 1 0 0
    outer loop
      vertex 0 -1.4587 25.7811
      vertex 0 -9.8147 18.0201
      vertex 0 -9.81425 17.9161
    endloop
  endfacet
endsolid OpenSCAD_Model
