solid OpenSCAD_Model
  facet normal -1 0 0
    outer loop
      vertex -0.95 -109.5 44.8
      vertex -0.95 -94.5 51.5
      vertex -0.95 -94.5 44.8
    endloop
  endfacet
  facet normal -1 -0 0
    outer loop
      vertex -0.95 -94.5 51.5
      vertex -0.95 -109.5 44.8
      vertex -0.95 -109.5 51.5
    endloop
  endfacet
  facet normal -1 0 0
    outer loop
      vertex -0.95 -48 44.8
      vertex -0.95 -48.1221 44.8021
      vertex -0.95 -48.096 44.8017
    endloop
  endfacet
  facet normal 1 0 0
    outer loop
      vertex -0.95 -48.9647 44.9356
      vertex -0.95 -49.0816 44.9713
      vertex -0.95 -49.0225 44.9532
    endloop
  endfacet
  facet normal 1 0 0
    outer loop
      vertex -0.95 -51.4979 48.1779
      vertex -0.95 -51.5 48.3
      vertex -0.95 -51.5 48.2983
    endloop
  endfacet
  facet normal -1 -0 0
    outer loop
      vertex -0.95 -51.4979 48.1779
      vertex -0.95 -89.5 44.8
      vertex -0.95 -51.5 48.3
    endloop
  endfacet
  facet normal -1 -0 0
    outer loop
      vertex -0.95 -51.4915 48.0559
      vertex -0.95 -89.5 44.8
      vertex -0.95 -51.4979 48.1779
    endloop
  endfacet
  facet normal -1 -0 0
    outer loop
      vertex -0.95 -51.4808 47.9342
      vertex -0.95 -89.5 44.8
      vertex -0.95 -51.4915 48.0559
    endloop
  endfacet
  facet normal -1 -0 0
    outer loop
      vertex -0.95 -51.4659 47.8129
      vertex -0.95 -89.5 44.8
      vertex -0.95 -51.4808 47.9342
    endloop
  endfacet
  facet normal -1 -0 0
    outer loop
      vertex -0.95 -51.4468 47.6922
      vertex -0.95 -89.5 44.8
      vertex -0.95 -51.4659 47.8129
    endloop
  endfacet
  facet normal -1 -0 0
    outer loop
      vertex -0.95 -51.4235 47.5723
      vertex -0.95 -89.5 44.8
      vertex -0.95 -51.4468 47.6922
    endloop
  endfacet
  facet normal -1 -0 0
    outer loop
      vertex -0.95 -51.396 47.4533
      vertex -0.95 -89.5 44.8
      vertex -0.95 -51.4235 47.5723
    endloop
  endfacet
  facet normal -1 -0 0
    outer loop
      vertex -0.95 -51.3644 47.3353
      vertex -0.95 -89.5 44.8
      vertex -0.95 -51.396 47.4533
    endloop
  endfacet
  facet normal -1 -0 0
    outer loop
      vertex -0.95 -51.3287 47.2184
      vertex -0.95 -89.5 44.8
      vertex -0.95 -51.3644 47.3353
    endloop
  endfacet
  facet normal -1 -0 0
    outer loop
      vertex -0.95 -51.2889 47.1029
      vertex -0.95 -89.5 44.8
      vertex -0.95 -51.3287 47.2184
    endloop
  endfacet
  facet normal -1 -0 0
    outer loop
      vertex -0.95 -51.2451 46.9889
      vertex -0.95 -89.5 44.8
      vertex -0.95 -51.2889 47.1029
    endloop
  endfacet
  facet normal -1 -0 0
    outer loop
      vertex -0.95 -51.1974 46.8764
      vertex -0.95 -89.5 44.8
      vertex -0.95 -51.2451 46.9889
    endloop
  endfacet
  facet normal -1 -0 0
    outer loop
      vertex -0.95 -51.1458 46.7657
      vertex -0.95 -89.5 44.8
      vertex -0.95 -51.1974 46.8764
    endloop
  endfacet
  facet normal -1 -0 0
    outer loop
      vertex -0.95 -51.0903 46.6568
      vertex -0.95 -89.5 44.8
      vertex -0.95 -51.1458 46.7657
    endloop
  endfacet
  facet normal -1 -0 0
    outer loop
      vertex -0.95 -51.0311 46.55
      vertex -0.95 -89.5 44.8
      vertex -0.95 -51.0903 46.6568
    endloop
  endfacet
  facet normal -1 -0 0
    outer loop
      vertex -0.95 -50.9682 46.4453
      vertex -0.95 -89.5 44.8
      vertex -0.95 -51.0311 46.55
    endloop
  endfacet
  facet normal -1 -0 0
    outer loop
      vertex -0.95 -50.9016 46.3428
      vertex -0.95 -89.5 44.8
      vertex -0.95 -50.9682 46.4453
    endloop
  endfacet
  facet normal -1 -0 0
    outer loop
      vertex -0.95 -50.8316 46.2428
      vertex -0.95 -89.5 44.8
      vertex -0.95 -50.9016 46.3428
    endloop
  endfacet
  facet normal -1 -0 0
    outer loop
      vertex -0.95 -50.758 46.1452
      vertex -0.95 -89.5 44.8
      vertex -0.95 -50.8316 46.2428
    endloop
  endfacet
  facet normal -1 -0 0
    outer loop
      vertex -0.95 -50.6812 46.0502
      vertex -0.95 -89.5 44.8
      vertex -0.95 -50.758 46.1452
    endloop
  endfacet
  facet normal -1 -0 0
    outer loop
      vertex -0.95 -50.601 45.958
      vertex -0.95 -89.5 44.8
      vertex -0.95 -50.6812 46.0502
    endloop
  endfacet
  facet normal -1 -0 0
    outer loop
      vertex -0.95 -50.5177 45.8687
      vertex -0.95 -89.5 44.8
      vertex -0.95 -50.601 45.958
    endloop
  endfacet
  facet normal -1 -0 0
    outer loop
      vertex -0.95 -50.4313 45.7823
      vertex -0.95 -89.5 44.8
      vertex -0.95 -50.5177 45.8687
    endloop
  endfacet
  facet normal -1 -0 0
    outer loop
      vertex -0.95 -50.342 45.699
      vertex -0.95 -89.5 44.8
      vertex -0.95 -50.4313 45.7823
    endloop
  endfacet
  facet normal -1 -0 0
    outer loop
      vertex -0.95 -50.2498 45.6188
      vertex -0.95 -89.5 44.8
      vertex -0.95 -50.342 45.699
    endloop
  endfacet
  facet normal -1 -0 0
    outer loop
      vertex -0.95 -50.1548 45.542
      vertex -0.95 -89.5 44.8
      vertex -0.95 -50.2498 45.6188
    endloop
  endfacet
  facet normal -1 -0 0
    outer loop
      vertex -0.95 -50.0573 45.4684
      vertex -0.95 -89.5 44.8
      vertex -0.95 -50.1548 45.542
    endloop
  endfacet
  facet normal -1 -0 0
    outer loop
      vertex -0.95 -49.9572 45.3984
      vertex -0.95 -89.5 44.8
      vertex -0.95 -50.0573 45.4684
    endloop
  endfacet
  facet normal -1 -0 0
    outer loop
      vertex -0.95 -49.8547 45.3318
      vertex -0.95 -89.5 44.8
      vertex -0.95 -49.9572 45.3984
    endloop
  endfacet
  facet normal -1 -0 0
    outer loop
      vertex -0.95 -49.75 45.2689
      vertex -0.95 -89.5 44.8
      vertex -0.95 -49.8547 45.3318
    endloop
  endfacet
  facet normal -1 -0 0
    outer loop
      vertex -0.95 -49.6432 45.2097
      vertex -0.95 -89.5 44.8
      vertex -0.95 -49.75 45.2689
    endloop
  endfacet
  facet normal -1 -0 0
    outer loop
      vertex -0.95 -49.5343 45.1542
      vertex -0.95 -89.5 44.8
      vertex -0.95 -49.6432 45.2097
    endloop
  endfacet
  facet normal -1 -0 0
    outer loop
      vertex -0.95 -49.4236 45.1026
      vertex -0.95 -89.5 44.8
      vertex -0.95 -49.5343 45.1542
    endloop
  endfacet
  facet normal -1 -0 0
    outer loop
      vertex -0.95 -49.3111 45.0549
      vertex -0.95 -89.5 44.8
      vertex -0.95 -49.4236 45.1026
    endloop
  endfacet
  facet normal -1 -0 0
    outer loop
      vertex -0.95 -49.2445 45.0293
      vertex -0.95 -89.5 44.8
      vertex -0.95 -49.3111 45.0549
    endloop
  endfacet
  facet normal -1 -0 0
    outer loop
      vertex -0.95 -49.1971 45.0111
      vertex -0.95 -89.5 44.8
      vertex -0.95 -49.2445 45.0293
    endloop
  endfacet
  facet normal -1 -0 0
    outer loop
      vertex -0.95 -49.1444 44.993
      vertex -0.95 -89.5 44.8
      vertex -0.95 -49.1971 45.0111
    endloop
  endfacet
  facet normal -1 -0 0
    outer loop
      vertex -0.95 -49.0816 44.9713
      vertex -0.95 -89.5 44.8
      vertex -0.95 -49.1444 44.993
    endloop
  endfacet
  facet normal -1 -0 0
    outer loop
      vertex -0.95 -48.9647 44.9356
      vertex -0.95 -89.5 44.8
      vertex -0.95 -49.0816 44.9713
    endloop
  endfacet
  facet normal -1 -0 0
    outer loop
      vertex -0.95 -48.8467 44.904
      vertex -0.95 -89.5 44.8
      vertex -0.95 -48.9647 44.9356
    endloop
  endfacet
  facet normal -1 -0 0
    outer loop
      vertex -0.95 -48.779 44.8883
      vertex -0.95 -89.5 44.8
      vertex -0.95 -48.8467 44.904
    endloop
  endfacet
  facet normal -1 -0 0
    outer loop
      vertex -0.95 -48.7277 44.8765
      vertex -0.95 -89.5 44.8
      vertex -0.95 -48.779 44.8883
    endloop
  endfacet
  facet normal -1 -0 0
    outer loop
      vertex -0.95 -48.6078 44.8532
      vertex -0.95 -89.5 44.8
      vertex -0.95 -48.7277 44.8765
    endloop
  endfacet
  facet normal -1 -0 0
    outer loop
      vertex -0.95 -48.4871 44.8341
      vertex -0.95 -89.5 44.8
      vertex -0.95 -48.6078 44.8532
    endloop
  endfacet
  facet normal -1 -0 0
    outer loop
      vertex -0.95 -48.3659 44.8192
      vertex -0.95 -89.5 44.8
      vertex -0.95 -48.4871 44.8341
    endloop
  endfacet
  facet normal -1 -0 0
    outer loop
      vertex -0.95 -48.2441 44.8085
      vertex -0.95 -89.5 44.8
      vertex -0.95 -48.3659 44.8192
    endloop
  endfacet
  facet normal -1 -0 0
    outer loop
      vertex -0.95 -48.1221 44.8021
      vertex -0.95 -89.5 44.8
      vertex -0.95 -48.2441 44.8085
    endloop
  endfacet
  facet normal -1 0 0
    outer loop
      vertex -0.95 -89.5 44.8
      vertex -0.95 -48.1221 44.8021
      vertex -0.95 -48 44.8
    endloop
  endfacet
  facet normal -1 0 0
    outer loop
      vertex -0.95 -89.5 51.5
      vertex -0.95 -51.5 48.3
      vertex -0.95 -89.5 44.8
    endloop
  endfacet
  facet normal -1 0 0
    outer loop
      vertex -0.95 -51.5 48.3
      vertex -0.95 -89.5 51.5
      vertex -0.95 -51.4979 48.4221
    endloop
  endfacet
  facet normal -1 0 0
    outer loop
      vertex -0.95 -51.4979 48.4221
      vertex -0.95 -89.5 51.5
      vertex -0.95 -51.4915 48.5441
    endloop
  endfacet
  facet normal -1 0 0
    outer loop
      vertex -0.95 -51.4915 48.5441
      vertex -0.95 -89.5 51.5
      vertex -0.95 -51.4808 48.6658
    endloop
  endfacet
  facet normal -1 0 0
    outer loop
      vertex -0.95 -51.4808 48.6658
      vertex -0.95 -89.5 51.5
      vertex -0.95 -51.4808 48.666
    endloop
  endfacet
  facet normal -1 0 0
    outer loop
      vertex -0.95 -51.4808 48.666
      vertex -0.95 -89.5 51.5
      vertex -0.95 -51.1625 51.5
    endloop
  endfacet
  facet normal -0 0 1
    outer loop
      vertex -0.95 -94.5 51.5
      vertex 1.17301 -109.5 51.5
      vertex 1.17301 -94.5 51.5
    endloop
  endfacet
  facet normal 0 0 1
    outer loop
      vertex 1.17301 -109.5 51.5
      vertex -0.95 -94.5 51.5
      vertex -0.95 -109.5 51.5
    endloop
  endfacet
  facet normal -0 0 1
    outer loop
      vertex -0.95 -51.1625 51.5
      vertex 1.17301 -89.5 51.5
      vertex 1.17301 -51.1625 51.5
    endloop
  endfacet
  facet normal 0 0 1
    outer loop
      vertex 1.17301 -89.5 51.5
      vertex -0.95 -51.1625 51.5
      vertex -0.95 -89.5 51.5
    endloop
  endfacet
  facet normal 1 0 0
    outer loop
      vertex 3.75 -44.5361 47.8
      vertex 3.75 -44.5765 47.5723
      vertex 3.75 -44.5532 47.6922
    endloop
  endfacet
  facet normal 1 0 0
    outer loop
      vertex 3.75 -44.5361 47.8
      vertex 3.75 -44.604 47.4533
      vertex 3.75 -44.5765 47.5723
    endloop
  endfacet
  facet normal 1 0 0
    outer loop
      vertex 3.75 -44.5361 47.8
      vertex 3.75 -44.6356 47.3353
      vertex 3.75 -44.604 47.4533
    endloop
  endfacet
  facet normal 1 0 0
    outer loop
      vertex 3.75 -44.5361 47.8
      vertex 3.75 -44.6713 47.2184
      vertex 3.75 -44.6356 47.3353
    endloop
  endfacet
  facet normal 1 0 0
    outer loop
      vertex 3.75 -44.5361 47.8
      vertex 3.75 -44.7111 47.1029
      vertex 3.75 -44.6713 47.2184
    endloop
  endfacet
  facet normal 1 0 0
    outer loop
      vertex 3.75 -44.5361 47.8
      vertex 3.75 -44.7549 46.9889
      vertex 3.75 -44.7111 47.1029
    endloop
  endfacet
  facet normal 1 0 0
    outer loop
      vertex 3.75 -44.5361 47.8
      vertex 3.75 -44.8026 46.8764
      vertex 3.75 -44.7549 46.9889
    endloop
  endfacet
  facet normal 1 0 0
    outer loop
      vertex 3.75 -44.5361 47.8
      vertex 3.75 -44.8542 46.7657
      vertex 3.75 -44.8026 46.8764
    endloop
  endfacet
  facet normal 1 0 0
    outer loop
      vertex 3.75 -44.5361 47.8
      vertex 3.75 -44.9097 46.6568
      vertex 3.75 -44.8542 46.7657
    endloop
  endfacet
  facet normal 1 0 0
    outer loop
      vertex 3.75 -44.5361 47.8
      vertex 3.75 -44.9689 46.55
      vertex 3.75 -44.9097 46.6568
    endloop
  endfacet
  facet normal 1 0 0
    outer loop
      vertex 3.75 -44.5361 47.8
      vertex 3.75 -45.0318 46.4453
      vertex 3.75 -44.9689 46.55
    endloop
  endfacet
  facet normal 1 0 0
    outer loop
      vertex 3.75 -44.5361 47.8
      vertex 3.75 -45.0984 46.3428
      vertex 3.75 -45.0318 46.4453
    endloop
  endfacet
  facet normal 1 0 0
    outer loop
      vertex 3.75 -44.5361 47.8
      vertex 3.75 -45.1684 46.2428
      vertex 3.75 -45.0984 46.3428
    endloop
  endfacet
  facet normal 1 0 0
    outer loop
      vertex 3.75 -44.5361 47.8
      vertex 3.75 -45.242 46.1452
      vertex 3.75 -45.1684 46.2428
    endloop
  endfacet
  facet normal 1 0 0
    outer loop
      vertex 3.75 -44.5361 47.8
      vertex 3.75 -45.3188 46.0502
      vertex 3.75 -45.242 46.1452
    endloop
  endfacet
  facet normal 1 0 0
    outer loop
      vertex 3.75 -44.5361 47.8
      vertex 3.75 -45.399 45.958
      vertex 3.75 -45.3188 46.0502
    endloop
  endfacet
  facet normal 1 0 0
    outer loop
      vertex 3.75 -44.5361 47.8
      vertex 3.75 -45.4823 45.8687
      vertex 3.75 -45.399 45.958
    endloop
  endfacet
  facet normal 1 0 0
    outer loop
      vertex 3.75 -44.5361 47.8
      vertex 3.75 -45.5687 45.7823
      vertex 3.75 -45.4823 45.8687
    endloop
  endfacet
  facet normal 1 0 0
    outer loop
      vertex 3.75 -44.5361 47.8
      vertex 3.75 -45.658 45.699
      vertex 3.75 -45.5687 45.7823
    endloop
  endfacet
  facet normal 1 0 0
    outer loop
      vertex 3.75 -44.5361 47.8
      vertex 3.75 -45.7502 45.6188
      vertex 3.75 -45.658 45.699
    endloop
  endfacet
  facet normal 1 0 0
    outer loop
      vertex 3.75 -44.5361 47.8
      vertex 3.75 -45.8452 45.542
      vertex 3.75 -45.7502 45.6188
    endloop
  endfacet
  facet normal 1 0 0
    outer loop
      vertex 3.75 -44.5361 47.8
      vertex 3.75 -45.9428 45.4684
      vertex 3.75 -45.8452 45.542
    endloop
  endfacet
  facet normal 1 0 0
    outer loop
      vertex 3.75 -44.5361 47.8
      vertex 3.75 -46.0428 45.3984
      vertex 3.75 -45.9428 45.4684
    endloop
  endfacet
  facet normal 1 0 0
    outer loop
      vertex 3.75 -44.5361 47.8
      vertex 3.75 -46.1453 45.3318
      vertex 3.75 -46.0428 45.3984
    endloop
  endfacet
  facet normal 1 0 0
    outer loop
      vertex 3.75 -44.5361 47.8
      vertex 3.75 -46.25 45.2689
      vertex 3.75 -46.1453 45.3318
    endloop
  endfacet
  facet normal 1 0 0
    outer loop
      vertex 3.75 -44.5361 47.8
      vertex 3.75 -46.3568 45.2097
      vertex 3.75 -46.25 45.2689
    endloop
  endfacet
  facet normal 1 0 0
    outer loop
      vertex 3.75 -44.5361 47.8
      vertex 3.75 -46.4657 45.1542
      vertex 3.75 -46.3568 45.2097
    endloop
  endfacet
  facet normal 1 0 0
    outer loop
      vertex 3.75 -44.5361 47.8
      vertex 3.75 -46.5764 45.1026
      vertex 3.75 -46.4657 45.1542
    endloop
  endfacet
  facet normal 1 0 0
    outer loop
      vertex 3.75 -44.5361 47.8
      vertex 3.75 -46.6889 45.0549
      vertex 3.75 -46.5764 45.1026
    endloop
  endfacet
  facet normal 1 0 0
    outer loop
      vertex 3.75 -44.5361 47.8
      vertex 3.75 -46.8029 45.0111
      vertex 3.75 -46.6889 45.0549
    endloop
  endfacet
  facet normal 1 0 0
    outer loop
      vertex 3.75 -44.5361 47.8
      vertex 3.75 -46.9184 44.9713
      vertex 3.75 -46.8029 45.0111
    endloop
  endfacet
  facet normal 1 0 0
    outer loop
      vertex 3.75 -44.5361 47.8
      vertex 3.75 -47.0353 44.9356
      vertex 3.75 -46.9184 44.9713
    endloop
  endfacet
  facet normal 1 0 0
    outer loop
      vertex 3.75 -44.5361 47.8
      vertex 3.75 -47.1533 44.904
      vertex 3.75 -47.0353 44.9356
    endloop
  endfacet
  facet normal 1 0 0
    outer loop
      vertex 3.75 -44.5361 47.8
      vertex 3.75 -47.2723 44.8765
      vertex 3.75 -47.1533 44.904
    endloop
  endfacet
  facet normal 1 0 0
    outer loop
      vertex 3.75 -44.5361 47.8
      vertex 3.75 -47.3922 44.8532
      vertex 3.75 -47.2723 44.8765
    endloop
  endfacet
  facet normal 1 0 0
    outer loop
      vertex 3.75 -44.5361 47.8
      vertex 3.75 -47.5129 44.8341
      vertex 3.75 -47.3922 44.8532
    endloop
  endfacet
  facet normal 1 0 0
    outer loop
      vertex 3.75 -44.5361 47.8
      vertex 3.75 -47.6342 44.8192
      vertex 3.75 -47.5129 44.8341
    endloop
  endfacet
  facet normal 1 0 0
    outer loop
      vertex 3.75 -44.5361 47.8
      vertex 3.75 -47.7559 44.8085
      vertex 3.75 -47.6342 44.8192
    endloop
  endfacet
  facet normal 1 0 0
    outer loop
      vertex 3.75 -44.5361 47.8
      vertex 3.75 -47.8779 44.8021
      vertex 3.75 -47.7559 44.8085
    endloop
  endfacet
  facet normal 1 0 0
    outer loop
      vertex 3.75 -44.5361 47.8
      vertex 3.75 -48 44.8
      vertex 3.75 -47.8779 44.8021
    endloop
  endfacet
  facet normal 1 -0 0
    outer loop
      vertex 3.75 -99.5269 47.8
      vertex 3.75 -48 44.8
      vertex 3.75 -44.5361 47.8
    endloop
  endfacet
  facet normal 1 0 0
    outer loop
      vertex 3.75 -48 44.8
      vertex 3.75 -99.5269 47.8
      vertex 3.75 -99.5269 44.8
    endloop
  endfacet
  facet normal 1 -0 0
    outer loop
      vertex 3.75 -109.5 47.8
      vertex 3.75 -104.446 44.8
      vertex 3.75 -104.446 47.8
    endloop
  endfacet
  facet normal 1 0 0
    outer loop
      vertex 3.75 -104.446 44.8
      vertex 3.75 -109.5 47.8
      vertex 3.75 -109.5 44.8
    endloop
  endfacet
  facet normal 0 0 -1
    outer loop
      vertex 3.75 -109.5 44.8
      vertex 2.83838 -104.446 44.8
      vertex 3.75 -104.446 44.8
    endloop
  endfacet
  facet normal -0 0 -1
    outer loop
      vertex 2.83838 -104.446 44.8
      vertex -0.95 -109.5 44.8
      vertex 2.83838 -99.5269 44.8
    endloop
  endfacet
  facet normal 0 0 -1
    outer loop
      vertex -0.95 -109.5 44.8
      vertex 2.83838 -104.446 44.8
      vertex 3.75 -109.5 44.8
    endloop
  endfacet
  facet normal 0 0 -1
    outer loop
      vertex -0.95 -89.5 44.8
      vertex 3.55 -48 44.8
      vertex 3.55 -89.5 44.8
    endloop
  endfacet
  facet normal -0 0 -1
    outer loop
      vertex 3.55 -48 44.8
      vertex -0.95 -89.5 44.8
      vertex -0.95 -48 44.8
    endloop
  endfacet
  facet normal 0 0 -1
    outer loop
      vertex 3.55 -89.5 44.8
      vertex 3.75 -99.5269 44.8
      vertex 3.55 -94.5 44.8
    endloop
  endfacet
  facet normal 0 0 -1
    outer loop
      vertex 2.83838 -99.5269 44.8
      vertex 3.55 -94.5 44.8
      vertex 3.75 -99.5269 44.8
    endloop
  endfacet
  facet normal 0 0 -1
    outer loop
      vertex -0.95 -94.5 44.8
      vertex 2.83838 -99.5269 44.8
      vertex -0.95 -109.5 44.8
    endloop
  endfacet
  facet normal 0 0 -1
    outer loop
      vertex 2.83838 -99.5269 44.8
      vertex -0.95 -94.5 44.8
      vertex 3.55 -94.5 44.8
    endloop
  endfacet
  facet normal 0 0 -1
    outer loop
      vertex 3.75 -99.5269 44.8
      vertex 3.55 -89.5 44.8
      vertex 3.75 -48 44.8
    endloop
  endfacet
  facet normal 0 0 -1
    outer loop
      vertex 3.55 -48 44.8
      vertex 3.75 -48 44.8
      vertex 3.55 -89.5 44.8
    endloop
  endfacet
  facet normal 0 -1 0
    outer loop
      vertex -0.95 -109.5 44.8
      vertex 1.17301 -109.5 51.5
      vertex -0.95 -109.5 51.5
    endloop
  endfacet
  facet normal 0 -1 -0
    outer loop
      vertex 1.17301 -109.5 51.5
      vertex -0.95 -109.5 44.8
      vertex 3.75 -109.5 47.8
    endloop
  endfacet
  facet normal 0 -1 -0
    outer loop
      vertex 3.75 -109.5 47.8
      vertex -0.95 -109.5 44.8
      vertex 3.75 -109.5 44.8
    endloop
  endfacet
  facet normal 0 -1 0
    outer loop
      vertex -1.76745 -109.5 66.4997
      vertex -1.73255 -109.5 66.4997
      vertex -1.75 -109.5 66.5
    endloop
  endfacet
  facet normal 0 -1 0
    outer loop
      vertex -1.78488 -109.5 66.4988
      vertex -1.73255 -109.5 66.4997
      vertex -1.76745 -109.5 66.4997
    endloop
  endfacet
  facet normal 0 -1 0
    outer loop
      vertex -1.78488 -109.5 66.4988
      vertex -1.71512 -109.5 66.4988
      vertex -1.73255 -109.5 66.4997
    endloop
  endfacet
  facet normal 0 -1 0
    outer loop
      vertex -1.80226 -109.5 66.4973
      vertex -1.71512 -109.5 66.4988
      vertex -1.78488 -109.5 66.4988
    endloop
  endfacet
  facet normal 0 -1 0
    outer loop
      vertex -1.80226 -109.5 66.4973
      vertex -1.69773 -109.5 66.4973
      vertex -1.71512 -109.5 66.4988
    endloop
  endfacet
  facet normal 0 -1 0
    outer loop
      vertex -1.81959 -109.5 66.4951
      vertex -1.69773 -109.5 66.4973
      vertex -1.80226 -109.5 66.4973
    endloop
  endfacet
  facet normal 0 -1 0
    outer loop
      vertex -1.81959 -109.5 66.4951
      vertex -1.68041 -109.5 66.4951
      vertex -1.69773 -109.5 66.4973
    endloop
  endfacet
  facet normal 0 -1 0
    outer loop
      vertex -1.83682 -109.5 66.4924
      vertex -1.68041 -109.5 66.4951
      vertex -1.81959 -109.5 66.4951
    endloop
  endfacet
  facet normal 0 -1 0
    outer loop
      vertex -1.83682 -109.5 66.4924
      vertex -1.66318 -109.5 66.4924
      vertex -1.68041 -109.5 66.4951
    endloop
  endfacet
  facet normal 0 -1 0
    outer loop
      vertex -1.85396 -109.5 66.4891
      vertex -1.66318 -109.5 66.4924
      vertex -1.83682 -109.5 66.4924
    endloop
  endfacet
  facet normal 0 -1 0
    outer loop
      vertex -1.85396 -109.5 66.4891
      vertex -1.64604 -109.5 66.4891
      vertex -1.66318 -109.5 66.4924
    endloop
  endfacet
  facet normal 0 -1 0
    outer loop
      vertex -1.87096 -109.5 66.4851
      vertex -1.64604 -109.5 66.4891
      vertex -1.85396 -109.5 66.4891
    endloop
  endfacet
  facet normal 0 -1 0
    outer loop
      vertex -1.87096 -109.5 66.4851
      vertex -1.62904 -109.5 66.4851
      vertex -1.64604 -109.5 66.4891
    endloop
  endfacet
  facet normal 0 -1 0
    outer loop
      vertex -1.88782 -109.5 66.4806
      vertex -1.62904 -109.5 66.4851
      vertex -1.87096 -109.5 66.4851
    endloop
  endfacet
  facet normal 0 -1 0
    outer loop
      vertex -1.88782 -109.5 66.4806
      vertex -1.61218 -109.5 66.4806
      vertex -1.62904 -109.5 66.4851
    endloop
  endfacet
  facet normal 0 -1 0
    outer loop
      vertex -1.90451 -109.5 66.4755
      vertex -1.61218 -109.5 66.4806
      vertex -1.88782 -109.5 66.4806
    endloop
  endfacet
  facet normal 0 -1 0
    outer loop
      vertex -1.90451 -109.5 66.4755
      vertex -1.59549 -109.5 66.4755
      vertex -1.61218 -109.5 66.4806
    endloop
  endfacet
  facet normal 0 -1 0
    outer loop
      vertex -1.92101 -109.5 66.4698
      vertex -1.59549 -109.5 66.4755
      vertex -1.90451 -109.5 66.4755
    endloop
  endfacet
  facet normal 0 -1 0
    outer loop
      vertex -1.92101 -109.5 66.4698
      vertex -1.57899 -109.5 66.4698
      vertex -1.59549 -109.5 66.4755
    endloop
  endfacet
  facet normal 0 -1 0
    outer loop
      vertex -1.9373 -109.5 66.4636
      vertex -1.57899 -109.5 66.4698
      vertex -1.92101 -109.5 66.4698
    endloop
  endfacet
  facet normal 0 -1 0
    outer loop
      vertex -1.9373 -109.5 66.4636
      vertex -1.5627 -109.5 66.4636
      vertex -1.57899 -109.5 66.4698
    endloop
  endfacet
  facet normal 0 -1 0
    outer loop
      vertex -1.95337 -109.5 66.4568
      vertex -1.5627 -109.5 66.4636
      vertex -1.9373 -109.5 66.4636
    endloop
  endfacet
  facet normal 0 -1 0
    outer loop
      vertex -1.95337 -109.5 66.4568
      vertex -1.54663 -109.5 66.4568
      vertex -1.5627 -109.5 66.4636
    endloop
  endfacet
  facet normal 0 -1 0
    outer loop
      vertex -1.96918 -109.5 66.4494
      vertex -1.54663 -109.5 66.4568
      vertex -1.95337 -109.5 66.4568
    endloop
  endfacet
  facet normal 0 -1 0
    outer loop
      vertex -1.96918 -109.5 66.4494
      vertex -1.53081 -109.5 66.4494
      vertex -1.54663 -109.5 66.4568
    endloop
  endfacet
  facet normal 0 -1 0
    outer loop
      vertex -1.98474 -109.5 66.4415
      vertex -1.53081 -109.5 66.4494
      vertex -1.96918 -109.5 66.4494
    endloop
  endfacet
  facet normal 0 -1 0
    outer loop
      vertex -1.98474 -109.5 66.4415
      vertex -1.51526 -109.5 66.4415
      vertex -1.53081 -109.5 66.4494
    endloop
  endfacet
  facet normal 0 -1 0
    outer loop
      vertex -2 -109.5 66.433
      vertex -1.51526 -109.5 66.4415
      vertex -1.98474 -109.5 66.4415
    endloop
  endfacet
  facet normal 0 -1 0
    outer loop
      vertex -2 -109.5 66.433
      vertex -1.5 -109.5 66.433
      vertex -1.51526 -109.5 66.4415
    endloop
  endfacet
  facet normal 0 -1 0
    outer loop
      vertex -2.01496 -109.5 66.424
      vertex -1.5 -109.5 66.433
      vertex -2 -109.5 66.433
    endloop
  endfacet
  facet normal 0 -1 0
    outer loop
      vertex -2.01496 -109.5 66.424
      vertex -1.48504 -109.5 66.424
      vertex -1.5 -109.5 66.433
    endloop
  endfacet
  facet normal 0 -1 0
    outer loop
      vertex -2.0296 -109.5 66.4145
      vertex -1.48504 -109.5 66.424
      vertex -2.01496 -109.5 66.424
    endloop
  endfacet
  facet normal 0 -1 0
    outer loop
      vertex -2.0296 -109.5 66.4145
      vertex -1.4704 -109.5 66.4145
      vertex -1.48504 -109.5 66.424
    endloop
  endfacet
  facet normal 0 -1 0
    outer loop
      vertex -2.04389 -109.5 66.4045
      vertex -1.4704 -109.5 66.4145
      vertex -2.0296 -109.5 66.4145
    endloop
  endfacet
  facet normal 0 -1 0
    outer loop
      vertex -2.04389 -109.5 66.4045
      vertex -1.45611 -109.5 66.4045
      vertex -1.4704 -109.5 66.4145
    endloop
  endfacet
  facet normal 0 -1 0
    outer loop
      vertex -2.05783 -109.5 66.394
      vertex -1.45611 -109.5 66.4045
      vertex -2.04389 -109.5 66.4045
    endloop
  endfacet
  facet normal 0 -1 0
    outer loop
      vertex -2.05783 -109.5 66.394
      vertex -1.44217 -109.5 66.394
      vertex -1.45611 -109.5 66.4045
    endloop
  endfacet
  facet normal 0 -1 0
    outer loop
      vertex -2.07139 -109.5 66.383
      vertex -1.44217 -109.5 66.394
      vertex -2.05783 -109.5 66.394
    endloop
  endfacet
  facet normal 0 -1 0
    outer loop
      vertex -2.07139 -109.5 66.383
      vertex -1.42861 -109.5 66.383
      vertex -1.44217 -109.5 66.394
    endloop
  endfacet
  facet normal 0 -1 0
    outer loop
      vertex -2.08457 -109.5 66.3716
      vertex -1.42861 -109.5 66.383
      vertex -2.07139 -109.5 66.383
    endloop
  endfacet
  facet normal 0 -1 0
    outer loop
      vertex -2.08457 -109.5 66.3716
      vertex -1.41543 -109.5 66.3716
      vertex -1.42861 -109.5 66.383
    endloop
  endfacet
  facet normal 0 -1 0
    outer loop
      vertex -2.09733 -109.5 66.3597
      vertex -1.41543 -109.5 66.3716
      vertex -2.08457 -109.5 66.3716
    endloop
  endfacet
  facet normal 0 -1 0
    outer loop
      vertex -2.09733 -109.5 66.3597
      vertex -1.40267 -109.5 66.3597
      vertex -1.41543 -109.5 66.3716
    endloop
  endfacet
  facet normal 0 -1 0
    outer loop
      vertex -2.10967 -109.5 66.3473
      vertex -1.40267 -109.5 66.3597
      vertex -2.09733 -109.5 66.3597
    endloop
  endfacet
  facet normal 0 -1 0
    outer loop
      vertex -2.10967 -109.5 66.3473
      vertex -1.39033 -109.5 66.3473
      vertex -1.40267 -109.5 66.3597
    endloop
  endfacet
  facet normal 0 -1 0
    outer loop
      vertex -2.12157 -109.5 66.3346
      vertex -1.39033 -109.5 66.3473
      vertex -2.10967 -109.5 66.3473
    endloop
  endfacet
  facet normal 0 -1 0
    outer loop
      vertex -2.12157 -109.5 66.3346
      vertex -1.37843 -109.5 66.3346
      vertex -1.39033 -109.5 66.3473
    endloop
  endfacet
  facet normal 0 -1 0
    outer loop
      vertex -2.13302 -109.5 66.3214
      vertex -1.37843 -109.5 66.3346
      vertex -2.12157 -109.5 66.3346
    endloop
  endfacet
  facet normal 0 -1 0
    outer loop
      vertex -2.13302 -109.5 66.3214
      vertex -1.36698 -109.5 66.3214
      vertex -1.37843 -109.5 66.3346
    endloop
  endfacet
  facet normal 0 -1 0
    outer loop
      vertex -2.144 -109.5 66.3078
      vertex -1.36698 -109.5 66.3214
      vertex -2.13302 -109.5 66.3214
    endloop
  endfacet
  facet normal 0 -1 0
    outer loop
      vertex -2.144 -109.5 66.3078
      vertex -1.35599 -109.5 66.3078
      vertex -1.36698 -109.5 66.3214
    endloop
  endfacet
  facet normal 0 -1 0
    outer loop
      vertex -2.15451 -109.5 66.2939
      vertex -1.35599 -109.5 66.3078
      vertex -2.144 -109.5 66.3078
    endloop
  endfacet
  facet normal 0 -1 0
    outer loop
      vertex -2.15451 -109.5 66.2939
      vertex -1.34549 -109.5 66.2939
      vertex -1.35599 -109.5 66.3078
    endloop
  endfacet
  facet normal 0 -1 0
    outer loop
      vertex -2.16452 -109.5 66.2796
      vertex -1.34549 -109.5 66.2939
      vertex -2.15451 -109.5 66.2939
    endloop
  endfacet
  facet normal 0 -1 0
    outer loop
      vertex -2.16452 -109.5 66.2796
      vertex -1.33548 -109.5 66.2796
      vertex -1.34549 -109.5 66.2939
    endloop
  endfacet
  facet normal 0 -1 0
    outer loop
      vertex -2.17402 -109.5 66.265
      vertex -1.33548 -109.5 66.2796
      vertex -2.16452 -109.5 66.2796
    endloop
  endfacet
  facet normal 0 -1 0
    outer loop
      vertex -2.17402 -109.5 66.265
      vertex -1.32598 -109.5 66.265
      vertex -1.33548 -109.5 66.2796
    endloop
  endfacet
  facet normal 0 -1 0
    outer loop
      vertex -2.18301 -109.5 66.25
      vertex -1.32598 -109.5 66.265
      vertex -2.17402 -109.5 66.265
    endloop
  endfacet
  facet normal 0 -1 0
    outer loop
      vertex -2.18301 -109.5 66.25
      vertex -1.31699 -109.5 66.25
      vertex -1.32598 -109.5 66.265
    endloop
  endfacet
  facet normal 0 -1 0
    outer loop
      vertex -2.19147 -109.5 66.2347
      vertex -1.31699 -109.5 66.25
      vertex -2.18301 -109.5 66.25
    endloop
  endfacet
  facet normal 0 -1 0
    outer loop
      vertex -2.19147 -109.5 66.2347
      vertex -1.30853 -109.5 66.2347
      vertex -1.31699 -109.5 66.25
    endloop
  endfacet
  facet normal 0 -1 0
    outer loop
      vertex -2.1994 -109.5 66.2192
      vertex -1.30853 -109.5 66.2347
      vertex -2.19147 -109.5 66.2347
    endloop
  endfacet
  facet normal 0 -1 0
    outer loop
      vertex -2.1994 -109.5 66.2192
      vertex -1.3006 -109.5 66.2192
      vertex -1.30853 -109.5 66.2347
    endloop
  endfacet
  facet normal 0 -1 0
    outer loop
      vertex -2.20677 -109.5 66.2034
      vertex -1.3006 -109.5 66.2192
      vertex -2.1994 -109.5 66.2192
    endloop
  endfacet
  facet normal 0 -1 0
    outer loop
      vertex -2.20677 -109.5 66.2034
      vertex -1.29323 -109.5 66.2034
      vertex -1.3006 -109.5 66.2192
    endloop
  endfacet
  facet normal 0 -1 0
    outer loop
      vertex -2.21359 -109.5 66.1873
      vertex -1.29323 -109.5 66.2034
      vertex -2.20677 -109.5 66.2034
    endloop
  endfacet
  facet normal 0 -1 0
    outer loop
      vertex -2.21359 -109.5 66.1873
      vertex -1.28641 -109.5 66.1873
      vertex -1.29323 -109.5 66.2034
    endloop
  endfacet
  facet normal 0 -1 0
    outer loop
      vertex -2.21985 -109.5 66.171
      vertex -1.28641 -109.5 66.1873
      vertex -2.21359 -109.5 66.1873
    endloop
  endfacet
  facet normal 0 -1 0
    outer loop
      vertex -2.21985 -109.5 66.171
      vertex -1.28015 -109.5 66.171
      vertex -1.28641 -109.5 66.1873
    endloop
  endfacet
  facet normal 0 -1 0
    outer loop
      vertex -2.22553 -109.5 66.1545
      vertex -1.28015 -109.5 66.171
      vertex -2.21985 -109.5 66.171
    endloop
  endfacet
  facet normal 0 -1 0
    outer loop
      vertex -2.23063 -109.5 66.1378
      vertex -1.28015 -109.5 66.171
      vertex -2.22553 -109.5 66.1545
    endloop
  endfacet
  facet normal 0 -1 0
    outer loop
      vertex -2.23515 -109.5 66.121
      vertex -1.28015 -109.5 66.171
      vertex -2.23063 -109.5 66.1378
    endloop
  endfacet
  facet normal 0 -1 0
    outer loop
      vertex -2.23907 -109.5 66.104
      vertex -1.28015 -109.5 66.171
      vertex -2.23515 -109.5 66.121
    endloop
  endfacet
  facet normal 0 -1 0
    outer loop
      vertex -2.2424 -109.5 66.0868
      vertex -1.28015 -109.5 66.171
      vertex -2.23907 -109.5 66.104
    endloop
  endfacet
  facet normal 0 -1 0
    outer loop
      vertex -2.24513 -109.5 66.0696
      vertex -1.28015 -109.5 66.171
      vertex -2.2424 -109.5 66.0868
    endloop
  endfacet
  facet normal 0 -1 0
    outer loop
      vertex -2.24726 -109.5 66.0523
      vertex -1.28015 -109.5 66.171
      vertex -2.24513 -109.5 66.0696
    endloop
  endfacet
  facet normal 0 -1 0
    outer loop
      vertex -2.24878 -109.5 66.0349
      vertex -1.28015 -109.5 66.171
      vertex -2.24726 -109.5 66.0523
    endloop
  endfacet
  facet normal 0 -1 0
    outer loop
      vertex -2.24969 -109.5 66.0174
      vertex -1.28015 -109.5 66.171
      vertex -2.24878 -109.5 66.0349
    endloop
  endfacet
  facet normal 0 -1 0
    outer loop
      vertex -2.25 -109.5 66
      vertex -1.28015 -109.5 66.171
      vertex -2.24969 -109.5 66.0174
    endloop
  endfacet
  facet normal 0 -1 0
    outer loop
      vertex -2.24969 -109.5 65.9826
      vertex -1.28015 -109.5 66.171
      vertex -2.25 -109.5 66
    endloop
  endfacet
  facet normal 0 -1 0
    outer loop
      vertex -2.24878 -109.5 65.9651
      vertex -1.28015 -109.5 66.171
      vertex -2.24969 -109.5 65.9826
    endloop
  endfacet
  facet normal 0 -1 0
    outer loop
      vertex -2.24726 -109.5 65.9477
      vertex -1.28015 -109.5 66.171
      vertex -2.24878 -109.5 65.9651
    endloop
  endfacet
  facet normal 0 -1 0
    outer loop
      vertex -2.24513 -109.5 65.9304
      vertex -1.28015 -109.5 66.171
      vertex -2.24726 -109.5 65.9477
    endloop
  endfacet
  facet normal 0 -1 0
    outer loop
      vertex -2.2424 -109.5 65.9132
      vertex -1.28015 -109.5 66.171
      vertex -2.24513 -109.5 65.9304
    endloop
  endfacet
  facet normal 0 -1 0
    outer loop
      vertex -2.23907 -109.5 65.896
      vertex -1.28015 -109.5 66.171
      vertex -2.2424 -109.5 65.9132
    endloop
  endfacet
  facet normal 0 -1 0
    outer loop
      vertex -2.23515 -109.5 65.879
      vertex -1.28015 -109.5 66.171
      vertex -2.23907 -109.5 65.896
    endloop
  endfacet
  facet normal 0 -1 0
    outer loop
      vertex 1.17301 -109.5 51.5
      vertex -1.28015 -109.5 66.171
      vertex -2.23515 -109.5 65.879
    endloop
  endfacet
  facet normal 0 -1 0
    outer loop
      vertex -1.28015 -109.5 66.171
      vertex 1.17301 -109.5 51.5
      vertex 3.75 -109.5 51.8
    endloop
  endfacet
  facet normal 0 -1 0
    outer loop
      vertex 3.75 -109.5 47.8
      vertex 3.75 -109.5 51.8
      vertex 1.17301 -109.5 51.5
    endloop
  endfacet
  facet normal 0 0.12192 -0.99254
    outer loop
      vertex -1.25 -47.6342 44.8192
      vertex 3.75 -47.5129 44.8341
      vertex 3.75 -47.6342 44.8192
    endloop
  endfacet
  facet normal 0 0.12192 -0.99254
    outer loop
      vertex 3.75 -47.5129 44.8341
      vertex -1.25 -47.6342 44.8192
      vertex -1.25 -47.5129 44.8341
    endloop
  endfacet
  facet normal 0 0.390361 -0.920662
    outer loop
      vertex 3.55 -46.6889 45.0549
      vertex 3.75 -46.5764 45.1026
      vertex 3.75 -46.6889 45.0549
    endloop
  endfacet
  facet normal 0 0.390361 -0.920662
    outer loop
      vertex 3.75 -46.5764 45.1026
      vertex 3.55 -46.6889 45.0549
      vertex 3.55 -46.5764 45.1026
    endloop
  endfacet
  facet normal -0.000142867 0.514977 -0.857204
    outer loop
      vertex 3.75 -46.25 45.2689
      vertex 3.55 -46.2151 45.2899
      vertex 3.75 -46.1453 45.3318
    endloop
  endfacet
  facet normal 0 0.515578 -0.856842
    outer loop
      vertex -1.25 -46.25 45.2689
      vertex 3.55 -46.2151 45.2899
      vertex 3.75 -46.25 45.2689
    endloop
  endfacet
  facet normal 0 0.515578 -0.856842
    outer loop
      vertex 3.55 -46.2151 45.2899
      vertex -1.25 -46.25 45.2689
      vertex -1.25 -46.2151 45.2899
    endloop
  endfacet
  facet normal 0 0.514676 -0.857385
    outer loop
      vertex 3.75 -46.1453 45.3318
      vertex 3.55 -46.2151 45.2899
      vertex 3.55 -46.1453 45.3318
    endloop
  endfacet
  facet normal 0 0.920662 -0.390361
    outer loop
      vertex 3.75 -44.8026 46.8764
      vertex 3.55 -44.7549 46.9889
      vertex 3.75 -44.7549 46.9889
    endloop
  endfacet
  facet normal 0 0.920662 -0.390361
    outer loop
      vertex 3.55 -44.7549 46.9889
      vertex 3.75 -44.8026 46.8764
      vertex 3.55 -44.8026 46.8764
    endloop
  endfacet
  facet normal 0 0.819232 -0.573462
    outer loop
      vertex 3.75 -45.1684 46.2428
      vertex 3.55 -45.0984 46.3428
      vertex 3.75 -45.0984 46.3428
    endloop
  endfacet
  facet normal 0 0.819232 -0.573462
    outer loop
      vertex 3.55 -45.0984 46.3428
      vertex 3.75 -45.1684 46.2428
      vertex 3.55 -45.1684 46.2428
    endloop
  endfacet
  facet normal 0 -0.292835 -0.956163
    outer loop
      vertex -1.25 -49.0816 44.9713
      vertex -0.95 -49.0225 44.9532
      vertex -0.95 -49.0816 44.9713
    endloop
  endfacet
  facet normal -0 -0.292835 -0.956163
    outer loop
      vertex -0.95 -49.0225 44.9532
      vertex -1.25 -49.0816 44.9713
      vertex -1.25 -49.0225 44.9532
    endloop
  endfacet
  facet normal 0 -0.890965 -0.454073
    outer loop
      vertex -1.25 -51.0903 46.6568
      vertex -0.95 -51.1458 46.7657
      vertex -1.25 -51.1458 46.7657
    endloop
  endfacet
  facet normal 0 -0.890965 -0.454073
    outer loop
      vertex -0.95 -51.1458 46.7657
      vertex -1.25 -51.0903 46.6568
      vertex -0.95 -51.0903 46.6568
    endloop
  endfacet
  facet normal 0 -0.920662 -0.390361
    outer loop
      vertex -1.25 -51.1974 46.8764
      vertex -0.95 -51.2451 46.9889
      vertex -1.25 -51.2451 46.9889
    endloop
  endfacet
  facet normal 0 -0.920662 -0.390361
    outer loop
      vertex -0.95 -51.2451 46.9889
      vertex -1.25 -51.1974 46.8764
      vertex -0.95 -51.1974 46.8764
    endloop
  endfacet
  facet normal 0 0.052387 -0.998627
    outer loop
      vertex -1.25 -47.8779 44.8021
      vertex 3.75 -47.7559 44.8085
      vertex 3.75 -47.8779 44.8021
    endloop
  endfacet
  facet normal 0 0.052387 -0.998627
    outer loop
      vertex 3.75 -47.7559 44.8085
      vertex -1.25 -47.8779 44.8021
      vertex -1.25 -47.7559 44.8085
    endloop
  endfacet
  facet normal 0 0.62868 -0.777664
    outer loop
      vertex 3.55 -45.8452 45.542
      vertex 3.75 -45.7502 45.6188
      vertex 3.75 -45.8452 45.542
    endloop
  endfacet
  facet normal 0 0.62868 -0.777664
    outer loop
      vertex 3.75 -45.7502 45.6188
      vertex 3.55 -45.8452 45.542
      vertex 3.55 -45.7502 45.6188
    endloop
  endfacet
  facet normal 0 0.602092 -0.798427
    outer loop
      vertex 3.55 -45.9428 45.4684
      vertex 3.75 -45.8452 45.542
      vertex 3.75 -45.9428 45.4684
    endloop
  endfacet
  facet normal 0 0.602092 -0.798427
    outer loop
      vertex 3.75 -45.8452 45.542
      vertex 3.55 -45.9428 45.4684
      vertex 3.55 -45.8452 45.542
    endloop
  endfacet
  facet normal 0 0.682114 -0.731246
    outer loop
      vertex 3.55 -45.658 45.699
      vertex 3.75 -45.5687 45.7823
      vertex 3.75 -45.658 45.699
    endloop
  endfacet
  facet normal 0 0.682114 -0.731246
    outer loop
      vertex 3.75 -45.5687 45.7823
      vertex 3.55 -45.658 45.699
      vertex 3.55 -45.5687 45.7823
    endloop
  endfacet
  facet normal 0 0.573462 -0.819232
    outer loop
      vertex 3.55 -46.0428 45.3984
      vertex 3.75 -45.9428 45.4684
      vertex 3.75 -46.0428 45.3984
    endloop
  endfacet
  facet normal 0 0.573462 -0.819232
    outer loop
      vertex 3.75 -45.9428 45.4684
      vertex 3.55 -46.0428 45.3984
      vertex 3.55 -45.9428 45.4684
    endloop
  endfacet
  facet normal 0 0.484772 -0.874641
    outer loop
      vertex 3.55 -46.2886 45.2475
      vertex 3.75 -46.3568 45.2097
      vertex 3.55 -46.3568 45.2097
    endloop
  endfacet
  facet normal 1.63787e-05 0.484808 -0.87462
    outer loop
      vertex 3.75 -46.3568 45.2097
      vertex 3.55 -46.2886 45.2475
      vertex 3.75 -46.25 45.2689
    endloop
  endfacet
  facet normal 0 0.484873 -0.874584
    outer loop
      vertex -1.25 -46.25 45.2689
      vertex 3.55 -46.2886 45.2475
      vertex -1.25 -46.2886 45.2475
    endloop
  endfacet
  facet normal 0 0.484873 -0.874584
    outer loop
      vertex 3.55 -46.2886 45.2475
      vertex -1.25 -46.25 45.2689
      vertex 3.75 -46.25 45.2689
    endloop
  endfacet
  facet normal 0 0.422482 -0.906371
    outer loop
      vertex 3.55 -46.5764 45.1026
      vertex 3.75 -46.4657 45.1542
      vertex 3.75 -46.5764 45.1026
    endloop
  endfacet
  facet normal 0 0.422482 -0.906371
    outer loop
      vertex 3.75 -46.4657 45.1542
      vertex 3.55 -46.5764 45.1026
      vertex 3.55 -46.4657 45.1542
    endloop
  endfacet
  facet normal 0 0.956396 -0.292073
    outer loop
      vertex 3.75 -44.6713 47.2184
      vertex 3.55 -44.6356 47.3353
      vertex 3.75 -44.6356 47.3353
    endloop
  endfacet
  facet normal 0 0.956396 -0.292073
    outer loop
      vertex 3.55 -44.6356 47.3353
      vertex 3.75 -44.6713 47.2184
      vertex 3.55 -44.6713 47.2184
    endloop
  endfacet
  facet normal 0 0.987651 -0.156668
    outer loop
      vertex 3.75 -44.5532 47.6922
      vertex 3.55 -44.5361 47.8
      vertex 3.75 -44.5361 47.8
    endloop
  endfacet
  facet normal 0 0.987651 -0.156668
    outer loop
      vertex 3.55 -44.5361 47.8
      vertex 3.75 -44.5532 47.6922
      vertex 3.55 -44.5532 47.6922
    endloop
  endfacet
  facet normal 0 0.890965 -0.454073
    outer loop
      vertex 3.75 -44.9097 46.6568
      vertex 3.55 -44.8542 46.7657
      vertex 3.75 -44.8542 46.7657
    endloop
  endfacet
  facet normal 0 0.890965 -0.454073
    outer loop
      vertex 3.55 -44.8542 46.7657
      vertex 3.75 -44.9097 46.6568
      vertex 3.55 -44.9097 46.6568
    endloop
  endfacet
  facet normal 0 0.857204 -0.514977
    outer loop
      vertex 3.75 -45.0318 46.4453
      vertex 3.55 -44.9689 46.55
      vertex 3.75 -44.9689 46.55
    endloop
  endfacet
  facet normal 0 0.857204 -0.514977
    outer loop
      vertex 3.55 -44.9689 46.55
      vertex 3.75 -45.0318 46.4453
      vertex 3.55 -45.0318 46.4453
    endloop
  endfacet
  facet normal 0 0.906371 -0.422482
    outer loop
      vertex 3.75 -44.8542 46.7657
      vertex 3.55 -44.8026 46.8764
      vertex 3.75 -44.8026 46.8764
    endloop
  endfacet
  facet normal 0 0.906371 -0.422482
    outer loop
      vertex 3.55 -44.8026 46.8764
      vertex 3.75 -44.8542 46.7657
      vertex 3.55 -44.8542 46.7657
    endloop
  endfacet
  facet normal 0 0.731246 -0.682114
    outer loop
      vertex 3.75 -45.4823 45.8687
      vertex 3.55 -45.399 45.958
      vertex 3.75 -45.399 45.958
    endloop
  endfacet
  facet normal 0 0.731246 -0.682114
    outer loop
      vertex 3.55 -45.399 45.958
      vertex 3.75 -45.4823 45.8687
      vertex 3.55 -45.4823 45.8687
    endloop
  endfacet
  facet normal 0 0.798427 -0.602092
    outer loop
      vertex 3.75 -45.242 46.1452
      vertex 3.55 -45.1684 46.2428
      vertex 3.75 -45.1684 46.2428
    endloop
  endfacet
  facet normal 0 0.798427 -0.602092
    outer loop
      vertex 3.55 -45.1684 46.2428
      vertex 3.75 -45.242 46.1452
      vertex 3.55 -45.242 46.1452
    endloop
  endfacet
  facet normal 0 -0.0153239 -0.999883
    outer loop
      vertex -1.25 -48.1221 44.8021
      vertex -0.95 -48.096 44.8017
      vertex -0.95 -48.1221 44.8021
    endloop
  endfacet
  facet normal -0 -0.0153239 -0.999883
    outer loop
      vertex -0.95 -48.096 44.8017
      vertex -1.25 -48.1221 44.8021
      vertex -1.25 -48.096 44.8017
    endloop
  endfacet
  facet normal 0 -0.19076 -0.981637
    outer loop
      vertex -1.25 -48.7277 44.8765
      vertex -0.95 -48.6078 44.8532
      vertex -0.95 -48.7277 44.8765
    endloop
  endfacet
  facet normal -0 -0.19076 -0.981637
    outer loop
      vertex -0.95 -48.6078 44.8532
      vertex -1.25 -48.7277 44.8765
      vertex -1.25 -48.6078 44.8532
    endloop
  endfacet
  facet normal 0 0.0875833 -0.996157
    outer loop
      vertex -1.25 -47.7559 44.8085
      vertex 3.75 -47.6342 44.8192
      vertex 3.75 -47.7559 44.8085
    endloop
  endfacet
  facet normal 0 0.0875833 -0.996157
    outer loop
      vertex 3.75 -47.6342 44.8192
      vertex -1.25 -47.7559 44.8085
      vertex -1.25 -47.6342 44.8192
    endloop
  endfacet
  facet normal 0 0.19076 -0.981637
    outer loop
      vertex -1.25 -47.3922 44.8532
      vertex 3.75 -47.2723 44.8765
      vertex 3.75 -47.3922 44.8532
    endloop
  endfacet
  facet normal 0 0.19076 -0.981637
    outer loop
      vertex 3.75 -47.2723 44.8765
      vertex -1.25 -47.3922 44.8532
      vertex -1.25 -47.2723 44.8765
    endloop
  endfacet
  facet normal 0 0.156299 -0.98771
    outer loop
      vertex -1.25 -47.5129 44.8341
      vertex 3.75 -47.3922 44.8532
      vertex 3.75 -47.5129 44.8341
    endloop
  endfacet
  facet normal 0 0.156299 -0.98771
    outer loop
      vertex 3.75 -47.3922 44.8532
      vertex -1.25 -47.5129 44.8341
      vertex -1.25 -47.3922 44.8532
    endloop
  endfacet
  facet normal 0 0.325789 -0.945443
    outer loop
      vertex 3.55 -46.9184 44.9713
      vertex 3.75 -46.8029 45.0111
      vertex 3.75 -46.9184 44.9713
    endloop
  endfacet
  facet normal 0 0.325789 -0.945443
    outer loop
      vertex 3.75 -46.8029 45.0111
      vertex 3.55 -46.9184 44.9713
      vertex 3.55 -46.8029 45.0111
    endloop
  endfacet
  facet normal 0 0.35865 -0.933472
    outer loop
      vertex 3.55 -46.8029 45.0111
      vertex 3.75 -46.6889 45.0549
      vertex 3.75 -46.8029 45.0111
    endloop
  endfacet
  facet normal 0 0.35865 -0.933472
    outer loop
      vertex 3.75 -46.6889 45.0549
      vertex 3.55 -46.8029 45.0111
      vertex 3.55 -46.6889 45.0549
    endloop
  endfacet
  facet normal 0 0.225158 -0.974322
    outer loop
      vertex 3.55 -47.2723 44.8765
      vertex 3.75 -47.1533 44.904
      vertex 3.75 -47.2723 44.8765
    endloop
  endfacet
  facet normal 0 0.225158 -0.974322
    outer loop
      vertex 3.75 -47.1533 44.904
      vertex 3.55 -47.2723 44.8765
      vertex 3.55 -47.1533 44.904
    endloop
  endfacet
  facet normal 0 0 0
    outer loop
      vertex 3.75 -47.2723 44.8765
      vertex -1.25 -47.2723 44.8765
      vertex 3.55 -47.2723 44.8765
    endloop
  endfacet
  facet normal 0 0.292073 -0.956396
    outer loop
      vertex 3.55 -47.0353 44.9356
      vertex 3.75 -46.9184 44.9713
      vertex 3.75 -47.0353 44.9356
    endloop
  endfacet
  facet normal 0 0.292073 -0.956396
    outer loop
      vertex 3.75 -46.9184 44.9713
      vertex 3.55 -47.0353 44.9356
      vertex 3.55 -46.9184 44.9713
    endloop
  endfacet
  facet normal 0 0.258682 -0.965963
    outer loop
      vertex 3.55 -47.1533 44.904
      vertex 3.75 -47.0353 44.9356
      vertex 3.75 -47.1533 44.904
    endloop
  endfacet
  facet normal 0 0.258682 -0.965963
    outer loop
      vertex 3.75 -47.0353 44.9356
      vertex 3.55 -47.1533 44.904
      vertex 3.55 -47.0353 44.9356
    endloop
  endfacet
  facet normal 0 0.707107 -0.707107
    outer loop
      vertex 3.75 -45.5687 45.7823
      vertex 3.55 -45.4823 45.8687
      vertex 3.75 -45.4823 45.8687
    endloop
  endfacet
  facet normal 0 0.707107 -0.707107
    outer loop
      vertex 3.55 -45.4823 45.8687
      vertex 3.75 -45.5687 45.7823
      vertex 3.55 -45.5687 45.7823
    endloop
  endfacet
  facet normal 0 0.544845 -0.838537
    outer loop
      vertex 3.55 -46.1453 45.3318
      vertex 3.75 -46.0428 45.3984
      vertex 3.75 -46.1453 45.3318
    endloop
  endfacet
  facet normal 0 0.544845 -0.838537
    outer loop
      vertex 3.75 -46.0428 45.3984
      vertex 3.55 -46.1453 45.3318
      vertex 3.55 -46.0428 45.3984
    endloop
  endfacet
  facet normal 0 0.454073 -0.890965
    outer loop
      vertex 3.55 -46.4657 45.1542
      vertex 3.75 -46.3568 45.2097
      vertex 3.75 -46.4657 45.1542
    endloop
  endfacet
  facet normal 0 0.454073 -0.890965
    outer loop
      vertex 3.75 -46.3568 45.2097
      vertex 3.55 -46.4657 45.1542
      vertex 3.55 -46.3568 45.2097
    endloop
  endfacet
  facet normal 0 0.933472 -0.35865
    outer loop
      vertex 3.75 -44.7549 46.9889
      vertex 3.55 -44.7111 47.1029
      vertex 3.75 -44.7111 47.1029
    endloop
  endfacet
  facet normal 0 0.933472 -0.35865
    outer loop
      vertex 3.55 -44.7111 47.1029
      vertex 3.75 -44.7549 46.9889
      vertex 3.55 -44.7549 46.9889
    endloop
  endfacet
  facet normal 0 0.945443 -0.325789
    outer loop
      vertex 3.75 -44.7111 47.1029
      vertex 3.55 -44.6713 47.2184
      vertex 3.75 -44.6713 47.2184
    endloop
  endfacet
  facet normal 0 0.945443 -0.325789
    outer loop
      vertex 3.55 -44.6713 47.2184
      vertex 3.75 -44.7111 47.1029
      vertex 3.55 -44.7111 47.1029
    endloop
  endfacet
  facet normal 0 0.965963 -0.258682
    outer loop
      vertex 3.75 -44.6356 47.3353
      vertex 3.55 -44.604 47.4533
      vertex 3.75 -44.604 47.4533
    endloop
  endfacet
  facet normal 0 0.965963 -0.258682
    outer loop
      vertex 3.55 -44.604 47.4533
      vertex 3.75 -44.6356 47.3353
      vertex 3.55 -44.6356 47.3353
    endloop
  endfacet
  facet normal 0 0.981637 -0.19076
    outer loop
      vertex 3.75 -44.5765 47.5723
      vertex 3.55 -44.5532 47.6922
      vertex 3.75 -44.5532 47.6922
    endloop
  endfacet
  facet normal 0 0.981637 -0.19076
    outer loop
      vertex 3.55 -44.5532 47.6922
      vertex 3.75 -44.5765 47.5723
      vertex 3.55 -44.5765 47.5723
    endloop
  endfacet
  facet normal 0 0.974322 -0.225158
    outer loop
      vertex 3.75 -44.604 47.4533
      vertex 3.55 -44.5765 47.5723
      vertex 3.75 -44.5765 47.5723
    endloop
  endfacet
  facet normal 0 0.974322 -0.225158
    outer loop
      vertex 3.55 -44.5765 47.5723
      vertex 3.75 -44.604 47.4533
      vertex 3.55 -44.604 47.4533
    endloop
  endfacet
  facet normal 0 0.87462 -0.484808
    outer loop
      vertex 3.75 -44.9689 46.55
      vertex 3.55 -44.9097 46.6568
      vertex 3.75 -44.9097 46.6568
    endloop
  endfacet
  facet normal 0 0.87462 -0.484808
    outer loop
      vertex 3.55 -44.9097 46.6568
      vertex 3.75 -44.9689 46.55
      vertex 3.55 -44.9689 46.55
    endloop
  endfacet
  facet normal 0 0.838537 -0.544845
    outer loop
      vertex 3.75 -45.0984 46.3428
      vertex 3.55 -45.0318 46.4453
      vertex 3.75 -45.0318 46.4453
    endloop
  endfacet
  facet normal 0 0.838537 -0.544845
    outer loop
      vertex 3.55 -45.0318 46.4453
      vertex 3.75 -45.0984 46.3428
      vertex 3.55 -45.0984 46.3428
    endloop
  endfacet
  facet normal 0 0.7545 -0.6563
    outer loop
      vertex 3.75 -45.399 45.958
      vertex 3.55 -45.3188 46.0502
      vertex 3.75 -45.3188 46.0502
    endloop
  endfacet
  facet normal 0 0.7545 -0.6563
    outer loop
      vertex 3.55 -45.3188 46.0502
      vertex 3.75 -45.399 45.958
      vertex 3.55 -45.399 45.958
    endloop
  endfacet
  facet normal 0 0.777664 -0.62868
    outer loop
      vertex 3.75 -45.3188 46.0502
      vertex 3.55 -45.242 46.1452
      vertex 3.75 -45.242 46.1452
    endloop
  endfacet
  facet normal 0 0.777664 -0.62868
    outer loop
      vertex 3.55 -45.242 46.1452
      vertex 3.75 -45.3188 46.0502
      vertex 3.55 -45.3188 46.0502
    endloop
  endfacet
  facet normal 0 0.0170829 -0.999854
    outer loop
      vertex 3.55 -47.9005 44.8017
      vertex 3.75 -48 44.8
      vertex 3.55 -48 44.8
    endloop
  endfacet
  facet normal 5.65027e-05 0.0171965 -0.999852
    outer loop
      vertex 3.75 -48 44.8
      vertex 3.55 -47.9005 44.8017
      vertex 3.75 -47.8779 44.8021
    endloop
  endfacet
  facet normal 0 0.0176963 -0.999843
    outer loop
      vertex -1.25 -47.8779 44.8021
      vertex 3.55 -47.9005 44.8017
      vertex -1.25 -47.9005 44.8017
    endloop
  endfacet
  facet normal 0 0.0176963 -0.999843
    outer loop
      vertex 3.55 -47.9005 44.8017
      vertex -1.25 -47.8779 44.8021
      vertex 3.75 -47.8779 44.8021
    endloop
  endfacet
  facet normal 0 -0.0875119 -0.996163
    outer loop
      vertex -1.25 -48.3659 44.8192
      vertex -0.95 -48.2441 44.8085
      vertex -0.95 -48.3659 44.8192
    endloop
  endfacet
  facet normal -0 -0.0875119 -0.996163
    outer loop
      vertex -0.95 -48.2441 44.8085
      vertex -1.25 -48.3659 44.8192
      vertex -1.25 -48.2441 44.8085
    endloop
  endfacet
  facet normal 0 -0.454073 -0.890965
    outer loop
      vertex -1.25 -49.6432 45.2097
      vertex -0.95 -49.5343 45.1542
      vertex -0.95 -49.6432 45.2097
    endloop
  endfacet
  facet normal -0 -0.454073 -0.890965
    outer loop
      vertex -0.95 -49.5343 45.1542
      vertex -1.25 -49.6432 45.2097
      vertex -1.25 -49.5343 45.1542
    endloop
  endfacet
  facet normal 0 -0.390361 -0.920662
    outer loop
      vertex -1.25 -49.4236 45.1026
      vertex -0.95 -49.3111 45.0549
      vertex -0.95 -49.4236 45.1026
    endloop
  endfacet
  facet normal -0 -0.390361 -0.920662
    outer loop
      vertex -0.95 -49.3111 45.0549
      vertex -1.25 -49.4236 45.1026
      vertex -1.25 -49.3111 45.0549
    endloop
  endfacet
  facet normal 0 -0.326594 -0.945165
    outer loop
      vertex -1.25 -49.1444 44.993
      vertex -0.95 -49.0816 44.9713
      vertex -0.95 -49.1444 44.993
    endloop
  endfacet
  facet normal -0 -0.326594 -0.945165
    outer loop
      vertex -0.95 -49.0816 44.9713
      vertex -1.25 -49.1444 44.993
      vertex -1.25 -49.0816 44.9713
    endloop
  endfacet
  facet normal 0 -0.707107 -0.707107
    outer loop
      vertex -1.25 -50.4313 45.7823
      vertex -0.95 -50.5177 45.8687
      vertex -1.25 -50.5177 45.8687
    endloop
  endfacet
  facet normal 0 -0.707107 -0.707107
    outer loop
      vertex -0.95 -50.5177 45.8687
      vertex -1.25 -50.4313 45.7823
      vertex -0.95 -50.4313 45.7823
    endloop
  endfacet
  facet normal 0 -0.682114 -0.731246
    outer loop
      vertex -1.25 -50.4313 45.7823
      vertex -0.95 -50.342 45.699
      vertex -0.95 -50.4313 45.7823
    endloop
  endfacet
  facet normal -0 -0.682114 -0.731246
    outer loop
      vertex -0.95 -50.342 45.699
      vertex -1.25 -50.4313 45.7823
      vertex -1.25 -50.342 45.699
    endloop
  endfacet
  facet normal 0 -0.999848 -0.0174392
    outer loop
      vertex -1.25 -51.4979 48.1779
      vertex -0.95 -51.5 48.2983
      vertex -1.25 -51.5 48.2983
    endloop
  endfacet
  facet normal 0 -0.999848 -0.0174392
    outer loop
      vertex -0.95 -51.5 48.2983
      vertex -1.25 -51.4979 48.1779
      vertex -0.95 -51.4979 48.1779
    endloop
  endfacet
  facet normal 0 -0.956396 -0.292073
    outer loop
      vertex -1.25 -51.3287 47.2184
      vertex -0.95 -51.3644 47.3353
      vertex -1.25 -51.3644 47.3353
    endloop
  endfacet
  facet normal 0 -0.956396 -0.292073
    outer loop
      vertex -0.95 -51.3644 47.3353
      vertex -1.25 -51.3287 47.2184
      vertex -0.95 -51.3287 47.2184
    endloop
  endfacet
  facet normal 0 -0.981637 -0.19076
    outer loop
      vertex -1.25 -51.4235 47.5723
      vertex -0.95 -51.4468 47.6922
      vertex -1.25 -51.4468 47.6922
    endloop
  endfacet
  facet normal 0 -0.981637 -0.19076
    outer loop
      vertex -0.95 -51.4468 47.6922
      vertex -1.25 -51.4235 47.5723
      vertex -0.95 -51.4235 47.5723
    endloop
  endfacet
  facet normal 0 -0.998627 -0.052387
    outer loop
      vertex -1.25 -51.4915 48.0559
      vertex -0.95 -51.4979 48.1779
      vertex -1.25 -51.4979 48.1779
    endloop
  endfacet
  facet normal 0 -0.998627 -0.052387
    outer loop
      vertex -0.95 -51.4979 48.1779
      vertex -1.25 -51.4915 48.0559
      vertex -0.95 -51.4915 48.0559
    endloop
  endfacet
  facet normal 0 -0.906371 -0.422482
    outer loop
      vertex -1.25 -51.1458 46.7657
      vertex -0.95 -51.1974 46.8764
      vertex -1.25 -51.1974 46.8764
    endloop
  endfacet
  facet normal 0 -0.906371 -0.422482
    outer loop
      vertex -0.95 -51.1974 46.8764
      vertex -1.25 -51.1458 46.7657
      vertex -0.95 -51.1458 46.7657
    endloop
  endfacet
  facet normal 0 -0.965963 -0.258682
    outer loop
      vertex -1.25 -51.3644 47.3353
      vertex -0.95 -51.396 47.4533
      vertex -1.25 -51.396 47.4533
    endloop
  endfacet
  facet normal 0 -0.965963 -0.258682
    outer loop
      vertex -0.95 -51.396 47.4533
      vertex -1.25 -51.3644 47.3353
      vertex -0.95 -51.3644 47.3353
    endloop
  endfacet
  facet normal 0 -0.945443 -0.325789
    outer loop
      vertex -1.25 -51.2889 47.1029
      vertex -0.95 -51.3287 47.2184
      vertex -1.25 -51.3287 47.2184
    endloop
  endfacet
  facet normal 0 -0.945443 -0.325789
    outer loop
      vertex -0.95 -51.3287 47.2184
      vertex -1.25 -51.2889 47.1029
      vertex -0.95 -51.2889 47.1029
    endloop
  endfacet
  facet normal 0 0.6563 -0.7545
    outer loop
      vertex 3.55 -45.7502 45.6188
      vertex 3.75 -45.658 45.699
      vertex 3.75 -45.7502 45.6188
    endloop
  endfacet
  facet normal 0 0.6563 -0.7545
    outer loop
      vertex 3.75 -45.658 45.699
      vertex 3.55 -45.7502 45.6188
      vertex 3.55 -45.658 45.699
    endloop
  endfacet
  facet normal 0 -0.052387 -0.998627
    outer loop
      vertex -1.25 -48.2441 44.8085
      vertex -0.95 -48.1221 44.8021
      vertex -0.95 -48.2441 44.8085
    endloop
  endfacet
  facet normal -0 -0.052387 -0.998627
    outer loop
      vertex -0.95 -48.1221 44.8021
      vertex -1.25 -48.2441 44.8085
      vertex -1.25 -48.1221 44.8021
    endloop
  endfacet
  facet normal 0 -0.156299 -0.98771
    outer loop
      vertex -1.25 -48.6078 44.8532
      vertex -0.95 -48.4871 44.8341
      vertex -0.95 -48.6078 44.8532
    endloop
  endfacet
  facet normal -0 -0.156299 -0.98771
    outer loop
      vertex -0.95 -48.4871 44.8341
      vertex -1.25 -48.6078 44.8532
      vertex -1.25 -48.4871 44.8341
    endloop
  endfacet
  facet normal 0 -0.122019 -0.992528
    outer loop
      vertex -1.25 -48.4871 44.8341
      vertex -0.95 -48.3659 44.8192
      vertex -0.95 -48.4871 44.8341
    endloop
  endfacet
  facet normal -0 -0.122019 -0.992528
    outer loop
      vertex -0.95 -48.3659 44.8192
      vertex -1.25 -48.4871 44.8341
      vertex -1.25 -48.3659 44.8192
    endloop
  endfacet
  facet normal 0 -0.514977 -0.857204
    outer loop
      vertex -1.25 -49.8547 45.3318
      vertex -0.95 -49.75 45.2689
      vertex -0.95 -49.8547 45.3318
    endloop
  endfacet
  facet normal -0 -0.514977 -0.857204
    outer loop
      vertex -0.95 -49.75 45.2689
      vertex -1.25 -49.8547 45.3318
      vertex -1.25 -49.75 45.2689
    endloop
  endfacet
  facet normal 0 -0.62868 -0.777664
    outer loop
      vertex -1.25 -50.2498 45.6188
      vertex -0.95 -50.1548 45.542
      vertex -0.95 -50.2498 45.6188
    endloop
  endfacet
  facet normal -0 -0.62868 -0.777664
    outer loop
      vertex -0.95 -50.1548 45.542
      vertex -1.25 -50.2498 45.6188
      vertex -1.25 -50.1548 45.542
    endloop
  endfacet
  facet normal 0 -0.731246 -0.682114
    outer loop
      vertex -1.25 -50.5177 45.8687
      vertex -0.95 -50.601 45.958
      vertex -1.25 -50.601 45.958
    endloop
  endfacet
  facet normal 0 -0.731246 -0.682114
    outer loop
      vertex -0.95 -50.601 45.958
      vertex -1.25 -50.5177 45.8687
      vertex -0.95 -50.5177 45.8687
    endloop
  endfacet
  facet normal 0 -0.6563 -0.7545
    outer loop
      vertex -1.25 -50.342 45.699
      vertex -0.95 -50.2498 45.6188
      vertex -0.95 -50.342 45.699
    endloop
  endfacet
  facet normal -0 -0.6563 -0.7545
    outer loop
      vertex -0.95 -50.2498 45.6188
      vertex -1.25 -50.342 45.699
      vertex -1.25 -50.2498 45.6188
    endloop
  endfacet
  facet normal 0 -0.777664 -0.62868
    outer loop
      vertex -1.25 -50.6812 46.0502
      vertex -0.95 -50.758 46.1452
      vertex -1.25 -50.758 46.1452
    endloop
  endfacet
  facet normal 0 -0.777664 -0.62868
    outer loop
      vertex -0.95 -50.758 46.1452
      vertex -1.25 -50.6812 46.0502
      vertex -0.95 -50.6812 46.0502
    endloop
  endfacet
  facet normal 0 -0.996157 0.0875833
    outer loop
      vertex -1.25 -51.4915 48.5441
      vertex -0.95 -51.4808 48.6658
      vertex -1.25 -51.4808 48.6658
    endloop
  endfacet
  facet normal 0 -0.996157 0.0875833
    outer loop
      vertex -0.95 -51.4808 48.6658
      vertex -1.25 -51.4915 48.5441
      vertex -0.95 -51.4915 48.5441
    endloop
  endfacet
  facet normal 0 -0.998627 0.052387
    outer loop
      vertex -1.25 -51.4979 48.4221
      vertex -0.95 -51.4915 48.5441
      vertex -1.25 -51.4915 48.5441
    endloop
  endfacet
  facet normal 0 -0.998627 0.052387
    outer loop
      vertex -0.95 -51.4915 48.5441
      vertex -1.25 -51.4979 48.4221
      vertex -0.95 -51.4979 48.4221
    endloop
  endfacet
  facet normal 0 -0.98771 -0.156299
    outer loop
      vertex -1.25 -51.4468 47.6922
      vertex -0.95 -51.4659 47.8129
      vertex -1.25 -51.4659 47.8129
    endloop
  endfacet
  facet normal 0 -0.98771 -0.156299
    outer loop
      vertex -0.95 -51.4659 47.8129
      vertex -1.25 -51.4468 47.6922
      vertex -0.95 -51.4468 47.6922
    endloop
  endfacet
  facet normal 0 -0.974322 -0.225158
    outer loop
      vertex -1.25 -51.396 47.4533
      vertex -0.95 -51.4235 47.5723
      vertex -1.25 -51.4235 47.5723
    endloop
  endfacet
  facet normal 0 -0.974322 -0.225158
    outer loop
      vertex -0.95 -51.4235 47.5723
      vertex -1.25 -51.396 47.4533
      vertex -0.95 -51.396 47.4533
    endloop
  endfacet
  facet normal 0 -0.933472 -0.35865
    outer loop
      vertex -1.25 -51.2451 46.9889
      vertex -0.95 -51.2889 47.1029
      vertex -1.25 -51.2889 47.1029
    endloop
  endfacet
  facet normal 0 -0.933472 -0.35865
    outer loop
      vertex -0.95 -51.2889 47.1029
      vertex -1.25 -51.2451 46.9889
      vertex -0.95 -51.2451 46.9889
    endloop
  endfacet
  facet normal 0 -0.224166 -0.974551
    outer loop
      vertex -1.25 -48.779 44.8883
      vertex -0.95 -48.7277 44.8765
      vertex -0.95 -48.779 44.8883
    endloop
  endfacet
  facet normal -0 -0.224166 -0.974551
    outer loop
      vertex -0.95 -48.7277 44.8765
      vertex -1.25 -48.779 44.8883
      vertex -1.25 -48.7277 44.8765
    endloop
  endfacet
  facet normal 0 -0.422482 -0.906371
    outer loop
      vertex -1.25 -49.5343 45.1542
      vertex -0.95 -49.4236 45.1026
      vertex -0.95 -49.5343 45.1542
    endloop
  endfacet
  facet normal -0 -0.422482 -0.906371
    outer loop
      vertex -0.95 -49.4236 45.1026
      vertex -1.25 -49.5343 45.1542
      vertex -1.25 -49.4236 45.1026
    endloop
  endfacet
  facet normal 0 -0.484808 -0.87462
    outer loop
      vertex -1.25 -49.75 45.2689
      vertex -0.95 -49.6432 45.2097
      vertex -0.95 -49.75 45.2689
    endloop
  endfacet
  facet normal -0 -0.484808 -0.87462
    outer loop
      vertex -0.95 -49.6432 45.2097
      vertex -1.25 -49.75 45.2689
      vertex -1.25 -49.6432 45.2097
    endloop
  endfacet
  facet normal 0 -0.358791 -0.933418
    outer loop
      vertex -1.25 -49.3111 45.0549
      vertex -0.95 -49.2445 45.0293
      vertex -0.95 -49.3111 45.0549
    endloop
  endfacet
  facet normal -0 -0.358791 -0.933418
    outer loop
      vertex -0.95 -49.2445 45.0293
      vertex -1.25 -49.3111 45.0549
      vertex -1.25 -49.2445 45.0293
    endloop
  endfacet
  facet normal 0 -0.602486 -0.79813
    outer loop
      vertex -1.25 -50.1548 45.542
      vertex -0.95 -50.0573 45.4684
      vertex -0.95 -50.1548 45.542
    endloop
  endfacet
  facet normal -0 -0.602486 -0.79813
    outer loop
      vertex -0.95 -50.0573 45.4684
      vertex -1.25 -50.1548 45.542
      vertex -1.25 -50.0573 45.4684
    endloop
  endfacet
  facet normal 0 -0.573078 -0.819501
    outer loop
      vertex -1.25 -50.0573 45.4684
      vertex -0.95 -49.9572 45.3984
      vertex -0.95 -50.0573 45.4684
    endloop
  endfacet
  facet normal -0 -0.573078 -0.819501
    outer loop
      vertex -0.95 -49.9572 45.3984
      vertex -1.25 -50.0573 45.4684
      vertex -1.25 -49.9572 45.3984
    endloop
  endfacet
  facet normal 0 -0.544845 -0.838537
    outer loop
      vertex -1.25 -49.9572 45.3984
      vertex -0.95 -49.8547 45.3318
      vertex -0.95 -49.9572 45.3984
    endloop
  endfacet
  facet normal -0 -0.544845 -0.838537
    outer loop
      vertex -0.95 -49.8547 45.3318
      vertex -1.25 -49.9572 45.3984
      vertex -1.25 -49.8547 45.3318
    endloop
  endfacet
  facet normal 0 -0.7545 -0.6563
    outer loop
      vertex -1.25 -50.601 45.958
      vertex -0.95 -50.6812 46.0502
      vertex -1.25 -50.6812 46.0502
    endloop
  endfacet
  facet normal 0 -0.7545 -0.6563
    outer loop
      vertex -0.95 -50.6812 46.0502
      vertex -1.25 -50.601 45.958
      vertex -0.95 -50.601 45.958
    endloop
  endfacet
  facet normal 0 -0.857204 -0.514977
    outer loop
      vertex -1.25 -50.9682 46.4453
      vertex -0.95 -51.0311 46.55
      vertex -1.25 -51.0311 46.55
    endloop
  endfacet
  facet normal 0 -0.857204 -0.514977
    outer loop
      vertex -0.95 -51.0311 46.55
      vertex -1.25 -50.9682 46.4453
      vertex -0.95 -50.9682 46.4453
    endloop
  endfacet
  facet normal 0 -0.87462 -0.484808
    outer loop
      vertex -1.25 -51.0311 46.55
      vertex -0.95 -51.0903 46.6568
      vertex -1.25 -51.0903 46.6568
    endloop
  endfacet
  facet normal 0 -0.87462 -0.484808
    outer loop
      vertex -0.95 -51.0903 46.6568
      vertex -1.25 -51.0311 46.55
      vertex -0.95 -51.0311 46.55
    endloop
  endfacet
  facet normal 0 -0.838537 -0.544845
    outer loop
      vertex -1.25 -50.9016 46.3428
      vertex -0.95 -50.9682 46.4453
      vertex -1.25 -50.9682 46.4453
    endloop
  endfacet
  facet normal 0 -0.838537 -0.544845
    outer loop
      vertex -0.95 -50.9682 46.4453
      vertex -1.25 -50.9016 46.3428
      vertex -0.95 -50.9016 46.3428
    endloop
  endfacet
  facet normal 0 -0.999852 0.0171965
    outer loop
      vertex -1.25 -51.5 48.3
      vertex -0.95 -51.4979 48.4221
      vertex -1.25 -51.4979 48.4221
    endloop
  endfacet
  facet normal 0 -0.999852 0.0171965
    outer loop
      vertex -0.95 -51.4979 48.4221
      vertex -1.25 -51.5 48.3
      vertex -0.95 -51.5 48.3
    endloop
  endfacet
  facet normal 1 0 0
    outer loop
      vertex -1.25 -47.6342 44.8192
      vertex -1.25 -47.6341 44.8192
      vertex -1.25 -47.5129 44.8341
    endloop
  endfacet
  facet normal 1 0 0
    outer loop
      vertex -1.25 -47.6341 44.8192
      vertex -1.25 -47.6342 44.8192
      vertex -1.25 -47.7559 44.8085
    endloop
  endfacet
  facet normal -1 0 0
    outer loop
      vertex -1.25 -50.0573 45.4684
      vertex -1.25 -50.0572 45.4684
      vertex -1.25 -49.9572 45.3984
    endloop
  endfacet
  facet normal -1 0 0
    outer loop
      vertex -1.25 -50.0572 45.4684
      vertex -1.25 -50.0573 45.4684
      vertex -1.25 -50.1548 45.542
    endloop
  endfacet
  facet normal -1 0 0
    outer loop
      vertex -1.25 -48.3659 44.8192
      vertex -1.25 -48.3658 44.8192
      vertex -1.25 -48.2441 44.8085
    endloop
  endfacet
  facet normal -1 0 0
    outer loop
      vertex -1.25 -48.3658 44.8192
      vertex -1.25 -48.3659 44.8192
      vertex -1.25 -48.4871 44.8341
    endloop
  endfacet
  facet normal 0 -1 0
    outer loop
      vertex -1.25 -51.4808 48.6658
      vertex -0.95 -51.4808 48.666
      vertex -1.25 -51.4808 48.666
    endloop
  endfacet
  facet normal 0 -1 -0
    outer loop
      vertex -0.95 -51.4808 48.666
      vertex -1.25 -51.4808 48.6658
      vertex -0.95 -51.4808 48.6658
    endloop
  endfacet
  facet normal 0 -0.996157 -0.0875833
    outer loop
      vertex -1.25 -51.4808 47.9342
      vertex -0.95 -51.4915 48.0559
      vertex -1.25 -51.4915 48.0559
    endloop
  endfacet
  facet normal 0 -0.996157 -0.0875833
    outer loop
      vertex -0.95 -51.4915 48.0559
      vertex -1.25 -51.4808 47.9342
      vertex -0.95 -51.4808 47.9342
    endloop
  endfacet
  facet normal 0 -0.99254 -0.12192
    outer loop
      vertex -1.25 -51.4659 47.8129
      vertex -0.95 -51.4808 47.9342
      vertex -1.25 -51.4808 47.9342
    endloop
  endfacet
  facet normal 0 -0.99254 -0.12192
    outer loop
      vertex -0.95 -51.4808 47.9342
      vertex -1.25 -51.4659 47.8129
      vertex -0.95 -51.4659 47.8129
    endloop
  endfacet
  facet normal 0 -0.798427 -0.602092
    outer loop
      vertex -1.25 -50.758 46.1452
      vertex -0.95 -50.8316 46.2428
      vertex -1.25 -50.8316 46.2428
    endloop
  endfacet
  facet normal 0 -0.798427 -0.602092
    outer loop
      vertex -0.95 -50.8316 46.2428
      vertex -1.25 -50.758 46.1452
      vertex -0.95 -50.758 46.1452
    endloop
  endfacet
  facet normal 0 -0.819232 -0.573462
    outer loop
      vertex -1.25 -50.8316 46.2428
      vertex -0.95 -50.9016 46.3428
      vertex -1.25 -50.9016 46.3428
    endloop
  endfacet
  facet normal 0 -0.819232 -0.573462
    outer loop
      vertex -0.95 -50.9016 46.3428
      vertex -1.25 -50.8316 46.2428
      vertex -0.95 -50.8316 46.2428
    endloop
  endfacet
  facet normal 0 0.052387 -0.998627
    outer loop
      vertex -22.65 -47.8779 44.8021
      vertex -1.25 -47.7559 44.8085
      vertex -1.25 -47.8779 44.8021
    endloop
  endfacet
  facet normal 0 0.052387 -0.998627
    outer loop
      vertex -1.25 -47.7559 44.8085
      vertex -22.65 -47.8779 44.8021
      vertex -22.65 -47.7559 44.8085
    endloop
  endfacet
  facet normal 0 -0.998627 -0.052387
    outer loop
      vertex -22.65 -51.4915 48.0559
      vertex -12.1064 -51.4979 48.1779
      vertex -22.65 -51.4979 48.1779
    endloop
  endfacet
  facet normal -4.88975e-06 -0.998649 -0.0519656
    outer loop
      vertex -12.1064 -51.4979 48.1779
      vertex -22.65 -51.4915 48.0559
      vertex -12.0614 -51.497 48.1606
    endloop
  endfacet
  facet normal 4.41919e-06 -0.9986 -0.0529044
    outer loop
      vertex -12.0614 -51.497 48.1606
      vertex -22.65 -51.4915 48.0559
      vertex -11.8914 -51.4939 48.1021
    endloop
  endfacet
  facet normal 0 -0.998653 -0.0518781
    outer loop
      vertex -11.8914 -51.4939 48.1021
      vertex -22.65 -51.4915 48.0559
      vertex -11.7403 -51.4915 48.0559
    endloop
  endfacet
  facet normal 7.02396e-06 -0.998649 -0.0519711
    outer loop
      vertex -1.25 -51.4915 48.0559
      vertex -8.49361 -51.4979 48.1779
      vertex -8.5386 -51.497 48.1606
    endloop
  endfacet
  facet normal -6.33992e-06 -0.9986 -0.0528988
    outer loop
      vertex -1.25 -51.4915 48.0559
      vertex -8.5386 -51.497 48.1606
      vertex -8.70856 -51.4939 48.1021
    endloop
  endfacet
  facet normal -0 -0.998653 -0.0518781
    outer loop
      vertex -1.25 -51.4915 48.0559
      vertex -8.70856 -51.4939 48.1021
      vertex -8.8597 -51.4915 48.0559
    endloop
  endfacet
  facet normal 0 -0.998627 -0.052387
    outer loop
      vertex -8.49361 -51.4979 48.1779
      vertex -1.25 -51.4915 48.0559
      vertex -1.25 -51.4979 48.1779
    endloop
  endfacet
  facet normal 0 -0.993865 0.1106
    outer loop
      vertex -1.25 -51.4808 48.6658
      vertex -7.42016 -51.4736 48.7305
      vertex -7.51964 -51.4808 48.6658
    endloop
  endfacet
  facet normal -0.00116691 -0.999999 0
    outer loop
      vertex -7.42016 -51.4736 48.7305
      vertex -1.25 -51.4808 48.6658
      vertex -1.25 -51.4808 48.666
    endloop
  endfacet
  facet normal -1.39033e-05 -0.993756 0.111578
    outer loop
      vertex -5.40206 -51.1727 51.4086
      vertex -0.95 -51.1625 51.5
      vertex -5.3495 -51.1534 51.5805
    endloop
  endfacet
  facet normal -1.55244e-05 -0.993747 0.111656
    outer loop
      vertex -5.46058 -51.1918 51.2386
      vertex -0.95 -51.1625 51.5
      vertex -5.40206 -51.1727 51.4086
    endloop
  endfacet
  facet normal 0.000145755 -0.993723 0.111871
    outer loop
      vertex -1.25 -51.4808 48.666
      vertex -5.46058 -51.1918 51.2386
      vertex -5.525 -51.2107 51.0708
    endloop
  endfacet
  facet normal 3.1442e-05 -0.993745 0.11167
    outer loop
      vertex -1.25 -51.4808 48.666
      vertex -5.525 -51.2107 51.0708
      vertex -5.59524 -51.2293 50.9053
    endloop
  endfacet
  facet normal 1.11378e-05 -0.99375 0.111632
    outer loop
      vertex -1.25 -51.4808 48.666
      vertex -5.59524 -51.2293 50.9053
      vertex -5.67121 -51.2476 50.7424
    endloop
  endfacet
  facet normal 1.87488e-05 -0.993748 0.111648
    outer loop
      vertex -1.25 -51.4808 48.666
      vertex -5.67121 -51.2476 50.7424
      vertex -5.75282 -51.2656 50.5822
    endloop
  endfacet
  facet normal -0.000118503 -0.993784 0.111329
    outer loop
      vertex -1.25 -51.4808 48.666
      vertex -5.75282 -51.2656 50.5822
      vertex -5.83997 -51.2832 50.425
    endloop
  endfacet
  facet normal -2.2224e-05 -0.993756 0.111577
    outer loop
      vertex -1.25 -51.4808 48.666
      vertex -5.83997 -51.2832 50.425
      vertex -5.93255 -51.3005 50.2709
    endloop
  endfacet
  facet normal 0.000129097 -0.993707 0.112013
    outer loop
      vertex -1.25 -51.4808 48.666
      vertex -5.93255 -51.3005 50.2709
      vertex -6.03046 -51.3175 50.1202
    endloop
  endfacet
  facet normal -6.95689e-05 -0.993779 0.111368
    outer loop
      vertex -1.25 -51.4808 48.666
      vertex -6.03046 -51.3175 50.1202
      vertex -6.13356 -51.334 49.9729
    endloop
  endfacet
  facet normal -4.64536e-05 -0.99377 0.111453
    outer loop
      vertex -1.25 -51.4808 48.666
      vertex -6.13356 -51.334 49.9729
      vertex -6.24174 -51.3501 49.8293
    endloop
  endfacet
  facet normal 6.01797e-06 -0.993745 0.111676
    outer loop
      vertex -1.25 -51.4808 48.666
      vertex -6.24174 -51.3501 49.8293
      vertex -6.35487 -51.3658 49.6896
    endloop
  endfacet
  facet normal 8.19963e-05 -0.993703 0.11205
    outer loop
      vertex -1.25 -51.4808 48.666
      vertex -6.35487 -51.3658 49.6896
      vertex -6.4728 -51.3811 49.554
    endloop
  endfacet
  facet normal -7.11316e-05 -0.993802 0.111161
    outer loop
      vertex -1.25 -51.4808 48.666
      vertex -6.4728 -51.3811 49.554
      vertex -6.5954 -51.3958 49.4225
    endloop
  endfacet
  facet normal 1.85149e-05 -0.993732 0.111786
    outer loop
      vertex -1.25 -51.4808 48.666
      vertex -6.5954 -51.3958 49.4225
      vertex -6.72251 -51.4101 49.2954
    endloop
  endfacet
  facet normal 2.36013e-05 -0.993727 0.11183
    outer loop
      vertex -1.25 -51.4808 48.666
      vertex -6.72251 -51.4101 49.2954
      vertex -6.85398 -51.4239 49.1728
    endloop
  endfacet
  facet normal -2.55442e-05 -0.993788 0.111293
    outer loop
      vertex -1.25 -51.4808 48.666
      vertex -6.85398 -51.4239 49.1728
      vertex -6.98964 -51.4371 49.0549
    endloop
  endfacet
  facet normal -1.10237e-05 -0.993764 0.111505
    outer loop
      vertex -1.25 -51.4808 48.666
      vertex -6.98964 -51.4371 49.0549
      vertex -7.12934 -51.4498 48.9417
    endloop
  endfacet
  facet normal 1.83097e-05 -0.993694 0.112123
    outer loop
      vertex -1.25 -51.4808 48.666
      vertex -7.12934 -51.4498 48.9417
      vertex -7.27291 -51.462 48.8336
    endloop
  endfacet
  facet normal 9.05014e-06 -0.993731 0.111794
    outer loop
      vertex -1.25 -51.4808 48.666
      vertex -7.27291 -51.462 48.8336
      vertex -7.42016 -51.4736 48.7305
    endloop
  endfacet
  facet normal -1.30956e-05 -0.993752 0.111614
    outer loop
      vertex -5.46058 -51.1918 51.2386
      vertex -1.25 -51.4808 48.666
      vertex -0.95 -51.1625 51.5
    endloop
  endfacet
  facet normal 0 -0.993752 0.111613
    outer loop
      vertex -0.95 -51.1625 51.5
      vertex -1.25 -51.4808 48.666
      vertex -0.95 -51.4808 48.666
    endloop
  endfacet
  facet normal 0 -0.993767 0.111474
    outer loop
      vertex -2.24969 -49.5317 66.0174
      vertex -2.25 -49.5 66.3
      vertex -16.25 -49.5 66.3
    endloop
  endfacet
  facet normal -0.00213522 -0.993785 0.111298
    outer loop
      vertex -2.25 -49.5 66.3
      vertex -2.21359 -49.5127 66.1873
      vertex -2.21322 -49.5126 66.1882
    endloop
  endfacet
  facet normal -0.00317506 -0.993819 0.110966
    outer loop
      vertex -2.25 -49.5 66.3
      vertex -2.21985 -49.5145 66.171
      vertex -2.21359 -49.5127 66.1873
    endloop
  endfacet
  facet normal -0.00569568 -0.993873 0.110383
    outer loop
      vertex -2.25 -49.5 66.3
      vertex -2.22553 -49.5163 66.1545
      vertex -2.21985 -49.5145 66.171
    endloop
  endfacet
  facet normal 0.00366153 -0.993708 0.111938
    outer loop
      vertex -2.25 -49.5 66.3
      vertex -2.23063 -49.5182 66.1378
      vertex -2.22553 -49.5163 66.1545
    endloop
  endfacet
  facet normal 0.00227179 -0.993731 0.111775
    outer loop
      vertex -2.25 -49.5 66.3
      vertex -2.23515 -49.5201 66.121
      vertex -2.23063 -49.5182 66.1378
    endloop
  endfacet
  facet normal -0.00166647 -0.993768 0.111452
    outer loop
      vertex -2.25 -49.5 66.3
      vertex -2.23907 -49.522 66.104
      vertex -2.23515 -49.5201 66.121
    endloop
  endfacet
  facet normal -0.00709271 -0.993778 0.111151
    outer loop
      vertex -2.25 -49.5 66.3
      vertex -2.2424 -49.5239 66.0868
      vertex -2.23907 -49.522 66.104
    endloop
  endfacet
  facet normal 0.0213535 -0.993464 0.11213
    outer loop
      vertex -2.25 -49.5 66.3
      vertex -2.24513 -49.5259 66.0696
      vertex -2.2424 -49.5239 66.0868
    endloop
  endfacet
  facet normal -0.017816 -0.993625 0.11132
    outer loop
      vertex -2.25 -49.5 66.3
      vertex -2.24726 -49.5278 66.0523
      vertex -2.24513 -49.5259 66.0696
    endloop
  endfacet
  facet normal 0.0273525 -0.993355 0.111789
    outer loop
      vertex -2.25 -49.5 66.3
      vertex -2.24878 -49.5298 66.0349
      vertex -2.24726 -49.5278 66.0523
    endloop
  endfacet
  facet normal -0.0672494 -0.991526 0.111148
    outer loop
      vertex -2.25 -49.5 66.3
      vertex -2.24969 -49.5317 66.0174
      vertex -2.24878 -49.5298 66.0349
    endloop
  endfacet
  facet normal 5.55244e-05 -0.993459 0.11419
    outer loop
      vertex -16.25 -49.5 66.3
      vertex -2.25 -49.5337 66
      vertex -2.24969 -49.5317 66.0174
    endloop
  endfacet
  facet normal 5.55668e-05 -0.993459 0.114192
    outer loop
      vertex -16.25 -49.5 66.3
      vertex -2.24969 -49.5357 65.9826
      vertex -2.25 -49.5337 66
    endloop
  endfacet
  facet normal -8.81154e-05 -0.994158 0.107933
    outer loop
      vertex -16.25 -49.5 66.3
      vertex -2.24878 -49.5376 65.9651
      vertex -2.24969 -49.5357 65.9826
    endloop
  endfacet
  facet normal 6.35847e-05 -0.993458 0.114196
    outer loop
      vertex -16.25 -49.5 66.3
      vertex -2.24726 -49.5396 65.9477
      vertex -2.24878 -49.5376 65.9651
    endloop
  endfacet
  facet normal -1.87206e-06 -0.99375 0.111627
    outer loop
      vertex -9.94075 -50.4169 58.1375
      vertex -2.24726 -49.5396 65.9477
      vertex -16.25 -49.5 66.3
    endloop
  endfacet
  facet normal 0.00224319 -0.993991 0.109443
    outer loop
      vertex -2.24726 -49.5396 65.9477
      vertex -9.94075 -50.4169 58.1375
      vertex -2.24513 -49.5415 65.9304
    endloop
  endfacet
  facet normal -0.000185757 -0.993729 0.111812
    outer loop
      vertex -9.76168 -50.4187 58.1218
      vertex -2.24513 -49.5415 65.9304
      vertex -9.94075 -50.4169 58.1375
    endloop
  endfacet
  facet normal -0.00349163 -0.993365 0.114953
    outer loop
      vertex -2.24513 -49.5415 65.9304
      vertex -9.76168 -50.4187 58.1218
      vertex -2.2424 -49.5435 65.9132
    endloop
  endfacet
  facet normal 0.000270093 -0.993728 0.111824
    outer loop
      vertex -10.1203 -50.4158 58.1469
      vertex -16.25 -49.5 66.3
      vertex -10.3 -50.4155 58.15
    endloop
  endfacet
  facet normal -0.000263386 -0.993771 0.111439
    outer loop
      vertex -16.25 -49.5 66.3
      vertex -10.4797 -50.4158 58.1469
      vertex -10.3 -50.4155 58.15
    endloop
  endfacet
  facet normal 0.000235639 -0.993732 0.111788
    outer loop
      vertex -16.25 -49.5 66.3
      vertex -10.6592 -50.4169 58.1375
      vertex -10.4797 -50.4158 58.1469
    endloop
  endfacet
  facet normal 0.000190561 -0.993735 0.111758
    outer loop
      vertex -16.25 -49.5 66.3
      vertex -10.8383 -50.4187 58.1218
      vertex -10.6592 -50.4169 58.1375
    endloop
  endfacet
  facet normal -0.000309848 -0.993772 0.111431
    outer loop
      vertex -16.25 -49.5 66.3
      vertex -11.0167 -50.4211 58.0999
      vertex -10.8383 -50.4187 58.1218
    endloop
  endfacet
  facet normal 0.000221512 -0.993735 0.111765
    outer loop
      vertex -16.25 -49.5 66.3
      vertex -11.1943 -50.4243 58.0718
      vertex -11.0167 -50.4211 58.0999
    endloop
  endfacet
  facet normal -0.00026686 -0.993768 0.111469
    outer loop
      vertex -16.25 -49.5 66.3
      vertex -11.3707 -50.4281 58.0375
      vertex -11.1943 -50.4243 58.0718
    endloop
  endfacet
  facet normal 0.000253356 -0.993734 0.111773
    outer loop
      vertex -16.25 -49.5 66.3
      vertex -11.5459 -50.4327 57.997
      vertex -11.3707 -50.4281 58.0375
    endloop
  endfacet
  facet normal -0.000116697 -0.993757 0.111565
    outer loop
      vertex -16.25 -49.5 66.3
      vertex -11.7195 -50.4379 57.9505
      vertex -11.5459 -50.4327 57.997
    endloop
  endfacet
  facet normal -4.24499e-05 -0.993753 0.111605
    outer loop
      vertex -16.25 -49.5 66.3
      vertex -11.8914 -50.4438 57.8979
      vertex -11.7195 -50.4379 57.9505
    endloop
  endfacet
  facet normal 0.000142603 -0.993742 0.1117
    outer loop
      vertex -16.25 -49.5 66.3
      vertex -12.0614 -50.4504 57.8394
      vertex -11.8914 -50.4438 57.8979
    endloop
  endfacet
  facet normal -0.000170254 -0.993759 0.111547
    outer loop
      vertex -16.25 -49.5 66.3
      vertex -12.2292 -50.4576 57.775
      vertex -12.0614 -50.4504 57.8394
    endloop
  endfacet
  facet normal 7.27666e-05 -0.993746 0.11166
    outer loop
      vertex -16.25 -49.5 66.3
      vertex -12.3947 -50.4655 57.7048
      vertex -12.2292 -50.4576 57.775
    endloop
  endfacet
  facet normal -0.000187112 -0.993759 0.111545
    outer loop
      vertex -16.25 -49.5 66.3
      vertex -12.5576 -50.474 57.6288
      vertex -12.3947 -50.4655 57.7048
    endloop
  endfacet
  facet normal 0.000174384 -0.993742 0.111697
    outer loop
      vertex -16.25 -49.5 66.3
      vertex -12.7178 -50.4832 57.5472
      vertex -12.5576 -50.474 57.6288
    endloop
  endfacet
  facet normal 2.50215e-05 -0.993749 0.111638
    outer loop
      vertex -16.25 -49.5 66.3
      vertex -12.875 -50.493 57.46
      vertex -12.7178 -50.4832 57.5472
    endloop
  endfacet
  facet normal -9.37518e-06 -0.99375 0.111625
    outer loop
      vertex -16.25 -49.5 66.3
      vertex -13.0291 -50.5034 57.3674
      vertex -12.875 -50.493 57.46
    endloop
  endfacet
  facet normal 1.53955e-05 -0.993749 0.111634
    outer loop
      vertex -16.25 -49.5 66.3
      vertex -13.1798 -50.5144 57.2695
      vertex -13.0291 -50.5034 57.3674
    endloop
  endfacet
  facet normal 0.000102082 -0.993746 0.111663
    outer loop
      vertex -16.25 -49.5 66.3
      vertex -13.3271 -50.526 57.1664
      vertex -13.1798 -50.5144 57.2695
    endloop
  endfacet
  facet normal -0.000240595 -0.993758 0.111554
    outer loop
      vertex -16.25 -49.5 66.3
      vertex -13.4707 -50.5381 57.0583
      vertex -13.3271 -50.526 57.1664
    endloop
  endfacet
  facet normal -8.87066e-05 -0.993753 0.111599
    outer loop
      vertex -16.25 -49.5 66.3
      vertex -13.6104 -50.5508 56.9451
      vertex -13.4707 -50.5381 57.0583
    endloop
  endfacet
  facet normal 0.000333934 -0.99374 0.111717
    outer loop
      vertex -16.25 -49.5 66.3
      vertex -13.746 -50.5641 56.8272
      vertex -13.6104 -50.5508 56.9451
    endloop
  endfacet
  facet normal -0.000436057 -0.993763 0.111516
    outer loop
      vertex -16.25 -49.5 66.3
      vertex -13.8775 -50.5778 56.7046
      vertex -13.746 -50.5641 56.8272
    endloop
  endfacet
  facet normal 0.000147541 -0.993747 0.111659
    outer loop
      vertex -16.25 -49.5 66.3
      vertex -14.0046 -50.5921 56.5775
      vertex -13.8775 -50.5778 56.7046
    endloop
  endfacet
  facet normal 0.000188326 -0.993746 0.111668
    outer loop
      vertex -16.25 -49.5 66.3
      vertex -14.1272 -50.6069 56.446
      vertex -14.0046 -50.5921 56.5775
    endloop
  endfacet
  facet normal -0.000215829 -0.993755 0.111582
    outer loop
      vertex -16.25 -49.5 66.3
      vertex -14.2451 -50.6221 56.3104
      vertex -14.1272 -50.6069 56.446
    endloop
  endfacet
  facet normal 5.58889e-05 -0.993749 0.111636
    outer loop
      vertex -16.25 -49.5 66.3
      vertex -14.3583 -50.6378 56.1707
      vertex -14.2451 -50.6221 56.3104
    endloop
  endfacet
  facet normal -0.000222765 -0.993755 0.111585
    outer loop
      vertex -16.25 -49.5 66.3
      vertex -14.4664 -50.6539 56.0271
      vertex -14.3583 -50.6378 56.1707
    endloop
  endfacet
  facet normal 0.000421498 -0.993742 0.111695
    outer loop
      vertex -16.25 -49.5 66.3
      vertex -14.5695 -50.6705 55.8798
      vertex -14.4664 -50.6539 56.0271
    endloop
  endfacet
  facet normal -0.000228634 -0.993754 0.111591
    outer loop
      vertex -16.25 -49.5 66.3
      vertex -14.6674 -50.6874 55.7291
      vertex -14.5695 -50.6705 55.8798
    endloop
  endfacet
  facet normal -8.27108e-05 -0.993752 0.111613
    outer loop
      vertex -16.25 -49.5 66.3
      vertex -14.76 -50.7047 55.575
      vertex -14.6674 -50.6874 55.7291
    endloop
  endfacet
  facet normal 0.0003855 -0.993744 0.111677
    outer loop
      vertex -16.25 -49.5 66.3
      vertex -14.8472 -50.7224 55.4178
      vertex -14.76 -50.7047 55.575
    endloop
  endfacet
  facet normal 4.56545e-05 -0.993749 0.111634
    outer loop
      vertex -16.25 -49.5 66.3
      vertex -14.9288 -50.7404 55.2576
      vertex -14.8472 -50.7224 55.4178
    endloop
  endfacet
  facet normal 1.39104e-05 -0.99375 0.11163
    outer loop
      vertex -16.25 -49.5 66.3
      vertex -15.0048 -50.7587 55.0947
      vertex -14.9288 -50.7404 55.2576
    endloop
  endfacet
  facet normal -7.52484e-06 -0.99375 0.111628
    outer loop
      vertex -22.65 -51.4808 48.6658
      vertex -15.0048 -50.7587 55.0947
      vertex -16.25 -49.5 66.3
    endloop
  endfacet
  facet normal -8.54475e-05 -0.99374 0.111719
    outer loop
      vertex -15.0048 -50.7587 55.0947
      vertex -22.65 -51.4808 48.6658
      vertex -15.075 -50.7773 54.9292
    endloop
  endfacet
  facet normal 0.000338297 -0.993797 0.111213
    outer loop
      vertex -15.075 -50.7773 54.9292
      vertex -22.65 -51.4808 48.6658
      vertex -15.1394 -50.7961 54.7614
    endloop
  endfacet
  facet normal -2.91145e-05 -0.993746 0.11166
    outer loop
      vertex -15.1394 -50.7961 54.7614
      vertex -22.65 -51.4808 48.6658
      vertex -15.1979 -50.8152 54.5914
    endloop
  endfacet
  facet normal 5.38846e-05 -0.993758 0.111557
    outer loop
      vertex -15.1979 -50.8152 54.5914
      vertex -22.65 -51.4808 48.6658
      vertex -15.2505 -50.8345 54.4195
    endloop
  endfacet
  facet normal 5.17881e-07 -0.99375 0.111625
    outer loop
      vertex -15.2505 -50.8345 54.4195
      vertex -22.65 -51.4808 48.6658
      vertex -15.297 -50.854 54.2459
    endloop
  endfacet
  facet normal -0.000105347 -0.993735 0.111763
    outer loop
      vertex -15.297 -50.854 54.2459
      vertex -22.65 -51.4808 48.6658
      vertex -15.3375 -50.8737 54.0707
    endloop
  endfacet
  facet normal 6.7856e-05 -0.993761 0.111531
    outer loop
      vertex -15.3375 -50.8737 54.0707
      vertex -22.65 -51.4808 48.6658
      vertex -15.3718 -50.8935 53.8943
    endloop
  endfacet
  facet normal -0.000230299 -0.993715 0.111941
    outer loop
      vertex -15.3718 -50.8935 53.8943
      vertex -22.65 -51.4808 48.6658
      vertex -15.3999 -50.9135 53.7167
    endloop
  endfacet
  facet normal 0.000158224 -0.993777 0.111391
    outer loop
      vertex -15.3999 -50.9135 53.7167
      vertex -22.65 -51.4808 48.6658
      vertex -15.4218 -50.9335 53.5383
    endloop
  endfacet
  facet normal 6.86781e-05 -0.993762 0.111522
    outer loop
      vertex -15.4218 -50.9335 53.5383
      vertex -22.65 -51.4808 48.6658
      vertex -15.4375 -50.9536 53.3592
    endloop
  endfacet
  facet normal -0.000138491 -0.993727 0.111836
    outer loop
      vertex -15.4375 -50.9536 53.3592
      vertex -22.65 -51.4808 48.6658
      vertex -15.4469 -50.9738 53.1797
    endloop
  endfacet
  facet normal -5.65633e-05 -0.993741 0.111707
    outer loop
      vertex -15.4469 -50.9738 53.1797
      vertex -22.65 -51.4808 48.6658
      vertex -15.45 -50.994 53
    endloop
  endfacet
  facet normal -5.54006e-05 -0.993741 0.111705
    outer loop
      vertex -15.45 -50.994 53
      vertex -22.65 -51.4808 48.6658
      vertex -15.4469 -51.0142 52.8203
    endloop
  endfacet
  facet normal 0.000185961 -0.993788 0.111292
    outer loop
      vertex -15.4469 -51.0142 52.8203
      vertex -22.65 -51.4808 48.6658
      vertex -15.4375 -51.0343 52.6408
    endloop
  endfacet
  facet normal 5.18468e-05 -0.993761 0.111532
    outer loop
      vertex -22.65 -51.4808 48.6658
      vertex -15.4218 -51.0544 52.4617
      vertex -15.4375 -51.0343 52.6408
    endloop
  endfacet
  facet normal -0.000164936 -0.993715 0.11194
    outer loop
      vertex -22.65 -51.4808 48.6658
      vertex -15.3999 -51.0745 52.2833
      vertex -15.4218 -51.0544 52.4617
    endloop
  endfacet
  facet normal 0.000122056 -0.993779 0.111372
    outer loop
      vertex -22.65 -51.4808 48.6658
      vertex -15.3718 -51.0944 52.1057
      vertex -15.3999 -51.0745 52.2833
    endloop
  endfacet
  facet normal -0.000207727 -0.993701 0.112061
    outer loop
      vertex -22.65 -51.4808 48.6658
      vertex -15.3375 -51.1143 51.9293
      vertex -15.3718 -51.0944 52.1057
    endloop
  endfacet
  facet normal 0.000173119 -0.993796 0.111218
    outer loop
      vertex -22.65 -51.4808 48.6658
      vertex -15.297 -51.1339 51.7541
      vertex -15.3375 -51.1143 51.9293
    endloop
  endfacet
  facet normal -6.99782e-09 -0.99375 0.111625
    outer loop
      vertex -22.65 -51.4808 48.6658
      vertex -15.2505 -51.1534 51.5805
      vertex -15.297 -51.1339 51.7541
    endloop
  endfacet
  facet normal 1.83721e-05 -0.993756 0.111579
    outer loop
      vertex -22.65 -51.4808 48.6658
      vertex -15.1979 -51.1727 51.4086
      vertex -15.2505 -51.1534 51.5805
    endloop
  endfacet
  facet normal -7.29657e-06 -0.993748 0.111648
    outer loop
      vertex -22.65 -51.4808 48.6658
      vertex -15.1394 -51.1918 51.2386
      vertex -15.1979 -51.1727 51.4086
    endloop
  endfacet
  facet normal -9.17923e-05 -0.99372 0.111892
    outer loop
      vertex -22.65 -51.4808 48.6658
      vertex -15.075 -51.2107 51.0708
      vertex -15.1394 -51.1918 51.2386
    endloop
  endfacet
  facet normal -2.19708e-05 -0.993745 0.111674
    outer loop
      vertex -22.65 -51.4808 48.6658
      vertex -15.0048 -51.2293 50.9053
      vertex -15.075 -51.2107 51.0708
    endloop
  endfacet
  facet normal -9.47695e-06 -0.99375 0.111632
    outer loop
      vertex -22.65 -51.4808 48.6658
      vertex -14.9288 -51.2476 50.7424
      vertex -15.0048 -51.2293 50.9053
    endloop
  endfacet
  facet normal -1.4245e-05 -0.993748 0.11165
    outer loop
      vertex -22.65 -51.4808 48.6658
      vertex -14.8472 -51.2656 50.5822
      vertex -14.9288 -51.2476 50.7424
    endloop
  endfacet
  facet normal 7.18755e-05 -0.993786 0.111303
    outer loop
      vertex -22.65 -51.4808 48.6658
      vertex -14.76 -51.2832 50.425
      vertex -14.8472 -51.2656 50.5822
    endloop
  endfacet
  facet normal 1.15323e-05 -0.993756 0.111571
    outer loop
      vertex -22.65 -51.4808 48.6658
      vertex -14.6674 -51.3005 50.2709
      vertex -14.76 -51.2832 50.425
    endloop
  endfacet
  facet normal -8.43772e-05 -0.993703 0.112042
    outer loop
      vertex -22.65 -51.4808 48.6658
      vertex -14.5695 -51.3175 50.1202
      vertex -14.6674 -51.3005 50.2709
    endloop
  endfacet
  facet normal 4.18881e-05 -0.993781 0.111349
    outer loop
      vertex -22.65 -51.4808 48.6658
      vertex -14.4664 -51.334 49.9729
      vertex -14.5695 -51.3175 50.1202
    endloop
  endfacet
  facet normal 2.7304e-05 -0.993771 0.111439
    outer loop
      vertex -22.65 -51.4808 48.6658
      vertex -14.3583 -51.3501 49.8293
      vertex -14.4664 -51.334 49.9729
    endloop
  endfacet
  facet normal -6.28573e-06 -0.993745 0.111676
    outer loop
      vertex -22.65 -51.4808 48.6658
      vertex -14.2451 -51.3658 49.6896
      vertex -14.3583 -51.3501 49.8293
    endloop
  endfacet
  facet normal -5.5298e-05 -0.9937 0.112073
    outer loop
      vertex -22.65 -51.4808 48.6658
      vertex -14.1272 -51.3811 49.554
      vertex -14.2451 -51.3658 49.6896
    endloop
  endfacet
  facet normal 4.36513e-05 -0.993805 0.111135
    outer loop
      vertex -22.65 -51.4808 48.6658
      vertex -14.0046 -51.3958 49.4225
      vertex -14.1272 -51.3811 49.554
    endloop
  endfacet
  facet normal -1.43945e-05 -0.993732 0.11179
    outer loop
      vertex -22.65 -51.4808 48.6658
      vertex -13.8775 -51.4101 49.2954
      vertex -14.0046 -51.3958 49.4225
    endloop
  endfacet
  facet normal -1.77246e-05 -0.993727 0.111836
    outer loop
      vertex -22.65 -51.4808 48.6658
      vertex -13.746 -51.4239 49.1728
      vertex -13.8775 -51.4101 49.2954
    endloop
  endfacet
  facet normal 1.43134e-05 -0.993789 0.11128
    outer loop
      vertex -22.65 -51.4808 48.6658
      vertex -13.6104 -51.4371 49.0549
      vertex -13.746 -51.4239 49.1728
    endloop
  endfacet
  facet normal 4.85982e-06 -0.993765 0.111497
    outer loop
      vertex -22.65 -51.4808 48.6658
      vertex -13.4707 -51.4498 48.9417
      vertex -13.6104 -51.4371 49.0549
    endloop
  endfacet
  facet normal -1.4329e-05 -0.993694 0.112128
    outer loop
      vertex -22.65 -51.4808 48.6658
      vertex -13.3271 -51.462 48.8336
      vertex -13.4707 -51.4498 48.9417
    endloop
  endfacet
  facet normal -8.26507e-06 -0.993731 0.111795
    outer loop
      vertex -22.65 -51.4808 48.6658
      vertex -13.1798 -51.4736 48.7305
      vertex -13.3271 -51.462 48.8336
    endloop
  endfacet
  facet normal 0 -0.993865 0.1106
    outer loop
      vertex -13.1798 -51.4736 48.7305
      vertex -22.65 -51.4808 48.6658
      vertex -13.0804 -51.4808 48.6658
    endloop
  endfacet
  facet normal -0.000254324 -0.993772 0.111435
    outer loop
      vertex -9.94075 -50.4169 58.1375
      vertex -16.25 -49.5 66.3
      vertex -10.1203 -50.4158 58.1469
    endloop
  endfacet
  facet normal 0.000298822 -0.993782 0.111342
    outer loop
      vertex -9.58326 -50.4211 58.0999
      vertex -2.2424 -49.5435 65.9132
      vertex -9.76168 -50.4187 58.1218
    endloop
  endfacet
  facet normal 0.00162813 -0.993918 0.110109
    outer loop
      vertex -2.2424 -49.5435 65.9132
      vertex -9.58326 -50.4211 58.0999
      vertex -2.23907 -49.5454 65.896
    endloop
  endfacet
  facet normal 0.000475184 -0.9938 0.111181
    outer loop
      vertex -2.23907 -49.5454 65.896
      vertex -9.58326 -50.4211 58.0999
      vertex -2.23515 -49.5473 65.879
    endloop
  endfacet
  facet normal -0.000212395 -0.993728 0.111823
    outer loop
      vertex -9.40571 -50.4243 58.0718
      vertex -2.23515 -49.5473 65.879
      vertex -9.58326 -50.4211 58.0999
    endloop
  endfacet
  facet normal 0.000253241 -0.993776 0.1114
    outer loop
      vertex -9.22925 -50.4281 58.0375
      vertex -2.23515 -49.5473 65.879
      vertex -9.40571 -50.4243 58.0718
    endloop
  endfacet
  facet normal -0.00023903 -0.993727 0.111834
    outer loop
      vertex -9.0541 -50.4327 57.997
      vertex -2.23515 -49.5473 65.879
      vertex -9.22925 -50.4281 58.0375
    endloop
  endfacet
  facet normal 0.000108889 -0.99376 0.111537
    outer loop
      vertex -8.88047 -50.4379 57.9505
      vertex -2.23515 -49.5473 65.879
      vertex -9.0541 -50.4327 57.997
    endloop
  endfacet
  facet normal 3.91169e-05 -0.993754 0.111595
    outer loop
      vertex -8.70856 -50.4438 57.8979
      vertex -2.23515 -49.5473 65.879
      vertex -8.88047 -50.4379 57.9505
    endloop
  endfacet
  facet normal -0.000131728 -0.993738 0.111731
    outer loop
      vertex -8.5386 -50.4504 57.8394
      vertex -2.23515 -49.5473 65.879
      vertex -8.70856 -50.4438 57.8979
    endloop
  endfacet
  facet normal 0.000155433 -0.993763 0.111509
    outer loop
      vertex -8.37078 -50.4576 57.775
      vertex -2.23515 -49.5473 65.879
      vertex -8.5386 -50.4504 57.8394
    endloop
  endfacet
  facet normal -6.64893e-05 -0.993745 0.111675
    outer loop
      vertex -8.20531 -50.4655 57.7048
      vertex -2.23515 -49.5473 65.879
      vertex -8.37078 -50.4576 57.775
    endloop
  endfacet
  facet normal 0.000168366 -0.993764 0.111506
    outer loop
      vertex -8.04239 -50.474 57.6288
      vertex -2.23515 -49.5473 65.879
      vertex -8.20531 -50.4655 57.7048
    endloop
  endfacet
  facet normal -0.000156713 -0.993738 0.111732
    outer loop
      vertex -7.88222 -50.4832 57.5472
      vertex -2.23515 -49.5473 65.879
      vertex -8.04239 -50.474 57.6288
    endloop
  endfacet
  facet normal -2.26941e-05 -0.993749 0.111642
    outer loop
      vertex -7.725 -50.493 57.46
      vertex -2.23515 -49.5473 65.879
      vertex -7.88222 -50.4832 57.5472
    endloop
  endfacet
  facet normal 7.82646e-06 -0.993751 0.111622
    outer loop
      vertex -7.57092 -50.5034 57.3674
      vertex -2.23515 -49.5473 65.879
      vertex -7.725 -50.493 57.46
    endloop
  endfacet
  facet normal -1.39851e-05 -0.993749 0.111636
    outer loop
      vertex -7.42016 -50.5144 57.2695
      vertex -2.23515 -49.5473 65.879
      vertex -7.57092 -50.5034 57.3674
    endloop
  endfacet
  facet normal -8.94264e-05 -0.993744 0.111681
    outer loop
      vertex -7.27291 -50.526 57.1664
      vertex -2.23515 -49.5473 65.879
      vertex -7.42016 -50.5144 57.2695
    endloop
  endfacet
  facet normal 0.000207564 -0.993763 0.111511
    outer loop
      vertex -7.12934 -50.5381 57.0583
      vertex -2.23515 -49.5473 65.879
      vertex -7.27291 -50.526 57.1664
    endloop
  endfacet
  facet normal 7.54771e-05 -0.993755 0.111583
    outer loop
      vertex -6.98964 -50.5508 56.9451
      vertex -2.23515 -49.5473 65.879
      vertex -7.12934 -50.5381 57.0583
    endloop
  endfacet
  facet normal -0.000284924 -0.993734 0.111773
    outer loop
      vertex -6.85398 -50.5641 56.8272
      vertex -2.23515 -49.5473 65.879
      vertex -6.98964 -50.5508 56.9451
    endloop
  endfacet
  facet normal 0.0003678 -0.993771 0.111444
    outer loop
      vertex -6.72251 -50.5778 56.7046
      vertex -2.23515 -49.5473 65.879
      vertex -6.85398 -50.5641 56.8272
    endloop
  endfacet
  facet normal -0.000124394 -0.993744 0.111682
    outer loop
      vertex -6.5954 -50.5921 56.5775
      vertex -2.23515 -49.5473 65.879
      vertex -6.72251 -50.5778 56.7046
    endloop
  endfacet
  facet normal -0.000157144 -0.993742 0.111697
    outer loop
      vertex -6.4728 -50.6069 56.446
      vertex -2.23515 -49.5473 65.879
      vertex -6.5954 -50.5921 56.5775
    endloop
  endfacet
  facet normal 0.000176809 -0.993759 0.111549
    outer loop
      vertex -6.35487 -50.6221 56.3104
      vertex -2.23515 -49.5473 65.879
      vertex -6.4728 -50.6069 56.446
    endloop
  endfacet
  facet normal -4.64263e-05 -0.993748 0.111643
    outer loop
      vertex -6.24174 -50.6378 56.1707
      vertex -2.23515 -49.5473 65.879
      vertex -6.35487 -50.6221 56.3104
    endloop
  endfacet
  facet normal 0.00017861 -0.993759 0.111552
    outer loop
      vertex -6.13356 -50.6539 56.0271
      vertex -2.23515 -49.5473 65.879
      vertex -6.24174 -50.6378 56.1707
    endloop
  endfacet
  facet normal -0.000337102 -0.993736 0.111753
    outer loop
      vertex -6.03046 -50.6705 55.8798
      vertex -2.23515 -49.5473 65.879
      vertex -6.13356 -50.6539 56.0271
    endloop
  endfacet
  facet normal 0.000179251 -0.993758 0.11156
    outer loop
      vertex -5.93255 -50.6874 55.7291
      vertex -2.23515 -49.5473 65.879
      vertex -6.03046 -50.6705 55.8798
    endloop
  endfacet
  facet normal 6.32943e-05 -0.993753 0.111601
    outer loop
      vertex -5.83997 -50.7047 55.575
      vertex -2.23515 -49.5473 65.879
      vertex -5.93255 -50.6874 55.7291
    endloop
  endfacet
  facet normal -0.000296845 -0.993739 0.111726
    outer loop
      vertex -5.75282 -50.7224 55.4178
      vertex -2.23515 -49.5473 65.879
      vertex -5.83997 -50.7047 55.575
    endloop
  endfacet
  facet normal 2.06101e-05 -0.993746 0.111667
    outer loop
      vertex 1.17301 -51.1625 51.5
      vertex -5.75282 -50.7224 55.4178
      vertex -5.67121 -50.7404 55.2576
    endloop
  endfacet
  facet normal 4.7803e-06 -0.993749 0.111639
    outer loop
      vertex 1.17301 -51.1625 51.5
      vertex -5.67121 -50.7404 55.2576
      vertex -5.59524 -50.7587 55.0947
    endloop
  endfacet
  facet normal 6.25929e-05 -0.993741 0.11171
    outer loop
      vertex -0.95 -51.1625 51.5
      vertex -5.59524 -50.7587 55.0947
      vertex -5.525 -50.7773 54.9292
    endloop
  endfacet
  facet normal -0.000304622 -0.993795 0.111226
    outer loop
      vertex -0.95 -51.1625 51.5
      vertex -5.525 -50.7773 54.9292
      vertex -5.46058 -50.7961 54.7614
    endloop
  endfacet
  facet normal 8.17854e-06 -0.993747 0.111653
    outer loop
      vertex -0.95 -51.1625 51.5
      vertex -5.46058 -50.7961 54.7614
      vertex -5.40206 -50.8152 54.5914
    endloop
  endfacet
  facet normal -6.07473e-05 -0.993758 0.111555
    outer loop
      vertex -0.95 -51.1625 51.5
      vertex -5.40206 -50.8152 54.5914
      vertex -5.3495 -50.8345 54.4195
    endloop
  endfacet
  facet normal -1.6696e-05 -0.993751 0.111621
    outer loop
      vertex -0.95 -51.1625 51.5
      vertex -5.3495 -50.8345 54.4195
      vertex -5.30298 -50.854 54.2459
    endloop
  endfacet
  facet normal 6.86741e-05 -0.993736 0.111754
    outer loop
      vertex -0.95 -51.1625 51.5
      vertex -5.30298 -50.854 54.2459
      vertex -5.26254 -50.8737 54.0707
    endloop
  endfacet
  facet normal -6.56935e-05 -0.993761 0.111532
    outer loop
      vertex -0.95 -51.1625 51.5
      vertex -5.26254 -50.8737 54.0707
      vertex -5.22824 -50.8935 53.8943
    endloop
  endfacet
  facet normal 0.000160145 -0.993716 0.11193
    outer loop
      vertex -0.95 -51.1625 51.5
      vertex -5.22824 -50.8935 53.8943
      vertex -5.20012 -50.9135 53.7167
    endloop
  endfacet
  facet normal -0.000122672 -0.993776 0.111395
    outer loop
      vertex -0.95 -51.1625 51.5
      vertex -5.20012 -50.9135 53.7167
      vertex -5.17821 -50.9335 53.5383
    endloop
  endfacet
  facet normal -6.03793e-05 -0.993762 0.111522
    outer loop
      vertex -0.95 -51.1625 51.5
      vertex -5.17821 -50.9335 53.5383
      vertex -5.16254 -50.9536 53.3592
    endloop
  endfacet
  facet normal 7.84166e-05 -0.993727 0.111833
    outer loop
      vertex -0.95 -51.1625 51.5
      vertex -5.16254 -50.9536 53.3592
      vertex -5.15314 -50.9738 53.1797
    endloop
  endfacet
  facet normal 2.72274e-05 -0.993741 0.111707
    outer loop
      vertex -0.95 -51.1625 51.5
      vertex -5.15314 -50.9738 53.1797
      vertex -5.15 -50.994 53
    endloop
  endfacet
  facet normal 2.68897e-05 -0.993741 0.111706
    outer loop
      vertex -0.95 -51.1625 51.5
      vertex -5.15 -50.994 53
      vertex -5.15314 -51.0142 52.8203
    endloop
  endfacet
  facet normal -0.00010603 -0.993788 0.111288
    outer loop
      vertex -0.95 -51.1625 51.5
      vertex -5.15314 -51.0142 52.8203
      vertex -5.16254 -51.0343 52.6408
    endloop
  endfacet
  facet normal -3.92954e-05 -0.993761 0.111531
    outer loop
      vertex -0.95 -51.1625 51.5
      vertex -5.16254 -51.0343 52.6408
      vertex -5.17821 -51.0544 52.4617
    endloop
  endfacet
  facet normal 5.78376e-05 -0.993714 0.111953
    outer loop
      vertex -0.95 -51.1625 51.5
      vertex -5.17821 -51.0544 52.4617
      vertex -5.20012 -51.0745 52.2833
    endloop
  endfacet
  facet normal -5.26154e-05 -0.99378 0.111361
    outer loop
      vertex -0.95 -51.1625 51.5
      vertex -5.20012 -51.0745 52.2833
      vertex -5.22824 -51.0944 52.1057
    endloop
  endfacet
  facet normal 5.20135e-05 -0.993698 0.112091
    outer loop
      vertex -0.95 -51.1625 51.5
      vertex -5.22824 -51.0944 52.1057
      vertex -5.26254 -51.1143 51.9293
    endloop
  endfacet
  facet normal -1.29609e-05 -0.99375 0.111629
    outer loop
      vertex -0.95 -51.1625 51.5
      vertex -5.30298 -51.1339 51.7541
      vertex -5.3495 -51.1534 51.5805
    endloop
  endfacet
  facet normal -3.90362e-05 -0.993799 0.111187
    outer loop
      vertex -0.95 -51.1625 51.5
      vertex -5.26254 -51.1143 51.9293
      vertex -5.30298 -51.1339 51.7541
    endloop
  endfacet
  facet normal 0 -0.99375 0.11163
    outer loop
      vertex -5.59524 -50.7587 55.0947
      vertex -0.95 -51.1625 51.5
      vertex 1.17301 -51.1625 51.5
    endloop
  endfacet
  facet normal -1.92841e-06 -0.99375 0.111628
    outer loop
      vertex -5.75282 -50.7224 55.4178
      vertex 1.17301 -51.1625 51.5
      vertex -2.23515 -49.5473 65.879
    endloop
  endfacet
  facet normal 0.0146455 -0.993223 0.1153
    outer loop
      vertex -2.17402 -49.5034 66.265
      vertex -2.18041 -49.5 66.2951
      vertex -2.19773 -49.5 66.2973
    endloop
  endfacet
  facet normal 0.00153387 -0.993643 0.112564
    outer loop
      vertex -2.18041 -49.5 66.2951
      vertex -2.17402 -49.5034 66.265
      vertex -2.17175 -49.503 66.2685
    endloop
  endfacet
  facet normal 0.0153682 -0.993151 0.115823
    outer loop
      vertex -2.17402 -49.5034 66.265
      vertex -2.19773 -49.5 66.2973
      vertex -2.18257 -49.5052 66.2507
    endloop
  endfacet
  facet normal -0 0 1
    outer loop
      vertex -16.25 -44.5 66.3
      vertex -2.25 -49.5 66.3
      vertex -2.25 -44.5 66.3
    endloop
  endfacet
  facet normal 0 0 1
    outer loop
      vertex -2.25 -49.5 66.3
      vertex -16.25 -44.5 66.3
      vertex -16.25 -49.5 66.3
    endloop
  endfacet
  facet normal 0 -0.996157 0.0875833
    outer loop
      vertex -22.65 -51.4915 48.5441
      vertex -13.0804 -51.4808 48.6658
      vertex -22.65 -51.4808 48.6658
    endloop
  endfacet
  facet normal 7.10359e-06 -0.996206 0.087029
    outer loop
      vertex -13.0804 -51.4808 48.6658
      vertex -22.65 -51.4915 48.5441
      vertex -13.0291 -51.4837 48.6326
    endloop
  endfacet
  facet normal 0 -0.996139 0.0877953
    outer loop
      vertex -13.0291 -51.4837 48.6326
      vertex -22.65 -51.4915 48.5441
      vertex -12.882 -51.4915 48.5441
    endloop
  endfacet
  facet normal -1.07337e-05 -0.996205 0.0870345
    outer loop
      vertex -1.25 -51.4915 48.5441
      vertex -7.51964 -51.4808 48.6658
      vertex -7.57092 -51.4837 48.6326
    endloop
  endfacet
  facet normal 0 -0.996139 0.0877953
    outer loop
      vertex -1.25 -51.4915 48.5441
      vertex -7.57092 -51.4837 48.6326
      vertex -7.71804 -51.4915 48.5441
    endloop
  endfacet
  facet normal 0 -0.996157 0.0875833
    outer loop
      vertex -7.51964 -51.4808 48.6658
      vertex -1.25 -51.4915 48.5441
      vertex -1.25 -51.4808 48.6658
    endloop
  endfacet
  facet normal -0.908921 -0.189334 0.371503
    outer loop
      vertex -22.65 -49.5343 51.4458
      vertex -22.65 -49.6432 51.3903
      vertex -16.7136 -49.5 65.9873
    endloop
  endfacet
  facet normal 0.0515664 0 0.99867
    outer loop
      vertex -2.23255 -44.5 66.2997
      vertex -2.21512 -49.5 66.2988
      vertex -2.21512 -44.5 66.2988
    endloop
  endfacet
  facet normal 0.0515664 0 0.99867
    outer loop
      vertex -2.21512 -49.5 66.2988
      vertex -2.23255 -44.5 66.2997
      vertex -2.23255 -49.5 66.2997
    endloop
  endfacet
  facet normal -1 0 0
    outer loop
      vertex -22.65 -44.5021 48.1779
      vertex -22.65 -44.5021 48.4221
      vertex -22.65 -44.5 48.3
    endloop
  endfacet
  facet normal -1 0 0
    outer loop
      vertex -22.65 -44.5085 48.0559
      vertex -22.65 -44.5021 48.4221
      vertex -22.65 -44.5021 48.1779
    endloop
  endfacet
  facet normal -1 0 0
    outer loop
      vertex -22.65 -44.5085 48.0559
      vertex -22.65 -44.5085 48.5441
      vertex -22.65 -44.5021 48.4221
    endloop
  endfacet
  facet normal -1 0 0
    outer loop
      vertex -22.65 -44.5192 47.9342
      vertex -22.65 -44.5085 48.5441
      vertex -22.65 -44.5085 48.0559
    endloop
  endfacet
  facet normal -1 0 0
    outer loop
      vertex -22.65 -44.5192 47.9342
      vertex -22.65 -44.5192 48.6658
      vertex -22.65 -44.5085 48.5441
    endloop
  endfacet
  facet normal -1 0 0
    outer loop
      vertex -22.65 -44.5341 47.8129
      vertex -22.65 -44.5192 48.6658
      vertex -22.65 -44.5192 47.9342
    endloop
  endfacet
  facet normal -1 0 0
    outer loop
      vertex -22.65 -44.5341 47.8129
      vertex -22.65 -44.5341 48.7871
      vertex -22.65 -44.5192 48.6658
    endloop
  endfacet
  facet normal -1 0 0
    outer loop
      vertex -22.65 -44.5532 47.6922
      vertex -22.65 -44.5341 48.7871
      vertex -22.65 -44.5341 47.8129
    endloop
  endfacet
  facet normal -1 0 0
    outer loop
      vertex -22.65 -44.5532 47.6922
      vertex -22.65 -44.5532 48.9078
      vertex -22.65 -44.5341 48.7871
    endloop
  endfacet
  facet normal -1 0 0
    outer loop
      vertex -22.65 -44.5765 47.5723
      vertex -22.65 -44.5532 48.9078
      vertex -22.65 -44.5532 47.6922
    endloop
  endfacet
  facet normal -1 0 0
    outer loop
      vertex -22.65 -44.5765 47.5723
      vertex -22.65 -44.5765 49.0277
      vertex -22.65 -44.5532 48.9078
    endloop
  endfacet
  facet normal -1 0 0
    outer loop
      vertex -22.65 -44.604 47.4533
      vertex -22.65 -44.5765 49.0277
      vertex -22.65 -44.5765 47.5723
    endloop
  endfacet
  facet normal -1 0 0
    outer loop
      vertex -22.65 -44.604 47.4533
      vertex -22.65 -44.604 49.1467
      vertex -22.65 -44.5765 49.0277
    endloop
  endfacet
  facet normal -1 0 0
    outer loop
      vertex -22.65 -44.6356 47.3353
      vertex -22.65 -44.604 49.1467
      vertex -22.65 -44.604 47.4533
    endloop
  endfacet
  facet normal -1 0 0
    outer loop
      vertex -22.65 -44.6356 47.3353
      vertex -22.65 -44.6356 49.2647
      vertex -22.65 -44.604 49.1467
    endloop
  endfacet
  facet normal -1 0 0
    outer loop
      vertex -22.65 -44.6713 47.2184
      vertex -22.65 -44.6356 49.2647
      vertex -22.65 -44.6356 47.3353
    endloop
  endfacet
  facet normal -1 0 0
    outer loop
      vertex -22.65 -44.6713 47.2184
      vertex -22.65 -44.6713 49.3816
      vertex -22.65 -44.6356 49.2647
    endloop
  endfacet
  facet normal -1 0 0
    outer loop
      vertex -22.65 -44.7111 47.1029
      vertex -22.65 -44.6713 49.3816
      vertex -22.65 -44.6713 47.2184
    endloop
  endfacet
  facet normal -1 0 0
    outer loop
      vertex -22.65 -44.7111 47.1029
      vertex -22.65 -44.7111 49.4971
      vertex -22.65 -44.6713 49.3816
    endloop
  endfacet
  facet normal -1 0 0
    outer loop
      vertex -22.65 -44.7549 46.9889
      vertex -22.65 -44.7111 49.4971
      vertex -22.65 -44.7111 47.1029
    endloop
  endfacet
  facet normal -1 0 0
    outer loop
      vertex -22.65 -44.7549 46.9889
      vertex -22.65 -44.7549 49.6111
      vertex -22.65 -44.7111 49.4971
    endloop
  endfacet
  facet normal -1 0 0
    outer loop
      vertex -22.65 -44.8026 46.8764
      vertex -22.65 -44.7549 49.6111
      vertex -22.65 -44.7549 46.9889
    endloop
  endfacet
  facet normal -1 0 0
    outer loop
      vertex -22.65 -44.8026 46.8764
      vertex -22.65 -44.8026 49.7236
      vertex -22.65 -44.7549 49.6111
    endloop
  endfacet
  facet normal -1 0 0
    outer loop
      vertex -22.65 -44.8542 46.7657
      vertex -22.65 -44.8026 49.7236
      vertex -22.65 -44.8026 46.8764
    endloop
  endfacet
  facet normal -1 0 0
    outer loop
      vertex -22.65 -44.8542 46.7657
      vertex -22.65 -44.8542 49.8343
      vertex -22.65 -44.8026 49.7236
    endloop
  endfacet
  facet normal -1 0 0
    outer loop
      vertex -22.65 -44.9097 46.6568
      vertex -22.65 -44.8542 49.8343
      vertex -22.65 -44.8542 46.7657
    endloop
  endfacet
  facet normal -1 0 0
    outer loop
      vertex -22.65 -44.9097 46.6568
      vertex -22.65 -44.9097 49.9431
      vertex -22.65 -44.8542 49.8343
    endloop
  endfacet
  facet normal -1 0 0
    outer loop
      vertex -22.65 -44.9689 46.55
      vertex -22.65 -44.9097 49.9431
      vertex -22.65 -44.9097 46.6568
    endloop
  endfacet
  facet normal -1 0 0
    outer loop
      vertex -22.65 -44.9689 46.55
      vertex -22.65 -44.9689 50.05
      vertex -22.65 -44.9097 49.9431
    endloop
  endfacet
  facet normal -1 0 0
    outer loop
      vertex -22.65 -45.0318 46.4453
      vertex -22.65 -44.9689 50.05
      vertex -22.65 -44.9689 46.55
    endloop
  endfacet
  facet normal -1 0 0
    outer loop
      vertex -22.65 -45.0318 46.4453
      vertex -22.65 -45.0318 50.1547
      vertex -22.65 -44.9689 50.05
    endloop
  endfacet
  facet normal -1 0 0
    outer loop
      vertex -22.65 -45.0984 46.3428
      vertex -22.65 -45.0318 50.1547
      vertex -22.65 -45.0318 46.4453
    endloop
  endfacet
  facet normal -1 0 0
    outer loop
      vertex -22.65 -45.0984 46.3428
      vertex -22.65 -45.0984 50.2572
      vertex -22.65 -45.0318 50.1547
    endloop
  endfacet
  facet normal -1 0 0
    outer loop
      vertex -22.65 -45.1684 46.2428
      vertex -22.65 -45.0984 50.2572
      vertex -22.65 -45.0984 46.3428
    endloop
  endfacet
  facet normal -1 0 0
    outer loop
      vertex -22.65 -45.1684 46.2428
      vertex -22.65 -45.1684 50.3572
      vertex -22.65 -45.0984 50.2572
    endloop
  endfacet
  facet normal -1 0 0
    outer loop
      vertex -22.65 -45.242 46.1452
      vertex -22.65 -45.1684 50.3572
      vertex -22.65 -45.1684 46.2428
    endloop
  endfacet
  facet normal -1 0 0
    outer loop
      vertex -22.65 -45.242 46.1452
      vertex -22.65 -45.242 50.4548
      vertex -22.65 -45.1684 50.3572
    endloop
  endfacet
  facet normal -1 0 0
    outer loop
      vertex -22.65 -45.3188 46.0502
      vertex -22.65 -45.242 50.4548
      vertex -22.65 -45.242 46.1452
    endloop
  endfacet
  facet normal -1 0 0
    outer loop
      vertex -22.65 -45.3188 46.0502
      vertex -22.65 -45.3188 50.5498
      vertex -22.65 -45.242 50.4548
    endloop
  endfacet
  facet normal -1 0 0
    outer loop
      vertex -22.65 -45.399 45.958
      vertex -22.65 -45.3188 50.5498
      vertex -22.65 -45.3188 46.0502
    endloop
  endfacet
  facet normal -1 0 0
    outer loop
      vertex -22.65 -45.399 45.958
      vertex -22.65 -45.399 50.642
      vertex -22.65 -45.3188 50.5498
    endloop
  endfacet
  facet normal -1 0 0
    outer loop
      vertex -22.65 -45.4823 45.8687
      vertex -22.65 -45.399 50.642
      vertex -22.65 -45.399 45.958
    endloop
  endfacet
  facet normal -1 0 0
    outer loop
      vertex -22.65 -45.4823 45.8687
      vertex -22.65 -45.4823 50.7313
      vertex -22.65 -45.399 50.642
    endloop
  endfacet
  facet normal -1 0 0
    outer loop
      vertex -22.65 -45.5687 45.7823
      vertex -22.65 -45.4823 50.7313
      vertex -22.65 -45.4823 45.8687
    endloop
  endfacet
  facet normal -1 0 0
    outer loop
      vertex -22.65 -45.5687 45.7823
      vertex -22.65 -45.5687 50.8177
      vertex -22.65 -45.4823 50.7313
    endloop
  endfacet
  facet normal -1 0 0
    outer loop
      vertex -22.65 -45.658 45.699
      vertex -22.65 -45.5687 50.8177
      vertex -22.65 -45.5687 45.7823
    endloop
  endfacet
  facet normal -1 0 0
    outer loop
      vertex -22.65 -45.658 45.699
      vertex -22.65 -45.658 50.901
      vertex -22.65 -45.5687 50.8177
    endloop
  endfacet
  facet normal -1 0 0
    outer loop
      vertex -22.65 -45.7502 45.6188
      vertex -22.65 -45.658 50.901
      vertex -22.65 -45.658 45.699
    endloop
  endfacet
  facet normal -1 0 0
    outer loop
      vertex -22.65 -45.7502 45.6188
      vertex -22.65 -45.7502 50.9812
      vertex -22.65 -45.658 50.901
    endloop
  endfacet
  facet normal -1 0 0
    outer loop
      vertex -22.65 -45.8452 45.542
      vertex -22.65 -45.7502 50.9812
      vertex -22.65 -45.7502 45.6188
    endloop
  endfacet
  facet normal -1 0 0
    outer loop
      vertex -22.65 -45.8452 45.542
      vertex -22.65 -45.8452 51.058
      vertex -22.65 -45.7502 50.9812
    endloop
  endfacet
  facet normal -1 0 0
    outer loop
      vertex -22.65 -45.9427 45.4684
      vertex -22.65 -45.8452 51.058
      vertex -22.65 -45.8452 45.542
    endloop
  endfacet
  facet normal -1 0 0
    outer loop
      vertex -22.65 -45.9427 45.4684
      vertex -22.65 -45.9427 51.1316
      vertex -22.65 -45.8452 51.058
    endloop
  endfacet
  facet normal -1 0 0
    outer loop
      vertex -22.65 -46.0428 45.3984
      vertex -22.65 -45.9427 51.1316
      vertex -22.65 -45.9427 45.4684
    endloop
  endfacet
  facet normal -1 0 0
    outer loop
      vertex -22.65 -46.0428 45.3984
      vertex -22.65 -46.0428 51.2016
      vertex -22.65 -45.9427 51.1316
    endloop
  endfacet
  facet normal -1 0 0
    outer loop
      vertex -22.65 -46.1453 45.3318
      vertex -22.65 -46.0428 51.2016
      vertex -22.65 -46.0428 45.3984
    endloop
  endfacet
  facet normal -1 0 0
    outer loop
      vertex -22.65 -46.1453 45.3318
      vertex -22.65 -46.1453 51.2682
      vertex -22.65 -46.0428 51.2016
    endloop
  endfacet
  facet normal -1 0 0
    outer loop
      vertex -22.65 -46.25 45.2689
      vertex -22.65 -46.1453 51.2682
      vertex -22.65 -46.1453 45.3318
    endloop
  endfacet
  facet normal -1 0 0
    outer loop
      vertex -22.65 -46.25 45.2689
      vertex -22.65 -46.25 51.3311
      vertex -22.65 -46.1453 51.2682
    endloop
  endfacet
  facet normal -1 0 0
    outer loop
      vertex -22.65 -46.3568 45.2097
      vertex -22.65 -46.25 51.3311
      vertex -22.65 -46.25 45.2689
    endloop
  endfacet
  facet normal -1 0 0
    outer loop
      vertex -22.65 -46.3568 45.2097
      vertex -22.65 -46.3568 51.3903
      vertex -22.65 -46.25 51.3311
    endloop
  endfacet
  facet normal -1 0 0
    outer loop
      vertex -22.65 -46.4657 45.1542
      vertex -22.65 -46.3568 51.3903
      vertex -22.65 -46.3568 45.2097
    endloop
  endfacet
  facet normal -1 0 0
    outer loop
      vertex -22.65 -46.4657 45.1542
      vertex -22.65 -46.4657 51.4458
      vertex -22.65 -46.3568 51.3903
    endloop
  endfacet
  facet normal -1 0 0
    outer loop
      vertex -22.65 -46.5764 45.1026
      vertex -22.65 -46.4657 51.4458
      vertex -22.65 -46.4657 45.1542
    endloop
  endfacet
  facet normal -1 0 0
    outer loop
      vertex -22.65 -46.5764 45.1026
      vertex -22.65 -46.5764 51.4974
      vertex -22.65 -46.4657 51.4458
    endloop
  endfacet
  facet normal -1 0 0
    outer loop
      vertex -22.65 -46.6889 45.0549
      vertex -22.65 -46.5764 51.4974
      vertex -22.65 -46.5764 45.1026
    endloop
  endfacet
  facet normal -1 0 0
    outer loop
      vertex -22.65 -46.6889 45.0549
      vertex -22.65 -46.6889 51.5451
      vertex -22.65 -46.5764 51.4974
    endloop
  endfacet
  facet normal -1 0 0
    outer loop
      vertex -22.65 -46.8029 45.0111
      vertex -22.65 -46.6889 51.5451
      vertex -22.65 -46.6889 45.0549
    endloop
  endfacet
  facet normal -1 0 0
    outer loop
      vertex -22.65 -46.8029 45.0111
      vertex -22.65 -46.8029 51.5889
      vertex -22.65 -46.6889 51.5451
    endloop
  endfacet
  facet normal -1 0 0
    outer loop
      vertex -22.65 -46.9184 44.9713
      vertex -22.65 -46.8029 51.5889
      vertex -22.65 -46.8029 45.0111
    endloop
  endfacet
  facet normal -1 0 0
    outer loop
      vertex -22.65 -46.9184 44.9713
      vertex -22.65 -46.9184 51.6287
      vertex -22.65 -46.8029 51.5889
    endloop
  endfacet
  facet normal -1 0 0
    outer loop
      vertex -22.65 -47.0353 44.9356
      vertex -22.65 -46.9184 51.6287
      vertex -22.65 -46.9184 44.9713
    endloop
  endfacet
  facet normal -1 0 0
    outer loop
      vertex -22.65 -47.0353 44.9356
      vertex -22.65 -47.0353 51.6644
      vertex -22.65 -46.9184 51.6287
    endloop
  endfacet
  facet normal -1 0 0
    outer loop
      vertex -22.65 -47.1533 44.904
      vertex -22.65 -47.0353 51.6644
      vertex -22.65 -47.0353 44.9356
    endloop
  endfacet
  facet normal -1 0 0
    outer loop
      vertex -22.65 -47.1533 44.904
      vertex -22.65 -47.1533 51.696
      vertex -22.65 -47.0353 51.6644
    endloop
  endfacet
  facet normal -1 0 0
    outer loop
      vertex -22.65 -47.2723 44.8765
      vertex -22.65 -47.1533 51.696
      vertex -22.65 -47.1533 44.904
    endloop
  endfacet
  facet normal -1 0 0
    outer loop
      vertex -22.65 -47.2723 44.8765
      vertex -22.65 -47.2723 51.7235
      vertex -22.65 -47.1533 51.696
    endloop
  endfacet
  facet normal -1 0 0
    outer loop
      vertex -22.65 -47.3922 44.8532
      vertex -22.65 -47.2723 51.7235
      vertex -22.65 -47.2723 44.8765
    endloop
  endfacet
  facet normal -1 0 0
    outer loop
      vertex -22.65 -47.3922 44.8532
      vertex -22.65 -47.3922 51.7468
      vertex -22.65 -47.2723 51.7235
    endloop
  endfacet
  facet normal -1 0 0
    outer loop
      vertex -22.65 -47.5129 44.8341
      vertex -22.65 -47.3922 51.7468
      vertex -22.65 -47.3922 44.8532
    endloop
  endfacet
  facet normal -1 0 0
    outer loop
      vertex -22.65 -47.5129 44.8341
      vertex -22.65 -47.5129 51.7659
      vertex -22.65 -47.3922 51.7468
    endloop
  endfacet
  facet normal -1 0 0
    outer loop
      vertex -22.65 -47.6341 44.8192
      vertex -22.65 -47.5129 51.7659
      vertex -22.65 -47.5129 44.8341
    endloop
  endfacet
  facet normal -1 0 0
    outer loop
      vertex -22.65 -47.6341 44.8192
      vertex -22.65 -47.6341 51.7808
      vertex -22.65 -47.5129 51.7659
    endloop
  endfacet
  facet normal -1 0 0
    outer loop
      vertex -22.65 -47.7559 44.8085
      vertex -22.65 -47.6341 51.7808
      vertex -22.65 -47.6341 44.8192
    endloop
  endfacet
  facet normal -1 0 0
    outer loop
      vertex -22.65 -47.7559 44.8085
      vertex -22.65 -47.7559 51.7915
      vertex -22.65 -47.6341 51.7808
    endloop
  endfacet
  facet normal -1 0 0
    outer loop
      vertex -22.65 -47.8779 44.8021
      vertex -22.65 -47.7559 51.7915
      vertex -22.65 -47.7559 44.8085
    endloop
  endfacet
  facet normal -1 0 0
    outer loop
      vertex -22.65 -47.8779 44.8021
      vertex -22.65 -47.8779 51.7979
      vertex -22.65 -47.7559 51.7915
    endloop
  endfacet
  facet normal -1 0 0
    outer loop
      vertex -22.65 -48 44.8
      vertex -22.65 -47.8779 51.7979
      vertex -22.65 -47.8779 44.8021
    endloop
  endfacet
  facet normal -1 0 0
    outer loop
      vertex -22.65 -48 44.8
      vertex -22.65 -48 51.8
      vertex -22.65 -47.8779 51.7979
    endloop
  endfacet
  facet normal -1 0 0
    outer loop
      vertex -22.65 -48.1221 44.8021
      vertex -22.65 -48 51.8
      vertex -22.65 -48 44.8
    endloop
  endfacet
  facet normal -1 0 0
    outer loop
      vertex -22.65 -48.1221 44.8021
      vertex -22.65 -48.1221 51.7979
      vertex -22.65 -48 51.8
    endloop
  endfacet
  facet normal -1 0 0
    outer loop
      vertex -22.65 -48.2441 44.8085
      vertex -22.65 -48.1221 51.7979
      vertex -22.65 -48.1221 44.8021
    endloop
  endfacet
  facet normal -1 0 0
    outer loop
      vertex -22.65 -48.2441 44.8085
      vertex -22.65 -48.2441 51.7915
      vertex -22.65 -48.1221 51.7979
    endloop
  endfacet
  facet normal -1 0 0
    outer loop
      vertex -22.65 -48.3658 44.8192
      vertex -22.65 -48.2441 51.7915
      vertex -22.65 -48.2441 44.8085
    endloop
  endfacet
  facet normal -1 0 0
    outer loop
      vertex -22.65 -48.3658 44.8192
      vertex -22.65 -48.3658 51.7808
      vertex -22.65 -48.2441 51.7915
    endloop
  endfacet
  facet normal -1 0 0
    outer loop
      vertex -22.65 -48.4871 44.8341
      vertex -22.65 -48.3658 51.7808
      vertex -22.65 -48.3658 44.8192
    endloop
  endfacet
  facet normal -1 0 0
    outer loop
      vertex -22.65 -48.4871 44.8341
      vertex -22.65 -48.4871 51.7659
      vertex -22.65 -48.3658 51.7808
    endloop
  endfacet
  facet normal -1 0 0
    outer loop
      vertex -22.65 -48.6078 44.8532
      vertex -22.65 -48.4871 51.7659
      vertex -22.65 -48.4871 44.8341
    endloop
  endfacet
  facet normal -1 0 0
    outer loop
      vertex -22.65 -48.6078 44.8532
      vertex -22.65 -48.6078 51.7468
      vertex -22.65 -48.4871 51.7659
    endloop
  endfacet
  facet normal -1 0 0
    outer loop
      vertex -22.65 -48.7277 44.8765
      vertex -22.65 -48.6078 51.7468
      vertex -22.65 -48.6078 44.8532
    endloop
  endfacet
  facet normal -1 0 0
    outer loop
      vertex -22.65 -48.7277 44.8765
      vertex -22.65 -48.7277 51.7235
      vertex -22.65 -48.6078 51.7468
    endloop
  endfacet
  facet normal -1 0 0
    outer loop
      vertex -22.65 -48.8467 44.904
      vertex -22.65 -48.7277 51.7235
      vertex -22.65 -48.7277 44.8765
    endloop
  endfacet
  facet normal -1 0 0
    outer loop
      vertex -22.65 -48.8467 44.904
      vertex -22.65 -48.8467 51.696
      vertex -22.65 -48.7277 51.7235
    endloop
  endfacet
  facet normal -1 0 0
    outer loop
      vertex -22.65 -48.9647 44.9356
      vertex -22.65 -48.8467 51.696
      vertex -22.65 -48.8467 44.904
    endloop
  endfacet
  facet normal -1 0 0
    outer loop
      vertex -22.65 -48.9647 44.9356
      vertex -22.65 -48.9647 51.6644
      vertex -22.65 -48.8467 51.696
    endloop
  endfacet
  facet normal -1 0 0
    outer loop
      vertex -22.65 -49.0816 44.9713
      vertex -22.65 -48.9647 51.6644
      vertex -22.65 -48.9647 44.9356
    endloop
  endfacet
  facet normal -1 0 0
    outer loop
      vertex -22.65 -49.0816 44.9713
      vertex -22.65 -49.0816 51.6287
      vertex -22.65 -48.9647 51.6644
    endloop
  endfacet
  facet normal -1 0 0
    outer loop
      vertex -22.65 -49.1971 45.0111
      vertex -22.65 -49.0816 51.6287
      vertex -22.65 -49.0816 44.9713
    endloop
  endfacet
  facet normal -1 0 0
    outer loop
      vertex -22.65 -49.1971 45.0111
      vertex -22.65 -49.1971 51.5889
      vertex -22.65 -49.0816 51.6287
    endloop
  endfacet
  facet normal -1 0 0
    outer loop
      vertex -22.65 -49.3111 45.0549
      vertex -22.65 -49.1971 51.5889
      vertex -22.65 -49.1971 45.0111
    endloop
  endfacet
  facet normal -1 0 0
    outer loop
      vertex -22.65 -49.3111 45.0549
      vertex -22.65 -49.3111 51.5451
      vertex -22.65 -49.1971 51.5889
    endloop
  endfacet
  facet normal -1 0 0
    outer loop
      vertex -22.65 -49.4236 45.1026
      vertex -22.65 -49.3111 51.5451
      vertex -22.65 -49.3111 45.0549
    endloop
  endfacet
  facet normal -1 0 0
    outer loop
      vertex -22.65 -49.4236 45.1026
      vertex -22.65 -49.4236 51.4974
      vertex -22.65 -49.3111 51.5451
    endloop
  endfacet
  facet normal -1 0 0
    outer loop
      vertex -22.65 -49.5343 45.1542
      vertex -22.65 -49.4236 51.4974
      vertex -22.65 -49.4236 45.1026
    endloop
  endfacet
  facet normal -1 0 0
    outer loop
      vertex -22.65 -49.5343 45.1542
      vertex -22.65 -49.5343 51.4458
      vertex -22.65 -49.4236 51.4974
    endloop
  endfacet
  facet normal -1 0 0
    outer loop
      vertex -22.65 -49.6432 45.2097
      vertex -22.65 -49.5343 51.4458
      vertex -22.65 -49.5343 45.1542
    endloop
  endfacet
  facet normal -1 0 0
    outer loop
      vertex -22.65 -49.6432 45.2097
      vertex -22.65 -49.6432 51.3903
      vertex -22.65 -49.5343 51.4458
    endloop
  endfacet
  facet normal -1 0 0
    outer loop
      vertex -22.65 -49.75 45.2689
      vertex -22.65 -49.6432 51.3903
      vertex -22.65 -49.6432 45.2097
    endloop
  endfacet
  facet normal -1 0 0
    outer loop
      vertex -22.65 -49.75 45.2689
      vertex -22.65 -49.75 51.3311
      vertex -22.65 -49.6432 51.3903
    endloop
  endfacet
  facet normal -1 0 0
    outer loop
      vertex -22.65 -49.8547 45.3318
      vertex -22.65 -49.75 51.3311
      vertex -22.65 -49.75 45.2689
    endloop
  endfacet
  facet normal -1 0 0
    outer loop
      vertex -22.65 -49.8547 45.3318
      vertex -22.65 -49.8547 51.2682
      vertex -22.65 -49.75 51.3311
    endloop
  endfacet
  facet normal -1 0 0
    outer loop
      vertex -22.65 -49.9572 45.3984
      vertex -22.65 -49.8547 51.2682
      vertex -22.65 -49.8547 45.3318
    endloop
  endfacet
  facet normal -1 0 0
    outer loop
      vertex -22.65 -49.9572 45.3984
      vertex -22.65 -49.9572 51.2016
      vertex -22.65 -49.8547 51.2682
    endloop
  endfacet
  facet normal -1 0 0
    outer loop
      vertex -22.65 -50.0572 45.4684
      vertex -22.65 -49.9572 51.2016
      vertex -22.65 -49.9572 45.3984
    endloop
  endfacet
  facet normal -1 0 0
    outer loop
      vertex -22.65 -50.0572 45.4684
      vertex -22.65 -50.0572 51.1316
      vertex -22.65 -49.9572 51.2016
    endloop
  endfacet
  facet normal -1 0 0
    outer loop
      vertex -22.65 -50.1548 45.542
      vertex -22.65 -50.0572 51.1316
      vertex -22.65 -50.0572 45.4684
    endloop
  endfacet
  facet normal -1 0 0
    outer loop
      vertex -22.65 -50.1548 45.542
      vertex -22.65 -50.1548 51.058
      vertex -22.65 -50.0572 51.1316
    endloop
  endfacet
  facet normal -1 0 0
    outer loop
      vertex -22.65 -50.2498 45.6188
      vertex -22.65 -50.1548 51.058
      vertex -22.65 -50.1548 45.542
    endloop
  endfacet
  facet normal -1 0 0
    outer loop
      vertex -22.65 -50.2498 45.6188
      vertex -22.65 -50.2498 50.9812
      vertex -22.65 -50.1548 51.058
    endloop
  endfacet
  facet normal -1 0 0
    outer loop
      vertex -22.65 -50.342 45.699
      vertex -22.65 -50.2498 50.9812
      vertex -22.65 -50.2498 45.6188
    endloop
  endfacet
  facet normal -1 0 0
    outer loop
      vertex -22.65 -50.342 45.699
      vertex -22.65 -50.342 50.901
      vertex -22.65 -50.2498 50.9812
    endloop
  endfacet
  facet normal -1 0 0
    outer loop
      vertex -22.65 -50.4313 45.7823
      vertex -22.65 -50.342 50.901
      vertex -22.65 -50.342 45.699
    endloop
  endfacet
  facet normal -1 0 0
    outer loop
      vertex -22.65 -50.4313 45.7823
      vertex -22.65 -50.4313 50.8177
      vertex -22.65 -50.342 50.901
    endloop
  endfacet
  facet normal -1 0 0
    outer loop
      vertex -22.65 -50.5177 45.8687
      vertex -22.65 -50.4313 50.8177
      vertex -22.65 -50.4313 45.7823
    endloop
  endfacet
  facet normal -1 0 0
    outer loop
      vertex -22.65 -50.5177 45.8687
      vertex -22.65 -50.5177 50.7313
      vertex -22.65 -50.4313 50.8177
    endloop
  endfacet
  facet normal -1 0 0
    outer loop
      vertex -22.65 -50.601 45.958
      vertex -22.65 -50.5177 50.7313
      vertex -22.65 -50.5177 45.8687
    endloop
  endfacet
  facet normal -1 0 0
    outer loop
      vertex -22.65 -50.601 45.958
      vertex -22.65 -50.601 50.642
      vertex -22.65 -50.5177 50.7313
    endloop
  endfacet
  facet normal -1 0 0
    outer loop
      vertex -22.65 -50.6812 46.0502
      vertex -22.65 -50.601 50.642
      vertex -22.65 -50.601 45.958
    endloop
  endfacet
  facet normal -1 0 0
    outer loop
      vertex -22.65 -50.6812 46.0502
      vertex -22.65 -50.6812 50.5498
      vertex -22.65 -50.601 50.642
    endloop
  endfacet
  facet normal -1 0 0
    outer loop
      vertex -22.65 -50.758 46.1452
      vertex -22.65 -50.6812 50.5498
      vertex -22.65 -50.6812 46.0502
    endloop
  endfacet
  facet normal -1 0 0
    outer loop
      vertex -22.65 -50.758 46.1452
      vertex -22.65 -50.758 50.4548
      vertex -22.65 -50.6812 50.5498
    endloop
  endfacet
  facet normal -1 0 0
    outer loop
      vertex -22.65 -50.8316 46.2428
      vertex -22.65 -50.758 50.4548
      vertex -22.65 -50.758 46.1452
    endloop
  endfacet
  facet normal -1 0 0
    outer loop
      vertex -22.65 -50.8316 46.2428
      vertex -22.65 -50.8316 50.3572
      vertex -22.65 -50.758 50.4548
    endloop
  endfacet
  facet normal -1 0 0
    outer loop
      vertex -22.65 -50.9016 46.3428
      vertex -22.65 -50.8316 50.3572
      vertex -22.65 -50.8316 46.2428
    endloop
  endfacet
  facet normal -1 0 0
    outer loop
      vertex -22.65 -50.9016 46.3428
      vertex -22.65 -50.9016 50.2572
      vertex -22.65 -50.8316 50.3572
    endloop
  endfacet
  facet normal -1 0 0
    outer loop
      vertex -22.65 -50.9682 46.4453
      vertex -22.65 -50.9016 50.2572
      vertex -22.65 -50.9016 46.3428
    endloop
  endfacet
  facet normal -1 0 0
    outer loop
      vertex -22.65 -50.9682 46.4453
      vertex -22.65 -50.9682 50.1547
      vertex -22.65 -50.9016 50.2572
    endloop
  endfacet
  facet normal -1 0 0
    outer loop
      vertex -22.65 -51.0311 46.55
      vertex -22.65 -50.9682 50.1547
      vertex -22.65 -50.9682 46.4453
    endloop
  endfacet
  facet normal -1 0 0
    outer loop
      vertex -22.65 -51.0311 46.55
      vertex -22.65 -51.0311 50.05
      vertex -22.65 -50.9682 50.1547
    endloop
  endfacet
  facet normal -1 0 0
    outer loop
      vertex -22.65 -51.0903 46.6568
      vertex -22.65 -51.0311 50.05
      vertex -22.65 -51.0311 46.55
    endloop
  endfacet
  facet normal -1 0 0
    outer loop
      vertex -22.65 -51.0903 46.6568
      vertex -22.65 -51.0903 49.9431
      vertex -22.65 -51.0311 50.05
    endloop
  endfacet
  facet normal -1 0 0
    outer loop
      vertex -22.65 -51.1458 46.7657
      vertex -22.65 -51.0903 49.9431
      vertex -22.65 -51.0903 46.6568
    endloop
  endfacet
  facet normal -1 0 0
    outer loop
      vertex -22.65 -51.1458 46.7657
      vertex -22.65 -51.1458 49.8343
      vertex -22.65 -51.0903 49.9431
    endloop
  endfacet
  facet normal -1 0 0
    outer loop
      vertex -22.65 -51.1974 46.8764
      vertex -22.65 -51.1458 49.8343
      vertex -22.65 -51.1458 46.7657
    endloop
  endfacet
  facet normal -1 0 0
    outer loop
      vertex -22.65 -51.1974 46.8764
      vertex -22.65 -51.1974 49.7236
      vertex -22.65 -51.1458 49.8343
    endloop
  endfacet
  facet normal -1 0 0
    outer loop
      vertex -22.65 -51.2451 46.9889
      vertex -22.65 -51.1974 49.7236
      vertex -22.65 -51.1974 46.8764
    endloop
  endfacet
  facet normal -1 0 0
    outer loop
      vertex -22.65 -51.2451 46.9889
      vertex -22.65 -51.2451 49.6111
      vertex -22.65 -51.1974 49.7236
    endloop
  endfacet
  facet normal -1 0 0
    outer loop
      vertex -22.65 -51.2889 47.1029
      vertex -22.65 -51.2451 49.6111
      vertex -22.65 -51.2451 46.9889
    endloop
  endfacet
  facet normal -1 0 0
    outer loop
      vertex -22.65 -51.2889 47.1029
      vertex -22.65 -51.2889 49.4971
      vertex -22.65 -51.2451 49.6111
    endloop
  endfacet
  facet normal -1 0 0
    outer loop
      vertex -22.65 -51.3287 47.2184
      vertex -22.65 -51.2889 49.4971
      vertex -22.65 -51.2889 47.1029
    endloop
  endfacet
  facet normal -1 0 0
    outer loop
      vertex -22.65 -51.3287 47.2184
      vertex -22.65 -51.3287 49.3816
      vertex -22.65 -51.2889 49.4971
    endloop
  endfacet
  facet normal -1 0 0
    outer loop
      vertex -22.65 -51.3644 47.3353
      vertex -22.65 -51.3287 49.3816
      vertex -22.65 -51.3287 47.2184
    endloop
  endfacet
  facet normal -1 0 0
    outer loop
      vertex -22.65 -51.3644 47.3353
      vertex -22.65 -51.3644 49.2647
      vertex -22.65 -51.3287 49.3816
    endloop
  endfacet
  facet normal -1 0 0
    outer loop
      vertex -22.65 -51.396 47.4533
      vertex -22.65 -51.3644 49.2647
      vertex -22.65 -51.3644 47.3353
    endloop
  endfacet
  facet normal -1 0 0
    outer loop
      vertex -22.65 -51.396 47.4533
      vertex -22.65 -51.396 49.1467
      vertex -22.65 -51.3644 49.2647
    endloop
  endfacet
  facet normal -1 0 0
    outer loop
      vertex -22.65 -51.4235 47.5723
      vertex -22.65 -51.396 49.1467
      vertex -22.65 -51.396 47.4533
    endloop
  endfacet
  facet normal -1 0 0
    outer loop
      vertex -22.65 -51.4235 47.5723
      vertex -22.65 -51.4235 49.0277
      vertex -22.65 -51.396 49.1467
    endloop
  endfacet
  facet normal -1 0 0
    outer loop
      vertex -22.65 -51.4468 47.6922
      vertex -22.65 -51.4235 49.0277
      vertex -22.65 -51.4235 47.5723
    endloop
  endfacet
  facet normal -1 0 0
    outer loop
      vertex -22.65 -51.4468 47.6922
      vertex -22.65 -51.4468 48.9078
      vertex -22.65 -51.4235 49.0277
    endloop
  endfacet
  facet normal -1 0 0
    outer loop
      vertex -22.65 -51.4659 47.8129
      vertex -22.65 -51.4468 48.9078
      vertex -22.65 -51.4468 47.6922
    endloop
  endfacet
  facet normal -1 0 0
    outer loop
      vertex -22.65 -51.4659 47.8129
      vertex -22.65 -51.4659 48.7871
      vertex -22.65 -51.4468 48.9078
    endloop
  endfacet
  facet normal -1 0 0
    outer loop
      vertex -22.65 -51.4808 47.9342
      vertex -22.65 -51.4659 48.7871
      vertex -22.65 -51.4659 47.8129
    endloop
  endfacet
  facet normal -1 0 0
    outer loop
      vertex -22.65 -51.4808 47.9342
      vertex -22.65 -51.4808 48.6658
      vertex -22.65 -51.4659 48.7871
    endloop
  endfacet
  facet normal -1 0 0
    outer loop
      vertex -22.65 -51.4915 48.0559
      vertex -22.65 -51.4808 48.6658
      vertex -22.65 -51.4808 47.9342
    endloop
  endfacet
  facet normal -1 0 0
    outer loop
      vertex -22.65 -51.4915 48.0559
      vertex -22.65 -51.4915 48.5441
      vertex -22.65 -51.4808 48.6658
    endloop
  endfacet
  facet normal -1 0 0
    outer loop
      vertex -22.65 -51.4979 48.1779
      vertex -22.65 -51.4915 48.5441
      vertex -22.65 -51.4915 48.0559
    endloop
  endfacet
  facet normal -1 0 0
    outer loop
      vertex -22.65 -51.4979 48.1779
      vertex -22.65 -51.4979 48.4221
      vertex -22.65 -51.4915 48.5441
    endloop
  endfacet
  facet normal -1 0 -0
    outer loop
      vertex -22.65 -51.4979 48.4221
      vertex -22.65 -51.4979 48.1779
      vertex -22.65 -51.5 48.3
    endloop
  endfacet
  facet normal -0.126829 -0.979734 0.155037
    outer loop
      vertex -22.65 -51.4468 48.9078
      vertex -22.65 -51.4659 48.7871
      vertex -16.5714 -49.5 66.183
    endloop
  endfacet
  facet normal -0.22241 -0.95705 0.185982
    outer loop
      vertex -22.65 -51.4235 49.0277
      vertex -22.65 -51.4468 48.9078
      vertex -16.633 -49.5 66.1214
    endloop
  endfacet
  facet normal 0 -0.484808 -0.87462
    outer loop
      vertex -22.65 -49.75 45.2689
      vertex -1.25 -49.6432 45.2097
      vertex -1.25 -49.75 45.2689
    endloop
  endfacet
  facet normal -0 -0.484808 -0.87462
    outer loop
      vertex -1.25 -49.6432 45.2097
      vertex -22.65 -49.75 45.2689
      vertex -22.65 -49.6432 45.2097
    endloop
  endfacet
  facet normal 0 -0.324829 -0.945773
    outer loop
      vertex -0.95 -49.1971 45.0111
      vertex -1.25 -49.1444 44.993
      vertex -0.95 -49.1444 44.993
    endloop
  endfacet
  facet normal 0 -0.324829 -0.945773
    outer loop
      vertex -22.65 -49.1971 45.0111
      vertex -1.25 -49.1444 44.993
      vertex -0.95 -49.1971 45.0111
    endloop
  endfacet
  facet normal 4.85973e-06 -0.326594 -0.945165
    outer loop
      vertex -22.65 -49.1971 45.0111
      vertex -1.25 -49.0816 44.9713
      vertex -1.25 -49.1444 44.993
    endloop
  endfacet
  facet normal -0 -0.325789 -0.945443
    outer loop
      vertex -1.25 -49.0816 44.9713
      vertex -22.65 -49.1971 45.0111
      vertex -22.65 -49.0816 44.9713
    endloop
  endfacet
  facet normal 0 -0.999852 0.0171965
    outer loop
      vertex -22.65 -51.5 48.3
      vertex -12.6576 -51.4979 48.4221
      vertex -22.65 -51.4979 48.4221
    endloop
  endfacet
  facet normal -5.75921e-06 -0.999844 0.0176677
    outer loop
      vertex -12.6576 -51.4979 48.4221
      vertex -22.65 -51.5 48.3
      vertex -12.5576 -51.4988 48.3712
    endloop
  endfacet
  facet normal 0 -0.999858 0.0168515
    outer loop
      vertex -12.5576 -51.4988 48.3712
      vertex -22.65 -51.5 48.3
      vertex -12.4049 -51.5 48.3
    endloop
  endfacet
  facet normal 8.50086e-06 -0.999844 0.0176623
    outer loop
      vertex -1.25 -51.5 48.3
      vertex -7.94242 -51.4979 48.4221
      vertex -8.04239 -51.4988 48.3712
    endloop
  endfacet
  facet normal 0 -0.999858 0.0168515
    outer loop
      vertex -1.25 -51.5 48.3
      vertex -8.04239 -51.4988 48.3712
      vertex -8.1951 -51.5 48.3
    endloop
  endfacet
  facet normal 0 -0.999852 0.0171965
    outer loop
      vertex -7.94242 -51.4979 48.4221
      vertex -1.25 -51.5 48.3
      vertex -1.25 -51.4979 48.4221
    endloop
  endfacet
  facet normal 0 0 0
    outer loop
      vertex -0.95 -51.5 48.3
      vertex -1.25 -51.5 48.3
      vertex -8.1951 -51.5 48.3
    endloop
  endfacet
  facet normal 0 -0.999852 -0.0171965
    outer loop
      vertex -22.65 -51.4979 48.1779
      vertex -12.4049 -51.5 48.3
      vertex -22.65 -51.5 48.3
    endloop
  endfacet
  facet normal 4.22345e-05 -0.999785 -0.0207391
    outer loop
      vertex -12.4049 -51.5 48.3
      vertex -22.65 -51.4979 48.1779
      vertex -12.3947 -51.4999 48.2952
    endloop
  endfacet
  facet normal 4.86853e-07 -0.999854 -0.0170904
    outer loop
      vertex -12.3947 -51.4999 48.2952
      vertex -22.65 -51.4979 48.1779
      vertex -12.2292 -51.4987 48.225
    endloop
  endfacet
  facet normal 0 -0.999856 -0.0169827
    outer loop
      vertex -12.2292 -51.4987 48.225
      vertex -22.65 -51.4979 48.1779
      vertex -12.1064 -51.4979 48.1779
    endloop
  endfacet
  facet normal 0 -1 0
    outer loop
      vertex -8.1951 -51.5 48.3
      vertex -1.25 -51.5 48.2983
      vertex -0.95 -51.5 48.3
    endloop
  endfacet
  facet normal -6.15775e-05 -0.999786 -0.0206979
    outer loop
      vertex -1.25 -51.4979 48.1779
      vertex -8.1951 -51.5 48.3
      vertex -8.20531 -51.4999 48.2952
    endloop
  endfacet
  facet normal -7.09015e-07 -0.999854 -0.0170898
    outer loop
      vertex -1.25 -51.4979 48.1779
      vertex -8.20531 -51.4999 48.2952
      vertex -8.37078 -51.4987 48.225
    endloop
  endfacet
  facet normal -0 -0.999856 -0.0169827
    outer loop
      vertex -1.25 -51.4979 48.1779
      vertex -8.37078 -51.4987 48.225
      vertex -8.49361 -51.4979 48.1779
    endloop
  endfacet
  facet normal -4.26872e-06 -0.999848 -0.0174392
    outer loop
      vertex -8.1951 -51.5 48.3
      vertex -1.25 -51.4979 48.1779
      vertex -1.25 -51.5 48.2983
    endloop
  endfacet
  facet normal 0 -1 -0
    outer loop
      vertex -0.95 -51.5 48.3
      vertex -1.25 -51.5 48.2983
      vertex -0.95 -51.5 48.2983
    endloop
  endfacet
  facet normal -0.32652 0 0.94519
    outer loop
      vertex -16.421 -44.5 66.2698
      vertex -16.4045 -49.5 66.2755
      vertex -16.4045 -44.5 66.2755
    endloop
  endfacet
  facet normal -0.32652 0 0.94519
    outer loop
      vertex -16.4045 -49.5 66.2755
      vertex -16.421 -44.5 66.2698
      vertex -16.421 -49.5 66.2698
    endloop
  endfacet
  facet normal -0.113885 -0.981988 0.150762
    outer loop
      vertex -16.5578 -49.5 66.194
      vertex -22.65 -51.4659 48.7871
      vertex -16.5439 -49.5 66.2045
    endloop
  endfacet
  facet normal -0.234822 -0.953302 0.18993
    outer loop
      vertex -16.644 -49.5 66.1078
      vertex -22.65 -51.4235 49.0277
      vertex -16.633 -49.5 66.1214
    endloop
  endfacet
  facet normal -0.0691915 -0.988323 0.135756
    outer loop
      vertex -16.4847 -49.5 66.2415
      vertex -22.65 -51.4659 48.7871
      vertex -16.4692 -49.5 66.2494
    endloop
  endfacet
  facet normal -0.828614 -0.435352 0.351948
    outer loop
      vertex -22.65 -50.6812 50.5498
      vertex -22.65 -50.758 50.4548
      vertex -16.7068 -49.5 66.0034
    endloop
  endfacet
  facet normal -0.898479 -0.239196 0.368132
    outer loop
      vertex -22.65 -49.8547 51.2682
      vertex -22.65 -49.9572 51.2016
      vertex -16.7136 -49.5 65.9873
    endloop
  endfacet
  facet normal 0 -0.514977 -0.857204
    outer loop
      vertex -22.65 -49.8547 45.3318
      vertex -1.25 -49.75 45.2689
      vertex -1.25 -49.8547 45.3318
    endloop
  endfacet
  facet normal -0 -0.514977 -0.857204
    outer loop
      vertex -1.25 -49.75 45.2689
      vertex -22.65 -49.8547 45.3318
      vertex -22.65 -49.75 45.2689
    endloop
  endfacet
  facet normal 0 0.0170829 -0.999854
    outer loop
      vertex 3.55 -48 44.8
      vertex -1.25 -47.9005 44.8017
      vertex 3.55 -47.9005 44.8017
    endloop
  endfacet
  facet normal 0 0.0170829 -0.999854
    outer loop
      vertex -22.65 -48 44.8
      vertex -1.25 -47.9005 44.8017
      vertex 3.55 -48 44.8
    endloop
  endfacet
  facet normal -2.85292e-06 0.0176963 -0.999843
    outer loop
      vertex -22.65 -48 44.8
      vertex -1.25 -47.8779 44.8021
      vertex -1.25 -47.9005 44.8017
    endloop
  endfacet
  facet normal 0 0.0171965 -0.999852
    outer loop
      vertex -1.25 -47.8779 44.8021
      vertex -22.65 -48 44.8
      vertex -22.65 -47.8779 44.8021
    endloop
  endfacet
  facet normal 0 0.122019 -0.992528
    outer loop
      vertex -22.65 -47.6341 44.8192
      vertex -1.25 -47.5129 44.8341
      vertex -1.25 -47.6341 44.8192
    endloop
  endfacet
  facet normal 0 0.122019 -0.992528
    outer loop
      vertex -1.25 -47.5129 44.8341
      vertex -22.65 -47.6341 44.8192
      vertex -22.65 -47.5129 44.8341
    endloop
  endfacet
  facet normal 0 0.35865 -0.933472
    outer loop
      vertex -22.65 -46.8029 45.0111
      vertex 3.55 -46.6889 45.0549
      vertex 3.55 -46.8029 45.0111
    endloop
  endfacet
  facet normal 0 0.35865 -0.933472
    outer loop
      vertex 3.55 -46.6889 45.0549
      vertex -22.65 -46.8029 45.0111
      vertex -22.65 -46.6889 45.0549
    endloop
  endfacet
  facet normal 0 0.6563 -0.7545
    outer loop
      vertex -22.65 -45.7502 45.6188
      vertex 3.55 -45.658 45.699
      vertex 3.55 -45.7502 45.6188
    endloop
  endfacet
  facet normal 0 0.6563 -0.7545
    outer loop
      vertex 3.55 -45.658 45.699
      vertex -22.65 -45.7502 45.6188
      vertex -22.65 -45.658 45.699
    endloop
  endfacet
  facet normal 0 0.515578 -0.856842
    outer loop
      vertex -1.25 -46.25 45.2689
      vertex -22.65 -46.25 45.2689
      vertex -1.25 -46.2151 45.2899
    endloop
  endfacet
  facet normal 0 0.514676 -0.857385
    outer loop
      vertex -1.25 -46.2151 45.2899
      vertex 3.55 -46.1453 45.3318
      vertex 3.55 -46.2151 45.2899
    endloop
  endfacet
  facet normal 1.33521e-06 0.514977 -0.857204
    outer loop
      vertex -22.65 -46.1453 45.3318
      vertex -1.25 -46.2151 45.2899
      vertex -22.65 -46.25 45.2689
    endloop
  endfacet
  facet normal 0 0.514676 -0.857385
    outer loop
      vertex -1.25 -46.2151 45.2899
      vertex -22.65 -46.1453 45.3318
      vertex 3.55 -46.1453 45.3318
    endloop
  endfacet
  facet normal 0 0.920662 -0.390361
    outer loop
      vertex 3.55 -44.8026 46.8764
      vertex -22.65 -44.7549 46.9889
      vertex 3.55 -44.7549 46.9889
    endloop
  endfacet
  facet normal 0 0.920662 -0.390361
    outer loop
      vertex -22.65 -44.7549 46.9889
      vertex 3.55 -44.8026 46.8764
      vertex -22.65 -44.8026 46.8764
    endloop
  endfacet
  facet normal 0 0.987651 -0.156668
    outer loop
      vertex 3.55 -44.5361 47.8
      vertex 3.55 -44.5532 47.6922
      vertex 2.05 -44.5361 47.8
    endloop
  endfacet
  facet normal -1.54599e-05 0.988193 -0.153212
    outer loop
      vertex -22.65 -44.5532 47.6922
      vertex 2.04694 -44.5341 47.8129
      vertex 2.05 -44.5361 47.8
    endloop
  endfacet
  facet normal 0 0.987651 -0.156668
    outer loop
      vertex -22.65 -44.5532 47.6922
      vertex 2.05 -44.5361 47.8
      vertex 3.55 -44.5532 47.6922
    endloop
  endfacet
  facet normal 0 0.98771 -0.156299
    outer loop
      vertex 2.04694 -44.5341 47.8129
      vertex -22.65 -44.5532 47.6922
      vertex -22.65 -44.5341 47.8129
    endloop
  endfacet
  facet normal 0 0.87462 -0.484808
    outer loop
      vertex 3.55 -44.9689 46.55
      vertex -22.65 -44.9097 46.6568
      vertex 3.55 -44.9097 46.6568
    endloop
  endfacet
  facet normal 0 0.87462 -0.484808
    outer loop
      vertex -22.65 -44.9097 46.6568
      vertex 3.55 -44.9689 46.55
      vertex -22.65 -44.9689 46.55
    endloop
  endfacet
  facet normal 0 0.777664 -0.62868
    outer loop
      vertex 3.55 -45.3188 46.0502
      vertex -22.65 -45.242 46.1452
      vertex 3.55 -45.242 46.1452
    endloop
  endfacet
  facet normal 0 0.777664 -0.62868
    outer loop
      vertex -22.65 -45.242 46.1452
      vertex 3.55 -45.3188 46.0502
      vertex -22.65 -45.3188 46.0502
    endloop
  endfacet
  facet normal 0.00193035 -0.993675 0.112282
    outer loop
      vertex -2.25 -49.5 66.3
      vertex -2.20336 -49.51 66.2107
      vertex -2.23255 -49.5 66.2997
    endloop
  endfacet
  facet normal -0.00240396 -0.993924 0.110046
    outer loop
      vertex -2.25 -49.5 66.3
      vertex -2.20677 -49.5108 66.2034
      vertex -2.20336 -49.51 66.2107
    endloop
  endfacet
  facet normal 0.00754267 -0.993402 0.114439
    outer loop
      vertex -2.20677 -49.5108 66.2034
      vertex -2.25 -49.5 66.3
      vertex -2.21322 -49.5126 66.1882
    endloop
  endfacet
  facet normal 0 -0.933472 -0.35865
    outer loop
      vertex -22.65 -51.2451 46.9889
      vertex -1.25 -51.2889 47.1029
      vertex -22.65 -51.2889 47.1029
    endloop
  endfacet
  facet normal 0 -0.933472 -0.35865
    outer loop
      vertex -1.25 -51.2889 47.1029
      vertex -22.65 -51.2451 46.9889
      vertex -1.25 -51.2451 46.9889
    endloop
  endfacet
  facet normal 0 -0.945443 -0.325789
    outer loop
      vertex -22.65 -51.2889 47.1029
      vertex -1.25 -51.3287 47.2184
      vertex -22.65 -51.3287 47.2184
    endloop
  endfacet
  facet normal 0 -0.945443 -0.325789
    outer loop
      vertex -1.25 -51.3287 47.2184
      vertex -22.65 -51.2889 47.1029
      vertex -1.25 -51.2889 47.1029
    endloop
  endfacet
  facet normal 0 -0.981637 -0.19076
    outer loop
      vertex -22.65 -51.4235 47.5723
      vertex -1.25 -51.4468 47.6922
      vertex -22.65 -51.4468 47.6922
    endloop
  endfacet
  facet normal 0 -0.981637 -0.19076
    outer loop
      vertex -1.25 -51.4468 47.6922
      vertex -22.65 -51.4235 47.5723
      vertex -1.25 -51.4235 47.5723
    endloop
  endfacet
  facet normal -0.155078 0 0.987902
    outer loop
      vertex -16.3368 -44.5 66.2924
      vertex -16.3196 -49.5 66.2951
      vertex -16.3196 -44.5 66.2951
    endloop
  endfacet
  facet normal -0.155078 0 0.987902
    outer loop
      vertex -16.3196 -49.5 66.2951
      vertex -16.3368 -44.5 66.2924
      vertex -16.3368 -49.5 66.2924
    endloop
  endfacet
  facet normal -0.917212 0.193147 0.348448
    outer loop
      vertex -22.65 -46.25 51.3311
      vertex -22.65 -46.3568 51.3903
      vertex -16.7198 -44.5 65.971
    endloop
  endfacet
  facet normal -4.88975e-06 0.998649 -0.0519656
    outer loop
      vertex -22.65 -44.5085 48.0559
      vertex -12.1064 -44.5021 48.1779
      vertex -12.0614 -44.503 48.1606
    endloop
  endfacet
  facet normal 4.41919e-06 0.9986 -0.0529044
    outer loop
      vertex -22.65 -44.5085 48.0559
      vertex -12.0614 -44.503 48.1606
      vertex -11.8914 -44.5061 48.1021
    endloop
  endfacet
  facet normal 0 0.998653 -0.0518781
    outer loop
      vertex -22.65 -44.5085 48.0559
      vertex -11.8914 -44.5061 48.1021
      vertex -11.7403 -44.5085 48.0559
    endloop
  endfacet
  facet normal 0 0.998627 -0.052387
    outer loop
      vertex -12.1064 -44.5021 48.1779
      vertex -22.65 -44.5085 48.0559
      vertex -22.65 -44.5021 48.1779
    endloop
  endfacet
  facet normal 0 0.998627 -0.052387
    outer loop
      vertex 1.98936 -44.5085 48.0559
      vertex -8.49361 -44.5021 48.1779
      vertex 1.96044 -44.5021 48.1779
    endloop
  endfacet
  facet normal 4.91724e-06 0.998649 -0.0519656
    outer loop
      vertex -8.49361 -44.5021 48.1779
      vertex 1.98936 -44.5085 48.0559
      vertex -8.5386 -44.503 48.1606
    endloop
  endfacet
  facet normal -4.44396e-06 0.9986 -0.0529043
    outer loop
      vertex -8.5386 -44.503 48.1606
      vertex 1.98936 -44.5085 48.0559
      vertex -8.70856 -44.5061 48.1021
    endloop
  endfacet
  facet normal 0 0.998653 -0.0518781
    outer loop
      vertex -8.70856 -44.5061 48.1021
      vertex 1.98936 -44.5085 48.0559
      vertex -8.8597 -44.5085 48.0559
    endloop
  endfacet
  facet normal -0.919113 0.178902 0.351035
    outer loop
      vertex -22.65 -46.3568 51.3903
      vertex -22.65 -46.4657 51.4458
      vertex -16.7198 -44.5 65.971
    endloop
  endfacet
  facet normal -0.186132 -0.966921 0.174407
    outer loop
      vertex -16.6216 -49.5 66.1346
      vertex -22.65 -51.4468 48.9078
      vertex -16.6097 -49.5 66.1473
    endloop
  endfacet
  facet normal -0.124878 -0.980086 0.154395
    outer loop
      vertex -16.5714 -49.5 66.183
      vertex -22.65 -51.4659 48.7871
      vertex -16.5578 -49.5 66.194
    endloop
  endfacet
  facet normal -0.263298 -0.943989 0.198894
    outer loop
      vertex -16.6545 -49.5 66.0939
      vertex -22.65 -51.4235 49.0277
      vertex -16.644 -49.5 66.1078
    endloop
  endfacet
  facet normal -0.1535 -0.974475 0.16382
    outer loop
      vertex -16.5973 -49.5 66.1597
      vertex -22.65 -51.4468 48.9078
      vertex -16.5846 -49.5 66.1716
    endloop
  endfacet
  facet normal -0.043896 -0.990922 0.127067
    outer loop
      vertex -16.421 -49.5 66.2698
      vertex -22.65 -51.4659 48.7871
      vertex -16.4045 -49.5 66.2755
    endloop
  endfacet
  facet normal -0.0185569 -0.992815 0.118215
    outer loop
      vertex -16.3368 -49.5 66.2924
      vertex -22.65 -51.4808 48.6658
      vertex -16.3196 -49.5 66.2951
    endloop
  endfacet
  facet normal -0.919177 -0.115031 0.376671
    outer loop
      vertex -22.65 -48.9647 51.6644
      vertex -22.65 -49.0816 51.6287
      vertex -16.7136 -49.5 65.9873
    endloop
  endfacet
  facet normal 0 -0.602092 -0.798427
    outer loop
      vertex -22.65 -50.1548 45.542
      vertex -1.25 -50.0572 45.4684
      vertex -1.25 -50.1548 45.542
    endloop
  endfacet
  facet normal -0 -0.602092 -0.798427
    outer loop
      vertex -1.25 -50.0572 45.4684
      vertex -22.65 -50.1548 45.542
      vertex -22.65 -50.0572 45.4684
    endloop
  endfacet
  facet normal 0 -0.454073 -0.890965
    outer loop
      vertex -22.65 -49.6432 45.2097
      vertex -1.25 -49.5343 45.1542
      vertex -1.25 -49.6432 45.2097
    endloop
  endfacet
  facet normal -0 -0.454073 -0.890965
    outer loop
      vertex -1.25 -49.5343 45.1542
      vertex -22.65 -49.6432 45.2097
      vertex -22.65 -49.5343 45.1542
    endloop
  endfacet
  facet normal 0 -0.22591 -0.974148
    outer loop
      vertex -0.95 -48.8467 44.904
      vertex -1.25 -48.779 44.8883
      vertex -0.95 -48.779 44.8883
    endloop
  endfacet
  facet normal 0 -0.22591 -0.974148
    outer loop
      vertex -22.65 -48.8467 44.904
      vertex -1.25 -48.779 44.8883
      vertex -0.95 -48.8467 44.904
    endloop
  endfacet
  facet normal -5.81453e-06 -0.224166 -0.974551
    outer loop
      vertex -22.65 -48.8467 44.904
      vertex -1.25 -48.7277 44.8765
      vertex -1.25 -48.779 44.8883
    endloop
  endfacet
  facet normal -0 -0.225158 -0.974322
    outer loop
      vertex -1.25 -48.7277 44.8765
      vertex -22.65 -48.8467 44.904
      vertex -22.65 -48.7277 44.8765
    endloop
  endfacet
  facet normal 0 0.225158 -0.974322
    outer loop
      vertex -22.65 -47.2723 44.8765
      vertex 3.55 -47.1533 44.904
      vertex 3.55 -47.2723 44.8765
    endloop
  endfacet
  facet normal 0 0.225158 -0.974322
    outer loop
      vertex 3.55 -47.1533 44.904
      vertex -22.65 -47.2723 44.8765
      vertex -22.65 -47.1533 44.904
    endloop
  endfacet
  facet normal 0 0.602486 -0.79813
    outer loop
      vertex -22.65 -45.9427 45.4684
      vertex 3.55 -45.8452 45.542
      vertex 3.55 -45.9427 45.4684
    endloop
  endfacet
  facet normal 0 0.602486 -0.79813
    outer loop
      vertex 3.55 -45.8452 45.542
      vertex -22.65 -45.9427 45.4684
      vertex -22.65 -45.8452 45.542
    endloop
  endfacet
  facet normal 0 0.62868 -0.777664
    outer loop
      vertex -22.65 -45.8452 45.542
      vertex 3.55 -45.7502 45.6188
      vertex 3.55 -45.8452 45.542
    endloop
  endfacet
  facet normal 0 0.62868 -0.777664
    outer loop
      vertex 3.55 -45.7502 45.6188
      vertex -22.65 -45.8452 45.542
      vertex -22.65 -45.7502 45.6188
    endloop
  endfacet
  facet normal 0 0.390361 -0.920662
    outer loop
      vertex -22.65 -46.6889 45.0549
      vertex 3.55 -46.5764 45.1026
      vertex 3.55 -46.6889 45.0549
    endloop
  endfacet
  facet normal 0 0.390361 -0.920662
    outer loop
      vertex 3.55 -46.5764 45.1026
      vertex -22.65 -46.6889 45.0549
      vertex -22.65 -46.5764 45.1026
    endloop
  endfacet
  facet normal 0 0.890965 -0.454073
    outer loop
      vertex 3.55 -44.9097 46.6568
      vertex -22.65 -44.8542 46.7657
      vertex 3.55 -44.8542 46.7657
    endloop
  endfacet
  facet normal 0 0.890965 -0.454073
    outer loop
      vertex -22.65 -44.8542 46.7657
      vertex 3.55 -44.9097 46.6568
      vertex -22.65 -44.9097 46.6568
    endloop
  endfacet
  facet normal 0 0.906371 -0.422482
    outer loop
      vertex 3.55 -44.8542 46.7657
      vertex -22.65 -44.8026 46.8764
      vertex 3.55 -44.8026 46.8764
    endloop
  endfacet
  facet normal 0 0.906371 -0.422482
    outer loop
      vertex -22.65 -44.8026 46.8764
      vertex 3.55 -44.8542 46.7657
      vertex -22.65 -44.8542 46.7657
    endloop
  endfacet
  facet normal 0 0.956396 -0.292073
    outer loop
      vertex 3.55 -44.6713 47.2184
      vertex -22.65 -44.6356 47.3353
      vertex 3.55 -44.6356 47.3353
    endloop
  endfacet
  facet normal 0 0.956396 -0.292073
    outer loop
      vertex -22.65 -44.6356 47.3353
      vertex 3.55 -44.6713 47.2184
      vertex -22.65 -44.6713 47.2184
    endloop
  endfacet
  facet normal 0 0.965963 -0.258682
    outer loop
      vertex 3.55 -44.6356 47.3353
      vertex -22.65 -44.604 47.4533
      vertex 3.55 -44.604 47.4533
    endloop
  endfacet
  facet normal 0 0.965963 -0.258682
    outer loop
      vertex -22.65 -44.604 47.4533
      vertex 3.55 -44.6356 47.3353
      vertex -22.65 -44.6356 47.3353
    endloop
  endfacet
  facet normal 0 0.981637 -0.19076
    outer loop
      vertex 3.55 -44.5765 47.5723
      vertex -22.65 -44.5532 47.6922
      vertex 3.55 -44.5532 47.6922
    endloop
  endfacet
  facet normal 0 0.981637 -0.19076
    outer loop
      vertex -22.65 -44.5532 47.6922
      vertex 3.55 -44.5765 47.5723
      vertex -22.65 -44.5765 47.5723
    endloop
  endfacet
  facet normal 0 0.819232 -0.573462
    outer loop
      vertex 3.55 -45.1684 46.2428
      vertex -22.65 -45.0984 46.3428
      vertex 3.55 -45.0984 46.3428
    endloop
  endfacet
  facet normal 0 0.819232 -0.573462
    outer loop
      vertex -22.65 -45.0984 46.3428
      vertex 3.55 -45.1684 46.2428
      vertex -22.65 -45.1684 46.2428
    endloop
  endfacet
  facet normal 0 0.798427 -0.602092
    outer loop
      vertex 3.55 -45.242 46.1452
      vertex -22.65 -45.1684 46.2428
      vertex 3.55 -45.1684 46.2428
    endloop
  endfacet
  facet normal 0 0.798427 -0.602092
    outer loop
      vertex -22.65 -45.1684 46.2428
      vertex 3.55 -45.242 46.1452
      vertex -22.65 -45.242 46.1452
    endloop
  endfacet
  facet normal 0 0.682114 -0.731246
    outer loop
      vertex -22.65 -45.658 45.699
      vertex 3.55 -45.5687 45.7823
      vertex 3.55 -45.658 45.699
    endloop
  endfacet
  facet normal 0 0.682114 -0.731246
    outer loop
      vertex 3.55 -45.5687 45.7823
      vertex -22.65 -45.658 45.699
      vertex -22.65 -45.5687 45.7823
    endloop
  endfacet
  facet normal 0 0.7545 -0.6563
    outer loop
      vertex 3.55 -45.399 45.958
      vertex -22.65 -45.3188 46.0502
      vertex 3.55 -45.3188 46.0502
    endloop
  endfacet
  facet normal 0 0.7545 -0.6563
    outer loop
      vertex -22.65 -45.3188 46.0502
      vertex 3.55 -45.399 45.958
      vertex -22.65 -45.399 45.958
    endloop
  endfacet
  facet normal 0 0.707107 -0.707107
    outer loop
      vertex 3.55 -45.5687 45.7823
      vertex -22.65 -45.4823 45.8687
      vertex 3.55 -45.4823 45.8687
    endloop
  endfacet
  facet normal 0 0.707107 -0.707107
    outer loop
      vertex -22.65 -45.4823 45.8687
      vertex 3.55 -45.5687 45.7823
      vertex -22.65 -45.5687 45.7823
    endloop
  endfacet
  facet normal 0.0179455 -0.993259 0.114519
    outer loop
      vertex -2.16452 -49.5015 66.2796
      vertex -2.16318 -49.5 66.2924
      vertex -2.18041 -49.5 66.2951
    endloop
  endfacet
  facet normal 0.0208888 -0.993237 0.114208
    outer loop
      vertex -2.16318 -49.5 66.2924
      vertex -2.16452 -49.5015 66.2796
      vertex -2.16076 -49.5008 66.285
    endloop
  endfacet
  facet normal 0.0227119 -0.992594 0.119341
    outer loop
      vertex -2.16452 -49.5015 66.2796
      vertex -2.18041 -49.5 66.2951
      vertex -2.17175 -49.503 66.2685
    endloop
  endfacet
  facet normal 0.00589227 -0.99345 0.114114
    outer loop
      vertex -2.23255 -49.5 66.2997
      vertex -2.19312 -49.5076 66.2315
      vertex -2.21512 -49.5 66.2988
    endloop
  endfacet
  facet normal 0.00217611 -0.993707 0.111994
    outer loop
      vertex -2.23255 -49.5 66.2997
      vertex -2.1994 -49.509 66.2192
      vertex -2.19312 -49.5076 66.2315
    endloop
  endfacet
  facet normal 0.00661709 -0.993482 0.113797
    outer loop
      vertex -2.1994 -49.509 66.2192
      vertex -2.23255 -49.5 66.2997
      vertex -2.20336 -49.51 66.2107
    endloop
  endfacet
  facet normal 0 -0.7545 -0.6563
    outer loop
      vertex -22.65 -50.601 45.958
      vertex -1.25 -50.6812 46.0502
      vertex -22.65 -50.6812 46.0502
    endloop
  endfacet
  facet normal 0 -0.7545 -0.6563
    outer loop
      vertex -1.25 -50.6812 46.0502
      vertex -22.65 -50.601 45.958
      vertex -1.25 -50.601 45.958
    endloop
  endfacet
  facet normal 0 -0.965963 -0.258682
    outer loop
      vertex -22.65 -51.3644 47.3353
      vertex -1.25 -51.396 47.4533
      vertex -22.65 -51.396 47.4533
    endloop
  endfacet
  facet normal 0 -0.965963 -0.258682
    outer loop
      vertex -1.25 -51.396 47.4533
      vertex -22.65 -51.3644 47.3353
      vertex -1.25 -51.3644 47.3353
    endloop
  endfacet
  facet normal 0 -0.974322 -0.225158
    outer loop
      vertex -22.65 -51.396 47.4533
      vertex -1.25 -51.4235 47.5723
      vertex -22.65 -51.4235 47.5723
    endloop
  endfacet
  facet normal 0 -0.974322 -0.225158
    outer loop
      vertex -1.25 -51.4235 47.5723
      vertex -22.65 -51.396 47.4533
      vertex -1.25 -51.396 47.4533
    endloop
  endfacet
  facet normal -0.0858883 0 0.996305
    outer loop
      vertex -16.3023 -44.5 66.2973
      vertex -16.2849 -49.5 66.2988
      vertex -16.2849 -44.5 66.2988
    endloop
  endfacet
  facet normal -0.0858883 0 0.996305
    outer loop
      vertex -16.2849 -49.5 66.2988
      vertex -16.3023 -44.5 66.2973
      vertex -16.3023 -49.5 66.2973
    endloop
  endfacet
  facet normal -0.923259 0.137785 0.358618
    outer loop
      vertex -22.65 -46.6889 51.5451
      vertex -22.65 -46.8029 51.5889
      vertex -16.7136 -44.5 65.9873
    endloop
  endfacet
  facet normal 0 0.99254 -0.12192
    outer loop
      vertex 2.04694 -44.5341 47.8129
      vertex -9.37531 -44.5192 47.9342
      vertex 2.0182 -44.5192 47.9342
    endloop
  endfacet
  facet normal 6.17492e-05 0.993227 -0.116189
    outer loop
      vertex -9.37531 -44.5192 47.9342
      vertex 2.04694 -44.5341 47.8129
      vertex -9.40571 -44.5199 47.9282
    endloop
  endfacet
  facet normal 2.0302e-05 0.992744 -0.120247
    outer loop
      vertex -9.40571 -44.5199 47.9282
      vertex 2.04694 -44.5341 47.8129
      vertex -9.58326 -44.5233 47.9001
    endloop
  endfacet
  facet normal 3.96611e-06 0.992482 -0.122393
    outer loop
      vertex -9.58326 -44.5233 47.9001
      vertex 2.04694 -44.5341 47.8129
      vertex -9.76168 -44.526 47.8782
    endloop
  endfacet
  facet normal -1.72643e-05 0.992008 -0.126174
    outer loop
      vertex -9.76168 -44.526 47.8782
      vertex 2.04694 -44.5341 47.8129
      vertex -9.94075 -44.528 47.8625
    endloop
  endfacet
  facet normal 2.27076e-05 0.993172 -0.116656
    outer loop
      vertex -9.94075 -44.528 47.8625
      vertex 2.04694 -44.5341 47.8129
      vertex -10.1203 -44.5291 47.8531
    endloop
  endfacet
  facet normal -1.28005e-05 0.991872 -0.127241
    outer loop
      vertex -10.1203 -44.5291 47.8531
      vertex 2.04694 -44.5341 47.8129
      vertex -10.3 -44.5295 47.85
    endloop
  endfacet
  facet normal -6.17335e-05 0.993227 -0.116189
    outer loop
      vertex -22.65 -44.5341 47.8129
      vertex -11.2247 -44.5192 47.9342
      vertex -11.1943 -44.5199 47.9282
    endloop
  endfacet
  facet normal -2.02966e-05 0.992744 -0.120247
    outer loop
      vertex -22.65 -44.5341 47.8129
      vertex -11.1943 -44.5199 47.9282
      vertex -11.0167 -44.5233 47.9001
    endloop
  endfacet
  facet normal -3.96514e-06 0.992482 -0.122393
    outer loop
      vertex -22.65 -44.5341 47.8129
      vertex -11.0167 -44.5233 47.9001
      vertex -10.8383 -44.526 47.8782
    endloop
  endfacet
  facet normal 1.72598e-05 0.992008 -0.126174
    outer loop
      vertex -22.65 -44.5341 47.8129
      vertex -10.8383 -44.526 47.8782
      vertex -10.6592 -44.528 47.8625
    endloop
  endfacet
  facet normal -2.27026e-05 0.993172 -0.116656
    outer loop
      vertex -22.65 -44.5341 47.8129
      vertex -10.6592 -44.528 47.8625
      vertex -10.4797 -44.5291 47.8531
    endloop
  endfacet
  facet normal 1.27978e-05 0.991872 -0.127242
    outer loop
      vertex -22.65 -44.5341 47.8129
      vertex -10.4797 -44.5291 47.8531
      vertex -10.3 -44.5295 47.85
    endloop
  endfacet
  facet normal 0 0.99254 -0.12192
    outer loop
      vertex -11.2247 -44.5192 47.9342
      vertex -22.65 -44.5341 47.8129
      vertex -22.65 -44.5192 47.9342
    endloop
  endfacet
  facet normal 0 0.992401 -0.123047
    outer loop
      vertex -22.65 -44.5341 47.8129
      vertex -10.3 -44.5295 47.85
      vertex 2.04694 -44.5341 47.8129
    endloop
  endfacet
  facet normal -0.925605 0.0591577 0.37384
    outer loop
      vertex -22.65 -47.3922 51.7468
      vertex -22.65 -47.5129 51.7659
      vertex -16.7136 -44.5 65.9873
    endloop
  endfacet
  facet normal -0.600427 0.772461 0.206862
    outer loop
      vertex -22.65 -44.604 49.1467
      vertex -22.65 -44.6356 49.2647
      vertex -16.7198 -44.5 65.971
    endloop
  endfacet
  facet normal -0.925364 0.098061 0.366177
    outer loop
      vertex -22.65 -47.0353 51.6644
      vertex -22.65 -47.1533 51.696
      vertex -16.7136 -44.5 65.9873
    endloop
  endfacet
  facet normal -0.573078 0 0.819501
    outer loop
      vertex -16.5439 -44.5 66.2045
      vertex -16.5296 -49.5 66.2145
      vertex -16.5296 -44.5 66.2145
    endloop
  endfacet
  facet normal -0.573078 0 0.819501
    outer loop
      vertex -16.5296 -49.5 66.2145
      vertex -16.5439 -44.5 66.2045
      vertex -16.5439 -49.5 66.2045
    endloop
  endfacet
  facet normal -0.674223 -0.667615 0.315775
    outer loop
      vertex -16.7068 -49.5 66.0034
      vertex -22.65 -51.1458 49.8343
      vertex -16.6994 -49.5 66.0192
    endloop
  endfacet
  facet normal -0.668314 -0.674231 0.314276
    outer loop
      vertex -22.65 -51.1458 49.8343
      vertex -22.65 -51.1974 49.7236
      vertex -16.6994 -49.5 66.0192
    endloop
  endfacet
  facet normal -0.68375 0 0.729716
    outer loop
      vertex -16.5973 -44.5 66.1597
      vertex -16.5846 -49.5 66.1716
      vertex -16.5846 -44.5 66.1716
    endloop
  endfacet
  facet normal -0.68375 0 0.729716
    outer loop
      vertex -16.5846 -49.5 66.1716
      vertex -16.5973 -44.5 66.1597
      vertex -16.5973 -49.5 66.1597
    endloop
  endfacet
  facet normal -0.391817 -0.888727 0.237998
    outer loop
      vertex -22.65 -51.3644 49.2647
      vertex -22.65 -51.396 49.1467
      vertex -16.674 -49.5 66.065
    endloop
  endfacet
  facet normal -0.0490048 -0.990454 0.128835
    outer loop
      vertex -16.4373 -49.5 66.2636
      vertex -22.65 -51.4659 48.7871
      vertex -16.421 -49.5 66.2698
    endloop
  endfacet
  facet normal -0.0289916 -0.992123 0.121868
    outer loop
      vertex -22.65 -51.4659 48.7871
      vertex -22.65 -51.4808 48.6658
      vertex -16.371 -49.5 66.2851
    endloop
  endfacet
  facet normal -0.0330216 -0.991822 0.123281
    outer loop
      vertex -16.3878 -49.5 66.2806
      vertex -22.65 -51.4659 48.7871
      vertex -16.371 -49.5 66.2851
    endloop
  endfacet
  facet normal -0.454098 0 0.890952
    outer loop
      vertex -16.4847 -44.5 66.2415
      vertex -16.4692 -49.5 66.2494
      vertex -16.4692 -44.5 66.2494
    endloop
  endfacet
  facet normal -0.454098 0 0.890952
    outer loop
      vertex -16.4692 -49.5 66.2494
      vertex -16.4847 -44.5 66.2415
      vertex -16.4847 -49.5 66.2415
    endloop
  endfacet
  facet normal -0.0845813 -0.986394 0.140969
    outer loop
      vertex -16.515 -49.5 66.224
      vertex -22.65 -51.4659 48.7871
      vertex -16.5 -49.5 66.233
    endloop
  endfacet
  facet normal -0.258736 0 0.965948
    outer loop
      vertex -16.3878 -44.5 66.2806
      vertex -16.371 -49.5 66.2851
      vertex -16.371 -44.5 66.2851
    endloop
  endfacet
  facet normal -0.258736 0 0.965948
    outer loop
      vertex -16.371 -49.5 66.2851
      vertex -16.3878 -44.5 66.2806
      vertex -16.3878 -49.5 66.2806
    endloop
  endfacet
  facet normal -0.00992807 -0.993297 0.115166
    outer loop
      vertex -16.3023 -49.5 66.2973
      vertex -22.65 -51.4808 48.6658
      vertex -16.2849 -49.5 66.2988
    endloop
  endfacet
  facet normal -0.0172388 0 0.999851
    outer loop
      vertex -16.2674 -44.5 66.2997
      vertex -16.25 -49.5 66.3
      vertex -16.25 -44.5 66.3
    endloop
  endfacet
  facet normal -0.0172388 0 0.999851
    outer loop
      vertex -16.25 -49.5 66.3
      vertex -16.2674 -44.5 66.2997
      vertex -16.2674 -49.5 66.2997
    endloop
  endfacet
  facet normal -0.922727 -0.00662844 0.385396
    outer loop
      vertex -22.65 -48 51.8
      vertex -22.65 -48.1221 51.7979
      vertex -16.7136 -49.5 65.9873
    endloop
  endfacet
  facet normal -0.757834 -0.559281 0.335996
    outer loop
      vertex -22.65 -50.9682 50.1547
      vertex -22.65 -51.0311 50.05
      vertex -16.7068 -49.5 66.0034
    endloop
  endfacet
  facet normal -0.852033 -0.382798 0.357078
    outer loop
      vertex -22.65 -50.5177 50.7313
      vertex -22.65 -50.601 50.642
      vertex -16.7136 -49.5 65.9873
    endloop
  endfacet
  facet normal -0.861408 -0.359149 0.359149
    outer loop
      vertex -22.65 -50.4313 50.8177
      vertex -22.65 -50.5177 50.7313
      vertex -16.7136 -49.5 65.9873
    endloop
  endfacet
  facet normal -0.923026 -0.0201552 0.384208
    outer loop
      vertex -22.65 -48.1221 51.7979
      vertex -22.65 -48.2441 51.7915
      vertex -16.7136 -49.5 65.9873
    endloop
  endfacet
  facet normal 0 -0.573462 -0.819232
    outer loop
      vertex -22.65 -50.0572 45.4684
      vertex -1.25 -49.9572 45.3984
      vertex -1.25 -50.0572 45.4684
    endloop
  endfacet
  facet normal -0 -0.573462 -0.819232
    outer loop
      vertex -1.25 -49.9572 45.3984
      vertex -22.65 -50.0572 45.4684
      vertex -22.65 -49.9572 45.3984
    endloop
  endfacet
  facet normal 0 -0.258682 -0.965963
    outer loop
      vertex -22.65 -48.9647 44.9356
      vertex -0.95 -48.8467 44.904
      vertex -0.95 -48.9647 44.9356
    endloop
  endfacet
  facet normal -0 -0.258682 -0.965963
    outer loop
      vertex -0.95 -48.8467 44.904
      vertex -22.65 -48.9647 44.9356
      vertex -22.65 -48.8467 44.904
    endloop
  endfacet
  facet normal 0 -0.19076 -0.981637
    outer loop
      vertex -22.65 -48.7277 44.8765
      vertex -1.25 -48.6078 44.8532
      vertex -1.25 -48.7277 44.8765
    endloop
  endfacet
  facet normal -0 -0.19076 -0.981637
    outer loop
      vertex -1.25 -48.6078 44.8532
      vertex -22.65 -48.7277 44.8765
      vertex -22.65 -48.6078 44.8532
    endloop
  endfacet
  facet normal 0 0.0875119 -0.996163
    outer loop
      vertex -22.65 -47.7559 44.8085
      vertex -1.25 -47.6341 44.8192
      vertex -1.25 -47.7559 44.8085
    endloop
  endfacet
  facet normal 0 0.0875119 -0.996163
    outer loop
      vertex -1.25 -47.6341 44.8192
      vertex -22.65 -47.7559 44.8085
      vertex -22.65 -47.6341 44.8192
    endloop
  endfacet
  facet normal 0 0.19076 -0.981637
    outer loop
      vertex -22.65 -47.3922 44.8532
      vertex -1.25 -47.2723 44.8765
      vertex -1.25 -47.3922 44.8532
    endloop
  endfacet
  facet normal 0 0.19076 -0.981637
    outer loop
      vertex -1.25 -47.2723 44.8765
      vertex -22.65 -47.3922 44.8532
      vertex -22.65 -47.2723 44.8765
    endloop
  endfacet
  facet normal 0 0 0
    outer loop
      vertex -1.25 -47.2723 44.8765
      vertex -22.65 -47.2723 44.8765
      vertex 3.55 -47.2723 44.8765
    endloop
  endfacet
  facet normal 0 0.292073 -0.956396
    outer loop
      vertex -22.65 -47.0353 44.9356
      vertex 3.55 -46.9184 44.9713
      vertex 3.55 -47.0353 44.9356
    endloop
  endfacet
  facet normal 0 0.292073 -0.956396
    outer loop
      vertex 3.55 -46.9184 44.9713
      vertex -22.65 -47.0353 44.9356
      vertex -22.65 -46.9184 44.9713
    endloop
  endfacet
  facet normal 0 0.258682 -0.965963
    outer loop
      vertex -22.65 -47.1533 44.904
      vertex 3.55 -47.0353 44.9356
      vertex 3.55 -47.1533 44.904
    endloop
  endfacet
  facet normal 0 0.258682 -0.965963
    outer loop
      vertex 3.55 -47.0353 44.9356
      vertex -22.65 -47.1533 44.904
      vertex -22.65 -47.0353 44.9356
    endloop
  endfacet
  facet normal 0 0.544845 -0.838537
    outer loop
      vertex -22.65 -46.1453 45.3318
      vertex 3.55 -46.0428 45.3984
      vertex 3.55 -46.1453 45.3318
    endloop
  endfacet
  facet normal 0 0.544845 -0.838537
    outer loop
      vertex 3.55 -46.0428 45.3984
      vertex -22.65 -46.1453 45.3318
      vertex -22.65 -46.0428 45.3984
    endloop
  endfacet
  facet normal 0 0.573078 -0.819501
    outer loop
      vertex -22.65 -46.0428 45.3984
      vertex 3.55 -45.9427 45.4684
      vertex 3.55 -46.0428 45.3984
    endloop
  endfacet
  facet normal 0 0.573078 -0.819501
    outer loop
      vertex 3.55 -45.9427 45.4684
      vertex -22.65 -46.0428 45.3984
      vertex -22.65 -45.9427 45.4684
    endloop
  endfacet
  facet normal 0 0.454073 -0.890965
    outer loop
      vertex -22.65 -46.4657 45.1542
      vertex 3.55 -46.3568 45.2097
      vertex 3.55 -46.4657 45.1542
    endloop
  endfacet
  facet normal 0 0.454073 -0.890965
    outer loop
      vertex 3.55 -46.3568 45.2097
      vertex -22.65 -46.4657 45.1542
      vertex -22.65 -46.3568 45.2097
    endloop
  endfacet
  facet normal 0 0.422482 -0.906371
    outer loop
      vertex -22.65 -46.5764 45.1026
      vertex 3.55 -46.4657 45.1542
      vertex 3.55 -46.5764 45.1026
    endloop
  endfacet
  facet normal 0 0.422482 -0.906371
    outer loop
      vertex 3.55 -46.4657 45.1542
      vertex -22.65 -46.5764 45.1026
      vertex -22.65 -46.4657 45.1542
    endloop
  endfacet
  facet normal 0 0.933472 -0.35865
    outer loop
      vertex 3.55 -44.7549 46.9889
      vertex -22.65 -44.7111 47.1029
      vertex 3.55 -44.7111 47.1029
    endloop
  endfacet
  facet normal 0 0.933472 -0.35865
    outer loop
      vertex -22.65 -44.7111 47.1029
      vertex 3.55 -44.7549 46.9889
      vertex -22.65 -44.7549 46.9889
    endloop
  endfacet
  facet normal 0 0.838537 -0.544845
    outer loop
      vertex 3.55 -45.0984 46.3428
      vertex -22.65 -45.0318 46.4453
      vertex 3.55 -45.0318 46.4453
    endloop
  endfacet
  facet normal 0 0.838537 -0.544845
    outer loop
      vertex -22.65 -45.0318 46.4453
      vertex 3.55 -45.0984 46.3428
      vertex -22.65 -45.0984 46.3428
    endloop
  endfacet
  facet normal 0 0.857204 -0.514977
    outer loop
      vertex 3.55 -45.0318 46.4453
      vertex -22.65 -44.9689 46.55
      vertex 3.55 -44.9689 46.55
    endloop
  endfacet
  facet normal 0 0.857204 -0.514977
    outer loop
      vertex -22.65 -44.9689 46.55
      vertex 3.55 -45.0318 46.4453
      vertex -22.65 -45.0318 46.4453
    endloop
  endfacet
  facet normal 1 0 0
    outer loop
      vertex 3.55 -45.9428 45.4684
      vertex 3.55 -45.9427 45.4684
      vertex 3.55 -45.8452 45.542
    endloop
  endfacet
  facet normal 1 0 0
    outer loop
      vertex 3.55 -45.9427 45.4684
      vertex 3.55 -45.9428 45.4684
      vertex 3.55 -46.0428 45.3984
    endloop
  endfacet
  facet normal 0 -0.998627 0.052387
    outer loop
      vertex -22.65 -51.4979 48.4221
      vertex -12.882 -51.4915 48.5441
      vertex -22.65 -51.4915 48.5441
    endloop
  endfacet
  facet normal 4.49311e-05 -0.998809 0.0487991
    outer loop
      vertex -12.882 -51.4915 48.5441
      vertex -22.65 -51.4979 48.4221
      vertex -12.875 -51.4917 48.54
    endloop
  endfacet
  facet normal -1.94926e-06 -0.998612 0.0526755
    outer loop
      vertex -12.875 -51.4917 48.54
      vertex -22.65 -51.4979 48.4221
      vertex -12.7178 -51.4963 48.4528
    endloop
  endfacet
  facet normal 0 -0.998645 0.0520466
    outer loop
      vertex -12.7178 -51.4963 48.4528
      vertex -22.65 -51.4979 48.4221
      vertex -12.6576 -51.4979 48.4221
    endloop
  endfacet
  facet normal -6.71514e-05 -0.998807 0.0488363
    outer loop
      vertex -1.25 -51.4979 48.4221
      vertex -7.71804 -51.4915 48.5441
      vertex -7.725 -51.4917 48.54
    endloop
  endfacet
  facet normal 2.91112e-06 -0.998612 0.0526738
    outer loop
      vertex -1.25 -51.4979 48.4221
      vertex -7.725 -51.4917 48.54
      vertex -7.88222 -51.4963 48.4528
    endloop
  endfacet
  facet normal 0 -0.998645 0.0520466
    outer loop
      vertex -1.25 -51.4979 48.4221
      vertex -7.88222 -51.4963 48.4528
      vertex -7.94242 -51.4979 48.4221
    endloop
  endfacet
  facet normal 0 -0.998627 0.052387
    outer loop
      vertex -7.71804 -51.4915 48.5441
      vertex -1.25 -51.4979 48.4221
      vertex -1.25 -51.4915 48.5441
    endloop
  endfacet
  facet normal 0.00983797 -0.993426 0.114055
    outer loop
      vertex -2.21512 -49.5 66.2988
      vertex -2.18257 -49.5052 66.2507
      vertex -2.19773 -49.5 66.2973
    endloop
  endfacet
  facet normal 0.0264033 -0.991794 0.125089
    outer loop
      vertex -2.21512 -49.5 66.2988
      vertex -2.18301 -49.5053 66.25
      vertex -2.18257 -49.5052 66.2507
    endloop
  endfacet
  facet normal 0.0127749 -0.993136 0.116267
    outer loop
      vertex -2.21512 -49.5 66.2988
      vertex -2.19147 -49.5072 66.2347
      vertex -2.18301 -49.5053 66.25
    endloop
  endfacet
  facet normal 0.0142299 -0.993054 0.116794
    outer loop
      vertex -2.19147 -49.5072 66.2347
      vertex -2.21512 -49.5 66.2988
      vertex -2.19312 -49.5076 66.2315
    endloop
  endfacet
  facet normal 0.0171894 0 0.999852
    outer loop
      vertex -2.25 -44.5 66.3
      vertex -2.23255 -49.5 66.2997
      vertex -2.23255 -44.5 66.2997
    endloop
  endfacet
  facet normal 0.0171894 0 0.999852
    outer loop
      vertex -2.23255 -49.5 66.2997
      vertex -2.25 -44.5 66.3
      vertex -2.25 -49.5 66.3
    endloop
  endfacet
  facet normal 0.0221736 -0.993162 0.11462
    outer loop
      vertex -2.15646 -49.5 66.2911
      vertex -2.16318 -49.5 66.2924
      vertex -2.16076 -49.5008 66.285
    endloop
  endfacet
  facet normal 0 -0.996157 -0.0875833
    outer loop
      vertex -22.65 -51.4808 47.9342
      vertex -11.7403 -51.4915 48.0559
      vertex -22.65 -51.4915 48.0559
    endloop
  endfacet
  facet normal 6.24748e-05 -0.995653 -0.0931394
    outer loop
      vertex -11.7403 -51.4915 48.0559
      vertex -22.65 -51.4808 47.9342
      vertex -11.7195 -51.4909 48.0495
    endloop
  endfacet
  facet normal 5.80767e-06 -0.996137 -0.0878098
    outer loop
      vertex -11.7195 -51.4909 48.0495
      vertex -22.65 -51.4808 47.9342
      vertex -11.5459 -51.4868 48.003
    endloop
  endfacet
  facet normal -4.74658e-06 -0.996285 -0.0861192
    outer loop
      vertex -11.5459 -51.4868 48.003
      vertex -22.65 -51.4808 47.9342
      vertex -11.3707 -51.4833 47.9625
    endloop
  endfacet
  facet normal 0 -0.996121 -0.0879965
    outer loop
      vertex -11.3707 -51.4833 47.9625
      vertex -22.65 -51.4808 47.9342
      vertex -11.2247 -51.4808 47.9342
    endloop
  endfacet
  facet normal -8.82358e-05 -0.995661 -0.0930568
    outer loop
      vertex -1.25 -51.4808 47.9342
      vertex -8.8597 -51.4915 48.0559
      vertex -8.88047 -51.4909 48.0495
    endloop
  endfacet
  facet normal -8.18518e-06 -0.996138 -0.087801
    outer loop
      vertex -1.25 -51.4808 47.9342
      vertex -8.88047 -51.4909 48.0495
      vertex -9.0541 -51.4868 48.003
    endloop
  endfacet
  facet normal 6.68002e-06 -0.996284 -0.0861275
    outer loop
      vertex -1.25 -51.4808 47.9342
      vertex -9.0541 -51.4868 48.003
      vertex -9.22925 -51.4833 47.9625
    endloop
  endfacet
  facet normal -0 -0.996121 -0.0879965
    outer loop
      vertex -1.25 -51.4808 47.9342
      vertex -9.22925 -51.4833 47.9625
      vertex -9.37531 -51.4808 47.9342
    endloop
  endfacet
  facet normal 0 -0.996157 -0.0875833
    outer loop
      vertex -8.8597 -51.4915 48.0559
      vertex -1.25 -51.4808 47.9342
      vertex -1.25 -51.4915 48.0559
    endloop
  endfacet
  facet normal 0 -0.62868 -0.777664
    outer loop
      vertex -22.65 -50.2498 45.6188
      vertex -1.25 -50.1548 45.542
      vertex -1.25 -50.2498 45.6188
    endloop
  endfacet
  facet normal -0 -0.62868 -0.777664
    outer loop
      vertex -1.25 -50.1548 45.542
      vertex -22.65 -50.2498 45.6188
      vertex -22.65 -50.1548 45.542
    endloop
  endfacet
  facet normal 0 -0.798427 -0.602092
    outer loop
      vertex -22.65 -50.758 46.1452
      vertex -1.25 -50.8316 46.2428
      vertex -22.65 -50.8316 46.2428
    endloop
  endfacet
  facet normal 0 -0.798427 -0.602092
    outer loop
      vertex -1.25 -50.8316 46.2428
      vertex -22.65 -50.758 46.1452
      vertex -1.25 -50.758 46.1452
    endloop
  endfacet
  facet normal 0 -0.777664 -0.62868
    outer loop
      vertex -22.65 -50.6812 46.0502
      vertex -1.25 -50.758 46.1452
      vertex -22.65 -50.758 46.1452
    endloop
  endfacet
  facet normal 0 -0.777664 -0.62868
    outer loop
      vertex -1.25 -50.758 46.1452
      vertex -22.65 -50.6812 46.0502
      vertex -1.25 -50.6812 46.0502
    endloop
  endfacet
  facet normal 0 -0.890965 -0.454073
    outer loop
      vertex -22.65 -51.0903 46.6568
      vertex -1.25 -51.1458 46.7657
      vertex -22.65 -51.1458 46.7657
    endloop
  endfacet
  facet normal 0 -0.890965 -0.454073
    outer loop
      vertex -1.25 -51.1458 46.7657
      vertex -22.65 -51.0903 46.6568
      vertex -1.25 -51.0903 46.6568
    endloop
  endfacet
  facet normal 0 -0.857204 -0.514977
    outer loop
      vertex -22.65 -50.9682 46.4453
      vertex -1.25 -51.0311 46.55
      vertex -22.65 -51.0311 46.55
    endloop
  endfacet
  facet normal 0 -0.857204 -0.514977
    outer loop
      vertex -1.25 -51.0311 46.55
      vertex -22.65 -50.9682 46.4453
      vertex -1.25 -50.9682 46.4453
    endloop
  endfacet
  facet normal 0 -0.87462 -0.484808
    outer loop
      vertex -22.65 -51.0311 46.55
      vertex -1.25 -51.0903 46.6568
      vertex -22.65 -51.0903 46.6568
    endloop
  endfacet
  facet normal 0 -0.87462 -0.484808
    outer loop
      vertex -1.25 -51.0903 46.6568
      vertex -22.65 -51.0311 46.55
      vertex -1.25 -51.0311 46.55
    endloop
  endfacet
  facet normal 0 -0.920662 -0.390361
    outer loop
      vertex -22.65 -51.1974 46.8764
      vertex -1.25 -51.2451 46.9889
      vertex -22.65 -51.2451 46.9889
    endloop
  endfacet
  facet normal 0 -0.920662 -0.390361
    outer loop
      vertex -1.25 -51.2451 46.9889
      vertex -22.65 -51.1974 46.8764
      vertex -1.25 -51.1974 46.8764
    endloop
  endfacet
  facet normal 0 -0.906371 -0.422482
    outer loop
      vertex -22.65 -51.1458 46.7657
      vertex -1.25 -51.1974 46.8764
      vertex -22.65 -51.1974 46.8764
    endloop
  endfacet
  facet normal 0 -0.906371 -0.422482
    outer loop
      vertex -1.25 -51.1974 46.8764
      vertex -22.65 -51.1458 46.7657
      vertex -1.25 -51.1458 46.7657
    endloop
  endfacet
  facet normal 0 -0.956396 -0.292073
    outer loop
      vertex -22.65 -51.3287 47.2184
      vertex -1.25 -51.3644 47.3353
      vertex -22.65 -51.3644 47.3353
    endloop
  endfacet
  facet normal 0 -0.956396 -0.292073
    outer loop
      vertex -1.25 -51.3644 47.3353
      vertex -22.65 -51.3287 47.2184
      vertex -1.25 -51.3287 47.2184
    endloop
  endfacet
  facet normal -0.00584821 -0.993496 0.113715
    outer loop
      vertex -16.2849 -49.5 66.2988
      vertex -22.65 -51.4808 48.6658
      vertex -16.2674 -49.5 66.2997
    endloop
  endfacet
  facet normal -0.00193653 -0.99367 0.112319
    outer loop
      vertex -16.2674 -49.5 66.2997
      vertex -22.65 -51.4808 48.6658
      vertex -16.25 -49.5 66.3
    endloop
  endfacet
  facet normal -0.882254 0.344251 0.321121
    outer loop
      vertex -22.65 -45.399 50.642
      vertex -22.65 -45.4823 50.7313
      vertex -16.7198 -44.5 65.971
    endloop
  endfacet
  facet normal -0.89366 0.306096 0.328143
    outer loop
      vertex -22.65 -45.5687 50.8177
      vertex -22.65 -45.658 50.901
      vertex -16.7198 -44.5 65.971
    endloop
  endfacet
  facet normal -0.906252 0.254694 0.3374
    outer loop
      vertex -22.65 -45.8452 51.058
      vertex -22.65 -45.9427 51.1316
      vertex -16.7198 -44.5 65.971
    endloop
  endfacet
  facet normal -0.923058 0.00661481 0.384604
    outer loop
      vertex -22.65 -47.8779 51.7979
      vertex -22.65 -48 51.8
      vertex -16.7136 -44.5 65.9873
    endloop
  endfacet
  facet normal -0.917784 0.189224 0.349096
    outer loop
      vertex -16.7198 -44.5 65.971
      vertex -22.65 -46.4657 51.4458
      vertex -16.7136 -44.5 65.9873
    endloop
  endfacet
  facet normal 6.24748e-05 0.995653 -0.0931394
    outer loop
      vertex -22.65 -44.5192 47.9342
      vertex -11.7403 -44.5085 48.0559
      vertex -11.7195 -44.5091 48.0495
    endloop
  endfacet
  facet normal -1.59362e-05 0.996315 -0.0857641
    outer loop
      vertex -22.65 -44.5192 47.9342
      vertex -11.7195 -44.5091 48.0495
      vertex -11.5459 -44.5131 48.003
    endloop
  endfacet
  facet normal 1.35896e-06 0.996073 -0.088534
    outer loop
      vertex -22.65 -44.5192 47.9342
      vertex -11.5459 -44.5131 48.003
      vertex -11.3707 -44.5167 47.9625
    endloop
  endfacet
  facet normal 0 0.996121 -0.0879965
    outer loop
      vertex -22.65 -44.5192 47.9342
      vertex -11.3707 -44.5167 47.9625
      vertex -11.2247 -44.5192 47.9342
    endloop
  endfacet
  facet normal 0 0.996157 -0.0875833
    outer loop
      vertex -11.7403 -44.5085 48.0559
      vertex -22.65 -44.5192 47.9342
      vertex -22.65 -44.5085 48.0559
    endloop
  endfacet
  facet normal 0 0.996157 -0.0875833
    outer loop
      vertex 2.0182 -44.5192 47.9342
      vertex -8.8597 -44.5085 48.0559
      vertex 1.98936 -44.5085 48.0559
    endloop
  endfacet
  facet normal -6.26542e-05 0.995653 -0.0931391
    outer loop
      vertex -8.8597 -44.5085 48.0559
      vertex 2.0182 -44.5192 47.9342
      vertex -8.88047 -44.5091 48.0495
    endloop
  endfacet
  facet normal 1.59809e-05 0.996315 -0.0857642
    outer loop
      vertex -8.88047 -44.5091 48.0495
      vertex 2.0182 -44.5192 47.9342
      vertex -9.0541 -44.5131 48.003
    endloop
  endfacet
  facet normal -1.36277e-06 0.996073 -0.0885339
    outer loop
      vertex -9.0541 -44.5131 48.003
      vertex 2.0182 -44.5192 47.9342
      vertex -9.22925 -44.5167 47.9625
    endloop
  endfacet
  facet normal 0 0.996121 -0.0879965
    outer loop
      vertex -9.22925 -44.5167 47.9625
      vertex 2.0182 -44.5192 47.9342
      vertex -9.37531 -44.5192 47.9342
    endloop
  endfacet
  facet normal 4.22345e-05 0.999785 -0.0207391
    outer loop
      vertex -22.65 -44.5021 48.1779
      vertex -12.4049 -44.5 48.3
      vertex -12.3947 -44.5001 48.2952
    endloop
  endfacet
  facet normal 4.86853e-07 0.999854 -0.0170904
    outer loop
      vertex -22.65 -44.5021 48.1779
      vertex -12.3947 -44.5001 48.2952
      vertex -12.2292 -44.5013 48.225
    endloop
  endfacet
  facet normal 0 0.999856 -0.0169827
    outer loop
      vertex -22.65 -44.5021 48.1779
      vertex -12.2292 -44.5013 48.225
      vertex -12.1064 -44.5021 48.1779
    endloop
  endfacet
  facet normal 0 0.999852 -0.0171965
    outer loop
      vertex -12.4049 -44.5 48.3
      vertex -22.65 -44.5021 48.1779
      vertex -22.65 -44.5 48.3
    endloop
  endfacet
  facet normal 0 0.999852 -0.0171965
    outer loop
      vertex 1.96044 -44.5021 48.1779
      vertex -8.1951 -44.5 48.3
      vertex 1.93149 -44.5 48.3
    endloop
  endfacet
  facet normal -4.25966e-05 0.999785 -0.0207382
    outer loop
      vertex -8.1951 -44.5 48.3
      vertex 1.96044 -44.5021 48.1779
      vertex -8.20531 -44.5001 48.2952
    endloop
  endfacet
  facet normal -4.9103e-07 0.999854 -0.0170904
    outer loop
      vertex -8.20531 -44.5001 48.2952
      vertex 1.96044 -44.5021 48.1779
      vertex -8.37078 -44.5013 48.225
    endloop
  endfacet
  facet normal 0 0.999856 -0.0169827
    outer loop
      vertex -8.37078 -44.5013 48.225
      vertex 1.96044 -44.5021 48.1779
      vertex -8.49361 -44.5021 48.1779
    endloop
  endfacet
  facet normal 0 1 0
    outer loop
      vertex -1.73255 -44.5 66.4997
      vertex -1.76745 -44.5 66.4997
      vertex -1.75 -44.5 66.5
    endloop
  endfacet
  facet normal 0 1 0
    outer loop
      vertex -1.71512 -44.5 66.4988
      vertex -1.76745 -44.5 66.4997
      vertex -1.73255 -44.5 66.4997
    endloop
  endfacet
  facet normal 0 1 0
    outer loop
      vertex -1.71512 -44.5 66.4988
      vertex -1.78488 -44.5 66.4988
      vertex -1.76745 -44.5 66.4997
    endloop
  endfacet
  facet normal 0 1 0
    outer loop
      vertex -1.69773 -44.5 66.4973
      vertex -1.78488 -44.5 66.4988
      vertex -1.71512 -44.5 66.4988
    endloop
  endfacet
  facet normal 0 1 0
    outer loop
      vertex -1.69773 -44.5 66.4973
      vertex -1.80226 -44.5 66.4973
      vertex -1.78488 -44.5 66.4988
    endloop
  endfacet
  facet normal 0 1 0
    outer loop
      vertex -1.68041 -44.5 66.4951
      vertex -1.80226 -44.5 66.4973
      vertex -1.69773 -44.5 66.4973
    endloop
  endfacet
  facet normal 0 1 0
    outer loop
      vertex -1.68041 -44.5 66.4951
      vertex -1.81959 -44.5 66.4951
      vertex -1.80226 -44.5 66.4973
    endloop
  endfacet
  facet normal 0 1 0
    outer loop
      vertex -1.66318 -44.5 66.4924
      vertex -1.81959 -44.5 66.4951
      vertex -1.68041 -44.5 66.4951
    endloop
  endfacet
  facet normal 0 1 0
    outer loop
      vertex -1.66318 -44.5 66.4924
      vertex -1.83682 -44.5 66.4924
      vertex -1.81959 -44.5 66.4951
    endloop
  endfacet
  facet normal 0 1 0
    outer loop
      vertex -1.64604 -44.5 66.4891
      vertex -1.83682 -44.5 66.4924
      vertex -1.66318 -44.5 66.4924
    endloop
  endfacet
  facet normal 0 1 0
    outer loop
      vertex -1.64604 -44.5 66.4891
      vertex -1.85396 -44.5 66.4891
      vertex -1.83682 -44.5 66.4924
    endloop
  endfacet
  facet normal 0 1 0
    outer loop
      vertex -1.62904 -44.5 66.4851
      vertex -1.85396 -44.5 66.4891
      vertex -1.64604 -44.5 66.4891
    endloop
  endfacet
  facet normal 0 1 0
    outer loop
      vertex -1.62904 -44.5 66.4851
      vertex -1.87096 -44.5 66.4851
      vertex -1.85396 -44.5 66.4891
    endloop
  endfacet
  facet normal 0 1 0
    outer loop
      vertex -1.61218 -44.5 66.4806
      vertex -1.87096 -44.5 66.4851
      vertex -1.62904 -44.5 66.4851
    endloop
  endfacet
  facet normal 0 1 0
    outer loop
      vertex -1.61218 -44.5 66.4806
      vertex -1.88782 -44.5 66.4806
      vertex -1.87096 -44.5 66.4851
    endloop
  endfacet
  facet normal 0 1 0
    outer loop
      vertex -1.59549 -44.5 66.4755
      vertex -1.88782 -44.5 66.4806
      vertex -1.61218 -44.5 66.4806
    endloop
  endfacet
  facet normal 0 1 0
    outer loop
      vertex -1.59549 -44.5 66.4755
      vertex -1.90451 -44.5 66.4755
      vertex -1.88782 -44.5 66.4806
    endloop
  endfacet
  facet normal 0 1 0
    outer loop
      vertex -1.57899 -44.5 66.4698
      vertex -1.90451 -44.5 66.4755
      vertex -1.59549 -44.5 66.4755
    endloop
  endfacet
  facet normal 0 1 0
    outer loop
      vertex -1.57899 -44.5 66.4698
      vertex -1.92101 -44.5 66.4698
      vertex -1.90451 -44.5 66.4755
    endloop
  endfacet
  facet normal 0 1 0
    outer loop
      vertex -1.5627 -44.5 66.4636
      vertex -1.92101 -44.5 66.4698
      vertex -1.57899 -44.5 66.4698
    endloop
  endfacet
  facet normal 0 1 0
    outer loop
      vertex -1.5627 -44.5 66.4636
      vertex -1.9373 -44.5 66.4636
      vertex -1.92101 -44.5 66.4698
    endloop
  endfacet
  facet normal 0 1 0
    outer loop
      vertex -1.54663 -44.5 66.4568
      vertex -1.9373 -44.5 66.4636
      vertex -1.5627 -44.5 66.4636
    endloop
  endfacet
  facet normal 0 1 0
    outer loop
      vertex -1.54663 -44.5 66.4568
      vertex -1.95337 -44.5 66.4568
      vertex -1.9373 -44.5 66.4636
    endloop
  endfacet
  facet normal 0 1 0
    outer loop
      vertex -1.53081 -44.5 66.4494
      vertex -1.95337 -44.5 66.4568
      vertex -1.54663 -44.5 66.4568
    endloop
  endfacet
  facet normal 0 1 0
    outer loop
      vertex -1.53081 -44.5 66.4494
      vertex -1.96918 -44.5 66.4494
      vertex -1.95337 -44.5 66.4568
    endloop
  endfacet
  facet normal 0 1 0
    outer loop
      vertex -1.51526 -44.5 66.4415
      vertex -1.96918 -44.5 66.4494
      vertex -1.53081 -44.5 66.4494
    endloop
  endfacet
  facet normal 0 1 0
    outer loop
      vertex -1.51526 -44.5 66.4415
      vertex -1.98474 -44.5 66.4415
      vertex -1.96918 -44.5 66.4494
    endloop
  endfacet
  facet normal 0 1 0
    outer loop
      vertex -1.5 -44.5 66.433
      vertex -1.98474 -44.5 66.4415
      vertex -1.51526 -44.5 66.4415
    endloop
  endfacet
  facet normal 0 1 0
    outer loop
      vertex -1.5 -44.5 66.433
      vertex -2 -44.5 66.433
      vertex -1.98474 -44.5 66.4415
    endloop
  endfacet
  facet normal 0 1 0
    outer loop
      vertex -1.48504 -44.5 66.424
      vertex -2 -44.5 66.433
      vertex -1.5 -44.5 66.433
    endloop
  endfacet
  facet normal 0 1 0
    outer loop
      vertex -1.48504 -44.5 66.424
      vertex -2.01496 -44.5 66.424
      vertex -2 -44.5 66.433
    endloop
  endfacet
  facet normal 0 1 0
    outer loop
      vertex -1.4704 -44.5 66.4145
      vertex -2.01496 -44.5 66.424
      vertex -1.48504 -44.5 66.424
    endloop
  endfacet
  facet normal 0 1 0
    outer loop
      vertex -1.4704 -44.5 66.4145
      vertex -2.0296 -44.5 66.4145
      vertex -2.01496 -44.5 66.424
    endloop
  endfacet
  facet normal 0 1 0
    outer loop
      vertex -1.45611 -44.5 66.4045
      vertex -2.0296 -44.5 66.4145
      vertex -1.4704 -44.5 66.4145
    endloop
  endfacet
  facet normal 0 1 0
    outer loop
      vertex -1.45611 -44.5 66.4045
      vertex -2.04389 -44.5 66.4045
      vertex -2.0296 -44.5 66.4145
    endloop
  endfacet
  facet normal 0 1 0
    outer loop
      vertex -1.44217 -44.5 66.394
      vertex -2.04389 -44.5 66.4045
      vertex -1.45611 -44.5 66.4045
    endloop
  endfacet
  facet normal 0 1 0
    outer loop
      vertex -1.44217 -44.5 66.394
      vertex -2.05783 -44.5 66.394
      vertex -2.04389 -44.5 66.4045
    endloop
  endfacet
  facet normal 0 1 0
    outer loop
      vertex -1.42861 -44.5 66.383
      vertex -2.05783 -44.5 66.394
      vertex -1.44217 -44.5 66.394
    endloop
  endfacet
  facet normal 0 1 0
    outer loop
      vertex -1.42861 -44.5 66.383
      vertex -2.07139 -44.5 66.383
      vertex -2.05783 -44.5 66.394
    endloop
  endfacet
  facet normal 0 1 0
    outer loop
      vertex -1.41543 -44.5 66.3716
      vertex -2.07139 -44.5 66.383
      vertex -1.42861 -44.5 66.383
    endloop
  endfacet
  facet normal 0 1 0
    outer loop
      vertex -1.41543 -44.5 66.3716
      vertex -2.08457 -44.5 66.3716
      vertex -2.07139 -44.5 66.383
    endloop
  endfacet
  facet normal 0 1 0
    outer loop
      vertex -1.40267 -44.5 66.3597
      vertex -2.08457 -44.5 66.3716
      vertex -1.41543 -44.5 66.3716
    endloop
  endfacet
  facet normal 0 1 0
    outer loop
      vertex -1.40267 -44.5 66.3597
      vertex -2.09733 -44.5 66.3597
      vertex -2.08457 -44.5 66.3716
    endloop
  endfacet
  facet normal 0 1 0
    outer loop
      vertex -1.39033 -44.5 66.3473
      vertex -2.09733 -44.5 66.3597
      vertex -1.40267 -44.5 66.3597
    endloop
  endfacet
  facet normal 0 1 0
    outer loop
      vertex -1.39033 -44.5 66.3473
      vertex -2.10967 -44.5 66.3473
      vertex -2.09733 -44.5 66.3597
    endloop
  endfacet
  facet normal 0 1 0
    outer loop
      vertex -1.37843 -44.5 66.3346
      vertex -2.10967 -44.5 66.3473
      vertex -1.39033 -44.5 66.3473
    endloop
  endfacet
  facet normal 0 1 0
    outer loop
      vertex -1.37843 -44.5 66.3346
      vertex -2.12157 -44.5 66.3346
      vertex -2.10967 -44.5 66.3473
    endloop
  endfacet
  facet normal 0 1 0
    outer loop
      vertex -1.36698 -44.5 66.3214
      vertex -2.12157 -44.5 66.3346
      vertex -1.37843 -44.5 66.3346
    endloop
  endfacet
  facet normal 0 1 0
    outer loop
      vertex -1.36698 -44.5 66.3214
      vertex -2.13302 -44.5 66.3214
      vertex -2.12157 -44.5 66.3346
    endloop
  endfacet
  facet normal 0 1 0
    outer loop
      vertex -1.35599 -44.5 66.3078
      vertex -2.13302 -44.5 66.3214
      vertex -1.36698 -44.5 66.3214
    endloop
  endfacet
  facet normal 0 1 0
    outer loop
      vertex -1.35599 -44.5 66.3078
      vertex -2.144 -44.5 66.3078
      vertex -2.13302 -44.5 66.3214
    endloop
  endfacet
  facet normal 0 1 0
    outer loop
      vertex -1.34549 -44.5 66.2939
      vertex -2.144 -44.5 66.3078
      vertex -1.35599 -44.5 66.3078
    endloop
  endfacet
  facet normal 0 1 0
    outer loop
      vertex -2.15646 -44.5 66.2911
      vertex -2.144 -44.5 66.3078
      vertex -1.34549 -44.5 66.2939
    endloop
  endfacet
  facet normal 0 1 0
    outer loop
      vertex -2.144 -44.5 66.3078
      vertex -2.15646 -44.5 66.2911
      vertex -2.15451 -44.5 66.2939
    endloop
  endfacet
  facet normal 0 1 0
    outer loop
      vertex -16.25 -44.5 66.3
      vertex -16.371 -44.5 66.2851
      vertex -16.354 -44.5 66.2891
    endloop
  endfacet
  facet normal -0 1 0
    outer loop
      vertex -9.94075 -44.5 58.1375
      vertex -2.25 -44.5 66.3
      vertex -9.76168 -44.5 58.1218
    endloop
  endfacet
  facet normal 0 1 0
    outer loop
      vertex -1.33548 -44.5 66.2796
      vertex -2.15646 -44.5 66.2911
      vertex -1.34549 -44.5 66.2939
    endloop
  endfacet
  facet normal 0 1 0
    outer loop
      vertex -1.28015 -44.5 66.171
      vertex -2.15646 -44.5 66.2911
      vertex -1.33548 -44.5 66.2796
    endloop
  endfacet
  facet normal 0 1 0
    outer loop
      vertex -2.25 -44.5 66.3
      vertex -9.94075 -44.5 58.1375
      vertex -16.371 -44.5 66.2851
    endloop
  endfacet
  facet normal -0 1 -0
    outer loop
      vertex -10.1203 -44.5 58.1469
      vertex -16.371 -44.5 66.2851
      vertex -9.94075 -44.5 58.1375
    endloop
  endfacet
  facet normal 0 1 0
    outer loop
      vertex -1.28015 -44.5 66.171
      vertex -1.33548 -44.5 66.2796
      vertex -1.32598 -44.5 66.265
    endloop
  endfacet
  facet normal -0 1 -0
    outer loop
      vertex -10.3 -44.5 58.15
      vertex -16.371 -44.5 66.2851
      vertex -10.1203 -44.5 58.1469
    endloop
  endfacet
  facet normal 0 1 -0
    outer loop
      vertex -10.4797 -44.5 58.1469
      vertex -16.371 -44.5 66.2851
      vertex -10.3 -44.5 58.15
    endloop
  endfacet
  facet normal 0 1 0
    outer loop
      vertex -1.28015 -44.5 66.171
      vertex -1.32598 -44.5 66.265
      vertex -1.31699 -44.5 66.25
    endloop
  endfacet
  facet normal 0 1 -0
    outer loop
      vertex -10.6592 -44.5 58.1375
      vertex -16.371 -44.5 66.2851
      vertex -10.4797 -44.5 58.1469
    endloop
  endfacet
  facet normal 0 1 -0
    outer loop
      vertex -10.8383 -44.5 58.1218
      vertex -16.371 -44.5 66.2851
      vertex -10.6592 -44.5 58.1375
    endloop
  endfacet
  facet normal 0 1 0
    outer loop
      vertex -1.28015 -44.5 66.171
      vertex -1.31699 -44.5 66.25
      vertex -1.30853 -44.5 66.2347
    endloop
  endfacet
  facet normal 0 1 -0
    outer loop
      vertex -11.0167 -44.5 58.0999
      vertex -16.371 -44.5 66.2851
      vertex -10.8383 -44.5 58.1218
    endloop
  endfacet
  facet normal 0 1 -0
    outer loop
      vertex -11.1943 -44.5 58.0718
      vertex -16.371 -44.5 66.2851
      vertex -11.0167 -44.5 58.0999
    endloop
  endfacet
  facet normal 0 1 0
    outer loop
      vertex -1.28015 -44.5 66.171
      vertex -1.30853 -44.5 66.2347
      vertex -1.3006 -44.5 66.2192
    endloop
  endfacet
  facet normal 0 1 -0
    outer loop
      vertex -11.3707 -44.5 58.0375
      vertex -16.371 -44.5 66.2851
      vertex -11.1943 -44.5 58.0718
    endloop
  endfacet
  facet normal 0 1 -0
    outer loop
      vertex -11.5459 -44.5 57.997
      vertex -16.371 -44.5 66.2851
      vertex -11.3707 -44.5 58.0375
    endloop
  endfacet
  facet normal 0 1 0
    outer loop
      vertex -1.28015 -44.5 66.171
      vertex -1.3006 -44.5 66.2192
      vertex -1.29323 -44.5 66.2034
    endloop
  endfacet
  facet normal 0 1 -0
    outer loop
      vertex -11.7195 -44.5 57.9505
      vertex -16.371 -44.5 66.2851
      vertex -11.5459 -44.5 57.997
    endloop
  endfacet
  facet normal 0 1 0
    outer loop
      vertex -1.28015 -44.5 66.171
      vertex -1.29323 -44.5 66.2034
      vertex -1.28641 -44.5 66.1873
    endloop
  endfacet
  facet normal -0 1 0
    outer loop
      vertex -16.7255 -44.5 65.9545
      vertex -16.371 -44.5 66.2851
      vertex -11.7195 -44.5 57.9505
    endloop
  endfacet
  facet normal 0 1 0
    outer loop
      vertex -16.371 -44.5 66.2851
      vertex -16.7255 -44.5 65.9545
      vertex -16.3878 -44.5 66.2806
    endloop
  endfacet
  facet normal 0 1 0
    outer loop
      vertex -6.5954 -44.5 56.5775
      vertex -2.15646 -44.5 66.2911
      vertex -1.28015 -44.5 66.171
    endloop
  endfacet
  facet normal 0 1 0
    outer loop
      vertex -16.3878 -44.5 66.2806
      vertex -16.7255 -44.5 65.9545
      vertex -16.4045 -44.5 66.2755
    endloop
  endfacet
  facet normal 0 1 0
    outer loop
      vertex -16.4045 -44.5 66.2755
      vertex -16.7255 -44.5 65.9545
      vertex -16.421 -44.5 66.2698
    endloop
  endfacet
  facet normal 0 1 0
    outer loop
      vertex -16.4373 -44.5 66.2636
      vertex -16.7255 -44.5 65.9545
      vertex -16.4534 -44.5 66.2568
    endloop
  endfacet
  facet normal 0 1 0
    outer loop
      vertex -16.4534 -44.5 66.2568
      vertex -16.7255 -44.5 65.9545
      vertex -16.4692 -44.5 66.2494
    endloop
  endfacet
  facet normal 0 1 0
    outer loop
      vertex -16.4692 -44.5 66.2494
      vertex -16.7255 -44.5 65.9545
      vertex -16.4847 -44.5 66.2415
    endloop
  endfacet
  facet normal 0 1 0
    outer loop
      vertex -16.5 -44.5 66.233
      vertex -16.7255 -44.5 65.9545
      vertex -16.515 -44.5 66.224
    endloop
  endfacet
  facet normal 0 1 0
    outer loop
      vertex -16.515 -44.5 66.224
      vertex -16.7255 -44.5 65.9545
      vertex -16.5296 -44.5 66.2145
    endloop
  endfacet
  facet normal 0 1 0
    outer loop
      vertex -16.5296 -44.5 66.2145
      vertex -16.7255 -44.5 65.9545
      vertex -16.5439 -44.5 66.2045
    endloop
  endfacet
  facet normal 0 1 0
    outer loop
      vertex -16.5439 -44.5 66.2045
      vertex -16.7255 -44.5 65.9545
      vertex -16.5578 -44.5 66.194
    endloop
  endfacet
  facet normal 0 1 0
    outer loop
      vertex -16.5714 -44.5 66.183
      vertex -16.7255 -44.5 65.9545
      vertex -16.5846 -44.5 66.1716
    endloop
  endfacet
  facet normal 0 1 0
    outer loop
      vertex -16.5846 -44.5 66.1716
      vertex -16.7255 -44.5 65.9545
      vertex -16.5973 -44.5 66.1597
    endloop
  endfacet
  facet normal 0 1 0
    outer loop
      vertex -16.5973 -44.5 66.1597
      vertex -16.7255 -44.5 65.9545
      vertex -16.6097 -44.5 66.1473
    endloop
  endfacet
  facet normal 0 1 0
    outer loop
      vertex -16.6216 -44.5 66.1346
      vertex -16.7255 -44.5 65.9545
      vertex -16.633 -44.5 66.1214
    endloop
  endfacet
  facet normal 0 1 0
    outer loop
      vertex -16.633 -44.5 66.1214
      vertex -16.7255 -44.5 65.9545
      vertex -16.644 -44.5 66.1078
    endloop
  endfacet
  facet normal 0 1 0
    outer loop
      vertex -16.644 -44.5 66.1078
      vertex -16.7255 -44.5 65.9545
      vertex -16.6545 -44.5 66.0939
    endloop
  endfacet
  facet normal 0 1 0
    outer loop
      vertex -16.6645 -44.5 66.0796
      vertex -16.7255 -44.5 65.9545
      vertex -16.674 -44.5 66.065
    endloop
  endfacet
  facet normal 0 1 0
    outer loop
      vertex -16.6994 -44.5 66.0192
      vertex -16.7255 -44.5 65.9545
      vertex -16.7068 -44.5 66.0034
    endloop
  endfacet
  facet normal 0 1 0
    outer loop
      vertex -16.683 -44.5 66.05
      vertex -16.7255 -44.5 65.9545
      vertex -16.6915 -44.5 66.0347
    endloop
  endfacet
  facet normal 0 1 0
    outer loop
      vertex -16.674 -44.5 66.065
      vertex -16.7255 -44.5 65.9545
      vertex -16.683 -44.5 66.05
    endloop
  endfacet
  facet normal 0 1 0
    outer loop
      vertex -2.25 -44.5 66.3
      vertex -9.58326 -44.5 58.0999
      vertex -9.76168 -44.5 58.1218
    endloop
  endfacet
  facet normal 0 1 0
    outer loop
      vertex -2.25 -44.5 66.3
      vertex -9.40571 -44.5 58.0718
      vertex -9.58326 -44.5 58.0999
    endloop
  endfacet
  facet normal 0 1 0
    outer loop
      vertex -2.25 -44.5 66.3
      vertex -9.22925 -44.5 58.0375
      vertex -9.40571 -44.5 58.0718
    endloop
  endfacet
  facet normal 0 1 0
    outer loop
      vertex -2.25 -44.5 66.3
      vertex -9.0541 -44.5 57.997
      vertex -9.22925 -44.5 58.0375
    endloop
  endfacet
  facet normal 0 1 0
    outer loop
      vertex -2.25 -44.5 66.3
      vertex -8.88047 -44.5 57.9505
      vertex -9.0541 -44.5 57.997
    endloop
  endfacet
  facet normal 0 1 0
    outer loop
      vertex -2.25 -44.5 66.3
      vertex -8.70856 -44.5 57.8979
      vertex -8.88047 -44.5 57.9505
    endloop
  endfacet
  facet normal 0 1 0
    outer loop
      vertex -2.25 -44.5 66.3
      vertex -8.5386 -44.5 57.8394
      vertex -8.70856 -44.5 57.8979
    endloop
  endfacet
  facet normal 0 1 0
    outer loop
      vertex -2.25 -44.5 66.3
      vertex -8.37078 -44.5 57.775
      vertex -8.5386 -44.5 57.8394
    endloop
  endfacet
  facet normal 0 1 0
    outer loop
      vertex -2.25 -44.5 66.3
      vertex -8.20531 -44.5 57.7048
      vertex -8.37078 -44.5 57.775
    endloop
  endfacet
  facet normal 0 1 0
    outer loop
      vertex -2.25 -44.5 66.3
      vertex -8.04239 -44.5 57.6288
      vertex -8.20531 -44.5 57.7048
    endloop
  endfacet
  facet normal 0 1 0
    outer loop
      vertex -2.25 -44.5 66.3
      vertex -7.88222 -44.5 57.5472
      vertex -8.04239 -44.5 57.6288
    endloop
  endfacet
  facet normal 0 1 0
    outer loop
      vertex -2.25 -44.5 66.3
      vertex -7.725 -44.5 57.46
      vertex -7.88222 -44.5 57.5472
    endloop
  endfacet
  facet normal 0 1 0
    outer loop
      vertex -2.25 -44.5 66.3
      vertex -7.57092 -44.5 57.3674
      vertex -7.725 -44.5 57.46
    endloop
  endfacet
  facet normal 0 1 0
    outer loop
      vertex -2.25 -44.5 66.3
      vertex -7.42016 -44.5 57.2695
      vertex -7.57092 -44.5 57.3674
    endloop
  endfacet
  facet normal 0 1 0
    outer loop
      vertex -2.25 -44.5 66.3
      vertex -7.27291 -44.5 57.1664
      vertex -7.42016 -44.5 57.2695
    endloop
  endfacet
  facet normal 0 1 0
    outer loop
      vertex -2.25 -44.5 66.3
      vertex -7.12934 -44.5 57.0583
      vertex -7.27291 -44.5 57.1664
    endloop
  endfacet
  facet normal 0 1 0
    outer loop
      vertex -2.25 -44.5 66.3
      vertex -6.98964 -44.5 56.9451
      vertex -7.12934 -44.5 57.0583
    endloop
  endfacet
  facet normal 0 1 0
    outer loop
      vertex -2.25 -44.5 66.3
      vertex -6.85398 -44.5 56.8272
      vertex -6.98964 -44.5 56.9451
    endloop
  endfacet
  facet normal 0 1 0
    outer loop
      vertex -2.25 -44.5 66.3
      vertex -6.72251 -44.5 56.7046
      vertex -6.85398 -44.5 56.8272
    endloop
  endfacet
  facet normal 0 1 0
    outer loop
      vertex -2.15646 -44.5 66.2911
      vertex -6.5954 -44.5 56.5775
      vertex -6.72251 -44.5 56.7046
    endloop
  endfacet
  facet normal 0 1 0
    outer loop
      vertex -1.28015 -44.5 66.171
      vertex -6.4728 -44.5 56.446
      vertex -6.5954 -44.5 56.5775
    endloop
  endfacet
  facet normal 0 1 0
    outer loop
      vertex -1.28015 -44.5 66.171
      vertex -6.35487 -44.5 56.3104
      vertex -6.4728 -44.5 56.446
    endloop
  endfacet
  facet normal 0 1 0
    outer loop
      vertex -1.28015 -44.5 66.171
      vertex -6.24174 -44.5 56.1707
      vertex -6.35487 -44.5 56.3104
    endloop
  endfacet
  facet normal 0 1 0
    outer loop
      vertex -1.28015 -44.5 66.171
      vertex -6.13356 -44.5 56.0271
      vertex -6.24174 -44.5 56.1707
    endloop
  endfacet
  facet normal 0 1 0
    outer loop
      vertex -1.28015 -44.5 66.171
      vertex -6.03046 -44.5 55.8798
      vertex -6.13356 -44.5 56.0271
    endloop
  endfacet
  facet normal 0 1 0
    outer loop
      vertex -1.28015 -44.5 66.171
      vertex -5.93255 -44.5 55.7291
      vertex -6.03046 -44.5 55.8798
    endloop
  endfacet
  facet normal 0 1 0
    outer loop
      vertex -1.28015 -44.5 66.171
      vertex -5.83997 -44.5 55.575
      vertex -5.93255 -44.5 55.7291
    endloop
  endfacet
  facet normal 0 1 0
    outer loop
      vertex -1.28015 -44.5 66.171
      vertex -5.75282 -44.5 55.4178
      vertex -5.83997 -44.5 55.575
    endloop
  endfacet
  facet normal 0 1 0
    outer loop
      vertex 3.75 -44.5 51.8
      vertex -5.75282 -44.5 55.4178
      vertex -1.28015 -44.5 66.171
    endloop
  endfacet
  facet normal 0 1 0
    outer loop
      vertex -5.75282 -44.5 55.4178
      vertex 3.75 -44.5 51.8
      vertex -5.67121 -44.5 55.2576
    endloop
  endfacet
  facet normal 0 1 0
    outer loop
      vertex -5.67121 -44.5 55.2576
      vertex 3.75 -44.5 51.8
      vertex -5.59524 -44.5 55.0947
    endloop
  endfacet
  facet normal 0 1 0
    outer loop
      vertex -5.59524 -44.5 55.0947
      vertex 3.75 -44.5 51.8
      vertex -5.525 -44.5 54.9292
    endloop
  endfacet
  facet normal 0 1 0
    outer loop
      vertex -5.525 -44.5 54.9292
      vertex 3.75 -44.5 51.8
      vertex -5.46058 -44.5 54.7614
    endloop
  endfacet
  facet normal 0 1 0
    outer loop
      vertex -5.46058 -44.5 54.7614
      vertex 3.75 -44.5 51.8
      vertex -5.40206 -44.5 54.5914
    endloop
  endfacet
  facet normal 0 1 0
    outer loop
      vertex -5.40206 -44.5 54.5914
      vertex 3.75 -44.5 51.8
      vertex -5.3495 -44.5 54.4195
    endloop
  endfacet
  facet normal 0 1 0
    outer loop
      vertex -5.3495 -44.5 54.4195
      vertex 3.75 -44.5 51.8
      vertex -5.30298 -44.5 54.2459
    endloop
  endfacet
  facet normal 0 1 0
    outer loop
      vertex -5.30298 -44.5 54.2459
      vertex 3.75 -44.5 51.8
      vertex -5.26254 -44.5 54.0707
    endloop
  endfacet
  facet normal 0 1 0
    outer loop
      vertex -5.26254 -44.5 54.0707
      vertex 3.75 -44.5 51.8
      vertex -5.22824 -44.5 53.8943
    endloop
  endfacet
  facet normal 0 1 0
    outer loop
      vertex -5.22824 -44.5 53.8943
      vertex 3.75 -44.5 51.8
      vertex -5.20012 -44.5 53.7167
    endloop
  endfacet
  facet normal 0 1 0
    outer loop
      vertex -5.20012 -44.5 53.7167
      vertex 3.75 -44.5 51.8
      vertex -5.17821 -44.5 53.5383
    endloop
  endfacet
  facet normal 0 1 0
    outer loop
      vertex -5.17821 -44.5 53.5383
      vertex 3.75 -44.5 51.8
      vertex -5.16254 -44.5 53.3592
    endloop
  endfacet
  facet normal 0 1 0
    outer loop
      vertex -5.16254 -44.5 53.3592
      vertex 3.75 -44.5 51.8
      vertex -5.15314 -44.5 53.1797
    endloop
  endfacet
  facet normal 0 1 0
    outer loop
      vertex -5.15314 -44.5 53.1797
      vertex 3.75 -44.5 51.8
      vertex -5.15 -44.5 53
    endloop
  endfacet
  facet normal 0 1 0
    outer loop
      vertex -5.15 -44.5 53
      vertex 3.75 -44.5 51.8
      vertex -5.15314 -44.5 52.8203
    endloop
  endfacet
  facet normal 0 1 0
    outer loop
      vertex -5.15314 -44.5 52.8203
      vertex 3.75 -44.5 51.8
      vertex -5.16254 -44.5 52.6408
    endloop
  endfacet
  facet normal 0 1 0
    outer loop
      vertex -5.16254 -44.5 52.6408
      vertex 3.75 -44.5 51.8
      vertex -5.17821 -44.5 52.4617
    endloop
  endfacet
  facet normal 0 1 -0
    outer loop
      vertex 1.93149 -44.5 48.3
      vertex -5.17821 -44.5 52.4617
      vertex 3.75 -44.5 51.8
    endloop
  endfacet
  facet normal 0 1 0
    outer loop
      vertex -5.17821 -44.5 52.4617
      vertex 1.93149 -44.5 48.3
      vertex -5.20012 -44.5 52.2833
    endloop
  endfacet
  facet normal 0 1 0
    outer loop
      vertex -5.20012 -44.5 52.2833
      vertex 1.93149 -44.5 48.3
      vertex -5.22824 -44.5 52.1057
    endloop
  endfacet
  facet normal 0 1 0
    outer loop
      vertex -5.22824 -44.5 52.1057
      vertex 1.93149 -44.5 48.3
      vertex -5.26254 -44.5 51.9293
    endloop
  endfacet
  facet normal 0 1 0
    outer loop
      vertex -5.26254 -44.5 51.9293
      vertex 1.93149 -44.5 48.3
      vertex -5.30298 -44.5 51.7541
    endloop
  endfacet
  facet normal 0 1 0
    outer loop
      vertex -5.30298 -44.5 51.7541
      vertex 1.93149 -44.5 48.3
      vertex -5.3495 -44.5 51.5805
    endloop
  endfacet
  facet normal 0 1 0
    outer loop
      vertex -5.3495 -44.5 51.5805
      vertex 1.93149 -44.5 48.3
      vertex -5.40206 -44.5 51.4086
    endloop
  endfacet
  facet normal 0 1 0
    outer loop
      vertex -5.40206 -44.5 51.4086
      vertex 1.93149 -44.5 48.3
      vertex -5.46058 -44.5 51.2386
    endloop
  endfacet
  facet normal 0 1 0
    outer loop
      vertex -5.46058 -44.5 51.2386
      vertex 1.93149 -44.5 48.3
      vertex -5.525 -44.5 51.0708
    endloop
  endfacet
  facet normal 0 1 0
    outer loop
      vertex -5.525 -44.5 51.0708
      vertex 1.93149 -44.5 48.3
      vertex -5.59524 -44.5 50.9053
    endloop
  endfacet
  facet normal 0 1 0
    outer loop
      vertex -5.59524 -44.5 50.9053
      vertex 1.93149 -44.5 48.3
      vertex -5.67121 -44.5 50.7424
    endloop
  endfacet
  facet normal 0 1 0
    outer loop
      vertex -5.67121 -44.5 50.7424
      vertex 1.93149 -44.5 48.3
      vertex -5.75282 -44.5 50.5822
    endloop
  endfacet
  facet normal 0 1 0
    outer loop
      vertex -5.75282 -44.5 50.5822
      vertex 1.93149 -44.5 48.3
      vertex -5.83997 -44.5 50.425
    endloop
  endfacet
  facet normal 0 1 0
    outer loop
      vertex -5.83997 -44.5 50.425
      vertex 1.93149 -44.5 48.3
      vertex -5.93255 -44.5 50.2709
    endloop
  endfacet
  facet normal 0 1 0
    outer loop
      vertex -5.93255 -44.5 50.2709
      vertex 1.93149 -44.5 48.3
      vertex -6.03046 -44.5 50.1202
    endloop
  endfacet
  facet normal 0 1 0
    outer loop
      vertex -6.03046 -44.5 50.1202
      vertex 1.93149 -44.5 48.3
      vertex -6.13356 -44.5 49.9729
    endloop
  endfacet
  facet normal 0 1 0
    outer loop
      vertex -6.13356 -44.5 49.9729
      vertex 1.93149 -44.5 48.3
      vertex -6.24174 -44.5 49.8293
    endloop
  endfacet
  facet normal 0 1 0
    outer loop
      vertex -6.24174 -44.5 49.8293
      vertex 1.93149 -44.5 48.3
      vertex -6.35487 -44.5 49.6896
    endloop
  endfacet
  facet normal 0 1 0
    outer loop
      vertex -6.35487 -44.5 49.6896
      vertex 1.93149 -44.5 48.3
      vertex -6.4728 -44.5 49.554
    endloop
  endfacet
  facet normal 0 1 0
    outer loop
      vertex -6.4728 -44.5 49.554
      vertex 1.93149 -44.5 48.3
      vertex -6.5954 -44.5 49.4225
    endloop
  endfacet
  facet normal 0 1 0
    outer loop
      vertex -6.5954 -44.5 49.4225
      vertex 1.93149 -44.5 48.3
      vertex -6.72251 -44.5 49.2954
    endloop
  endfacet
  facet normal 0 1 0
    outer loop
      vertex -6.72251 -44.5 49.2954
      vertex 1.93149 -44.5 48.3
      vertex -6.85398 -44.5 49.1728
    endloop
  endfacet
  facet normal 0 1 0
    outer loop
      vertex -6.85398 -44.5 49.1728
      vertex 1.93149 -44.5 48.3
      vertex -6.98964 -44.5 49.0549
    endloop
  endfacet
  facet normal 0 1 0
    outer loop
      vertex -6.98964 -44.5 49.0549
      vertex 1.93149 -44.5 48.3
      vertex -7.12934 -44.5 48.9417
    endloop
  endfacet
  facet normal 0 1 0
    outer loop
      vertex -7.12934 -44.5 48.9417
      vertex 1.93149 -44.5 48.3
      vertex -7.27291 -44.5 48.8336
    endloop
  endfacet
  facet normal 0 1 0
    outer loop
      vertex -7.27291 -44.5 48.8336
      vertex 1.93149 -44.5 48.3
      vertex -7.42016 -44.5 48.7305
    endloop
  endfacet
  facet normal 0 1 0
    outer loop
      vertex -7.42016 -44.5 48.7305
      vertex 1.93149 -44.5 48.3
      vertex -7.57092 -44.5 48.6326
    endloop
  endfacet
  facet normal 0 1 0
    outer loop
      vertex -7.57092 -44.5 48.6326
      vertex 1.93149 -44.5 48.3
      vertex -7.725 -44.5 48.54
    endloop
  endfacet
  facet normal 0 1 0
    outer loop
      vertex -7.725 -44.5 48.54
      vertex 1.93149 -44.5 48.3
      vertex -7.88222 -44.5 48.4528
    endloop
  endfacet
  facet normal 0 1 0
    outer loop
      vertex -7.88222 -44.5 48.4528
      vertex 1.93149 -44.5 48.3
      vertex -8.04239 -44.5 48.3712
    endloop
  endfacet
  facet normal 0 1 -0
    outer loop
      vertex 3.75 -44.5 47.8
      vertex 1.93149 -44.5 48.3
      vertex 3.75 -44.5 51.8
    endloop
  endfacet
  facet normal 0 1 0
    outer loop
      vertex 1.93149 -44.5 48.3
      vertex 3.75 -44.5 47.8
      vertex 2.05 -44.5 47.8
    endloop
  endfacet
  facet normal 0 1 0
    outer loop
      vertex -2.15646 -44.5 66.2911
      vertex -2.25 -44.5 66.3
      vertex -2.23255 -44.5 66.2997
    endloop
  endfacet
  facet normal 0 1 0
    outer loop
      vertex -6.72251 -44.5 56.7046
      vertex -2.25 -44.5 66.3
      vertex -2.15646 -44.5 66.2911
    endloop
  endfacet
  facet normal 0 1 0
    outer loop
      vertex -2.15646 -44.5 66.2911
      vertex -2.23255 -44.5 66.2997
      vertex -2.21512 -44.5 66.2988
    endloop
  endfacet
  facet normal 0 1 0
    outer loop
      vertex -2.25 -44.5 66.3
      vertex -16.371 -44.5 66.2851
      vertex -16.25 -44.5 66.3
    endloop
  endfacet
  facet normal 0 1 0
    outer loop
      vertex -2.15646 -44.5 66.2911
      vertex -2.21512 -44.5 66.2988
      vertex -2.19773 -44.5 66.2973
    endloop
  endfacet
  facet normal 0 1 0
    outer loop
      vertex -16.25 -44.5 66.3
      vertex -16.354 -44.5 66.2891
      vertex -16.2674 -44.5 66.2997
    endloop
  endfacet
  facet normal 0 1 0
    outer loop
      vertex -2.15646 -44.5 66.2911
      vertex -2.19773 -44.5 66.2973
      vertex -2.18041 -44.5 66.2951
    endloop
  endfacet
  facet normal 0 1 0
    outer loop
      vertex -16.2674 -44.5 66.2997
      vertex -16.354 -44.5 66.2891
      vertex -16.2849 -44.5 66.2988
    endloop
  endfacet
  facet normal 0 1 0
    outer loop
      vertex -2.15646 -44.5 66.2911
      vertex -2.18041 -44.5 66.2951
      vertex -2.16318 -44.5 66.2924
    endloop
  endfacet
  facet normal 0 1 0
    outer loop
      vertex -16.2849 -44.5 66.2988
      vertex -16.354 -44.5 66.2891
      vertex -16.3023 -44.5 66.2973
    endloop
  endfacet
  facet normal 0 1 0
    outer loop
      vertex -16.3023 -44.5 66.2973
      vertex -16.354 -44.5 66.2891
      vertex -16.3196 -44.5 66.2951
    endloop
  endfacet
  facet normal 0 1 0
    outer loop
      vertex -16.3196 -44.5 66.2951
      vertex -16.354 -44.5 66.2891
      vertex -16.3368 -44.5 66.2924
    endloop
  endfacet
  facet normal 0 1 0
    outer loop
      vertex -16.7068 -44.5 66.0034
      vertex -16.7255 -44.5 65.9545
      vertex -16.7136 -44.5 65.9873
    endloop
  endfacet
  facet normal 0 1 0
    outer loop
      vertex -16.7136 -44.5 65.9873
      vertex -16.7255 -44.5 65.9545
      vertex -16.7198 -44.5 65.971
    endloop
  endfacet
  facet normal 0 1 0
    outer loop
      vertex -16.6915 -44.5 66.0347
      vertex -16.7255 -44.5 65.9545
      vertex -16.6994 -44.5 66.0192
    endloop
  endfacet
  facet normal 0 1 0
    outer loop
      vertex -16.6545 -44.5 66.0939
      vertex -16.7255 -44.5 65.9545
      vertex -16.6645 -44.5 66.0796
    endloop
  endfacet
  facet normal 0 1 0
    outer loop
      vertex -16.6097 -44.5 66.1473
      vertex -16.7255 -44.5 65.9545
      vertex -16.6216 -44.5 66.1346
    endloop
  endfacet
  facet normal 0 1 0
    outer loop
      vertex -16.5578 -44.5 66.194
      vertex -16.7255 -44.5 65.9545
      vertex -16.5714 -44.5 66.183
    endloop
  endfacet
  facet normal 0 1 0
    outer loop
      vertex -16.4847 -44.5 66.2415
      vertex -16.7255 -44.5 65.9545
      vertex -16.5 -44.5 66.233
    endloop
  endfacet
  facet normal 0 1 0
    outer loop
      vertex -16.421 -44.5 66.2698
      vertex -16.7255 -44.5 65.9545
      vertex -16.4373 -44.5 66.2636
    endloop
  endfacet
  facet normal 0 1 -0
    outer loop
      vertex -11.8914 -44.5 57.8979
      vertex -16.7255 -44.5 65.9545
      vertex -11.7195 -44.5 57.9505
    endloop
  endfacet
  facet normal 0 1 -0
    outer loop
      vertex -12.0614 -44.5 57.8394
      vertex -16.7255 -44.5 65.9545
      vertex -11.8914 -44.5 57.8979
    endloop
  endfacet
  facet normal 0 1 -0
    outer loop
      vertex -12.2292 -44.5 57.775
      vertex -16.7255 -44.5 65.9545
      vertex -12.0614 -44.5 57.8394
    endloop
  endfacet
  facet normal 0 1 -0
    outer loop
      vertex -12.3947 -44.5 57.7048
      vertex -16.7255 -44.5 65.9545
      vertex -12.2292 -44.5 57.775
    endloop
  endfacet
  facet normal 0 1 -0
    outer loop
      vertex -12.5576 -44.5 57.6288
      vertex -16.7255 -44.5 65.9545
      vertex -12.3947 -44.5 57.7048
    endloop
  endfacet
  facet normal 0 1 -0
    outer loop
      vertex -12.7178 -44.5 57.5472
      vertex -16.7255 -44.5 65.9545
      vertex -12.5576 -44.5 57.6288
    endloop
  endfacet
  facet normal 0 1 -0
    outer loop
      vertex -12.875 -44.5 57.46
      vertex -16.7255 -44.5 65.9545
      vertex -12.7178 -44.5 57.5472
    endloop
  endfacet
  facet normal 0 1 -0
    outer loop
      vertex -13.0291 -44.5 57.3674
      vertex -16.7255 -44.5 65.9545
      vertex -12.875 -44.5 57.46
    endloop
  endfacet
  facet normal 0 1 -0
    outer loop
      vertex -13.1798 -44.5 57.2695
      vertex -16.7255 -44.5 65.9545
      vertex -13.0291 -44.5 57.3674
    endloop
  endfacet
  facet normal 0 1 -0
    outer loop
      vertex -13.3271 -44.5 57.1664
      vertex -16.7255 -44.5 65.9545
      vertex -13.1798 -44.5 57.2695
    endloop
  endfacet
  facet normal 0 1 -0
    outer loop
      vertex -13.4707 -44.5 57.0583
      vertex -16.7255 -44.5 65.9545
      vertex -13.3271 -44.5 57.1664
    endloop
  endfacet
  facet normal 0 1 -0
    outer loop
      vertex -13.6104 -44.5 56.9451
      vertex -16.7255 -44.5 65.9545
      vertex -13.4707 -44.5 57.0583
    endloop
  endfacet
  facet normal 0 1 -0
    outer loop
      vertex -13.746 -44.5 56.8272
      vertex -16.7255 -44.5 65.9545
      vertex -13.6104 -44.5 56.9451
    endloop
  endfacet
  facet normal 0 1 -0
    outer loop
      vertex -13.8775 -44.5 56.7046
      vertex -16.7255 -44.5 65.9545
      vertex -13.746 -44.5 56.8272
    endloop
  endfacet
  facet normal 0 1 -0
    outer loop
      vertex -14.0046 -44.5 56.5775
      vertex -16.7255 -44.5 65.9545
      vertex -13.8775 -44.5 56.7046
    endloop
  endfacet
  facet normal 0 1 -0
    outer loop
      vertex -14.1272 -44.5 56.446
      vertex -16.7255 -44.5 65.9545
      vertex -14.0046 -44.5 56.5775
    endloop
  endfacet
  facet normal 0 1 -0
    outer loop
      vertex -14.2451 -44.5 56.3104
      vertex -16.7255 -44.5 65.9545
      vertex -14.1272 -44.5 56.446
    endloop
  endfacet
  facet normal 0 1 -0
    outer loop
      vertex -14.3583 -44.5 56.1707
      vertex -16.7255 -44.5 65.9545
      vertex -14.2451 -44.5 56.3104
    endloop
  endfacet
  facet normal 0 1 -0
    outer loop
      vertex -14.4664 -44.5 56.0271
      vertex -16.7255 -44.5 65.9545
      vertex -14.3583 -44.5 56.1707
    endloop
  endfacet
  facet normal 0 1 -0
    outer loop
      vertex -14.5695 -44.5 55.8798
      vertex -16.7255 -44.5 65.9545
      vertex -14.4664 -44.5 56.0271
    endloop
  endfacet
  facet normal 0 1 -0
    outer loop
      vertex -14.6674 -44.5 55.7291
      vertex -16.7255 -44.5 65.9545
      vertex -14.5695 -44.5 55.8798
    endloop
  endfacet
  facet normal 0 1 -0
    outer loop
      vertex -14.76 -44.5 55.575
      vertex -16.7255 -44.5 65.9545
      vertex -14.6674 -44.5 55.7291
    endloop
  endfacet
  facet normal 0 1 -0
    outer loop
      vertex -14.8472 -44.5 55.4178
      vertex -16.7255 -44.5 65.9545
      vertex -14.76 -44.5 55.575
    endloop
  endfacet
  facet normal 0 1 -0
    outer loop
      vertex -14.9288 -44.5 55.2576
      vertex -16.7255 -44.5 65.9545
      vertex -14.8472 -44.5 55.4178
    endloop
  endfacet
  facet normal 0 1 -0
    outer loop
      vertex -15.0048 -44.5 55.0947
      vertex -16.7255 -44.5 65.9545
      vertex -14.9288 -44.5 55.2576
    endloop
  endfacet
  facet normal 0 1 -0
    outer loop
      vertex -15.075 -44.5 54.9292
      vertex -16.7255 -44.5 65.9545
      vertex -15.0048 -44.5 55.0947
    endloop
  endfacet
  facet normal 0 1 0
    outer loop
      vertex -22.65 -44.5 48.3
      vertex -15.075 -44.5 54.9292
      vertex -15.1394 -44.5 54.7614
    endloop
  endfacet
  facet normal 0 1 0
    outer loop
      vertex -22.65 -44.5 48.3
      vertex -15.1394 -44.5 54.7614
      vertex -15.1979 -44.5 54.5914
    endloop
  endfacet
  facet normal 0 1 0
    outer loop
      vertex -22.65 -44.5 48.3
      vertex -15.1979 -44.5 54.5914
      vertex -15.2505 -44.5 54.4195
    endloop
  endfacet
  facet normal 0 1 0
    outer loop
      vertex -22.65 -44.5 48.3
      vertex -15.2505 -44.5 54.4195
      vertex -15.297 -44.5 54.2459
    endloop
  endfacet
  facet normal 0 1 0
    outer loop
      vertex -22.65 -44.5 48.3
      vertex -15.297 -44.5 54.2459
      vertex -15.3375 -44.5 54.0707
    endloop
  endfacet
  facet normal 0 1 0
    outer loop
      vertex -22.65 -44.5 48.3
      vertex -15.3375 -44.5 54.0707
      vertex -15.3718 -44.5 53.8943
    endloop
  endfacet
  facet normal 0 1 0
    outer loop
      vertex -22.65 -44.5 48.3
      vertex -15.3718 -44.5 53.8943
      vertex -15.3999 -44.5 53.7167
    endloop
  endfacet
  facet normal 0 1 0
    outer loop
      vertex -22.65 -44.5 48.3
      vertex -15.3999 -44.5 53.7167
      vertex -15.4218 -44.5 53.5383
    endloop
  endfacet
  facet normal 0 1 0
    outer loop
      vertex -22.65 -44.5 48.3
      vertex -15.4218 -44.5 53.5383
      vertex -15.4375 -44.5 53.3592
    endloop
  endfacet
  facet normal 0 1 0
    outer loop
      vertex -22.65 -44.5 48.3
      vertex -15.4375 -44.5 53.3592
      vertex -15.4469 -44.5 53.1797
    endloop
  endfacet
  facet normal 0 1 0
    outer loop
      vertex -22.65 -44.5 48.3
      vertex -15.4469 -44.5 53.1797
      vertex -15.45 -44.5 53
    endloop
  endfacet
  facet normal 0 1 0
    outer loop
      vertex -22.65 -44.5 48.3
      vertex -15.45 -44.5 53
      vertex -15.4469 -44.5 52.8203
    endloop
  endfacet
  facet normal 0 1 0
    outer loop
      vertex -22.65 -44.5 48.3
      vertex -15.4469 -44.5 52.8203
      vertex -15.4375 -44.5 52.6408
    endloop
  endfacet
  facet normal 0 1 0
    outer loop
      vertex -22.65 -44.5 48.3
      vertex -15.4375 -44.5 52.6408
      vertex -15.4218 -44.5 52.4617
    endloop
  endfacet
  facet normal 0 1 0
    outer loop
      vertex -15.075 -44.5 54.9292
      vertex -22.65 -44.5 48.3
      vertex -16.7255 -44.5 65.9545
    endloop
  endfacet
  facet normal 0 1 0
    outer loop
      vertex -15.3999 -44.5 52.2833
      vertex -22.65 -44.5 48.3
      vertex -15.4218 -44.5 52.4617
    endloop
  endfacet
  facet normal 0 1 0
    outer loop
      vertex -15.3718 -44.5 52.1057
      vertex -22.65 -44.5 48.3
      vertex -15.3999 -44.5 52.2833
    endloop
  endfacet
  facet normal 0 1 0
    outer loop
      vertex -15.3375 -44.5 51.9293
      vertex -22.65 -44.5 48.3
      vertex -15.3718 -44.5 52.1057
    endloop
  endfacet
  facet normal 0 1 0
    outer loop
      vertex -15.297 -44.5 51.7541
      vertex -22.65 -44.5 48.3
      vertex -15.3375 -44.5 51.9293
    endloop
  endfacet
  facet normal 0 1 0
    outer loop
      vertex -15.2505 -44.5 51.5805
      vertex -22.65 -44.5 48.3
      vertex -15.297 -44.5 51.7541
    endloop
  endfacet
  facet normal 0 1 0
    outer loop
      vertex -15.1979 -44.5 51.4086
      vertex -22.65 -44.5 48.3
      vertex -15.2505 -44.5 51.5805
    endloop
  endfacet
  facet normal 0 1 0
    outer loop
      vertex -15.1394 -44.5 51.2386
      vertex -22.65 -44.5 48.3
      vertex -15.1979 -44.5 51.4086
    endloop
  endfacet
  facet normal 0 1 0
    outer loop
      vertex -15.075 -44.5 51.0708
      vertex -22.65 -44.5 48.3
      vertex -15.1394 -44.5 51.2386
    endloop
  endfacet
  facet normal 0 1 0
    outer loop
      vertex -15.0048 -44.5 50.9053
      vertex -22.65 -44.5 48.3
      vertex -15.075 -44.5 51.0708
    endloop
  endfacet
  facet normal 0 1 0
    outer loop
      vertex -14.9288 -44.5 50.7424
      vertex -22.65 -44.5 48.3
      vertex -15.0048 -44.5 50.9053
    endloop
  endfacet
  facet normal 0 1 0
    outer loop
      vertex -14.8472 -44.5 50.5822
      vertex -22.65 -44.5 48.3
      vertex -14.9288 -44.5 50.7424
    endloop
  endfacet
  facet normal 0 1 0
    outer loop
      vertex -14.76 -44.5 50.425
      vertex -22.65 -44.5 48.3
      vertex -14.8472 -44.5 50.5822
    endloop
  endfacet
  facet normal 0 1 0
    outer loop
      vertex -14.6674 -44.5 50.2709
      vertex -22.65 -44.5 48.3
      vertex -14.76 -44.5 50.425
    endloop
  endfacet
  facet normal 0 1 0
    outer loop
      vertex -14.5695 -44.5 50.1202
      vertex -22.65 -44.5 48.3
      vertex -14.6674 -44.5 50.2709
    endloop
  endfacet
  facet normal 0 1 0
    outer loop
      vertex -14.4664 -44.5 49.9729
      vertex -22.65 -44.5 48.3
      vertex -14.5695 -44.5 50.1202
    endloop
  endfacet
  facet normal 0 1 0
    outer loop
      vertex -14.3583 -44.5 49.8293
      vertex -22.65 -44.5 48.3
      vertex -14.4664 -44.5 49.9729
    endloop
  endfacet
  facet normal 0 1 0
    outer loop
      vertex -14.2451 -44.5 49.6896
      vertex -22.65 -44.5 48.3
      vertex -14.3583 -44.5 49.8293
    endloop
  endfacet
  facet normal 0 1 0
    outer loop
      vertex -14.1272 -44.5 49.554
      vertex -22.65 -44.5 48.3
      vertex -14.2451 -44.5 49.6896
    endloop
  endfacet
  facet normal 0 1 0
    outer loop
      vertex -14.0046 -44.5 49.4225
      vertex -22.65 -44.5 48.3
      vertex -14.1272 -44.5 49.554
    endloop
  endfacet
  facet normal 0 1 0
    outer loop
      vertex -13.8775 -44.5 49.2954
      vertex -22.65 -44.5 48.3
      vertex -14.0046 -44.5 49.4225
    endloop
  endfacet
  facet normal 0 1 0
    outer loop
      vertex -13.746 -44.5 49.1728
      vertex -22.65 -44.5 48.3
      vertex -13.8775 -44.5 49.2954
    endloop
  endfacet
  facet normal 0 1 0
    outer loop
      vertex -13.6104 -44.5 49.0549
      vertex -22.65 -44.5 48.3
      vertex -13.746 -44.5 49.1728
    endloop
  endfacet
  facet normal 0 1 0
    outer loop
      vertex -13.4707 -44.5 48.9417
      vertex -22.65 -44.5 48.3
      vertex -13.6104 -44.5 49.0549
    endloop
  endfacet
  facet normal 0 1 0
    outer loop
      vertex -13.3271 -44.5 48.8336
      vertex -22.65 -44.5 48.3
      vertex -13.4707 -44.5 48.9417
    endloop
  endfacet
  facet normal 0 1 0
    outer loop
      vertex -13.1798 -44.5 48.7305
      vertex -22.65 -44.5 48.3
      vertex -13.3271 -44.5 48.8336
    endloop
  endfacet
  facet normal 0 1 0
    outer loop
      vertex -13.0291 -44.5 48.6326
      vertex -22.65 -44.5 48.3
      vertex -13.1798 -44.5 48.7305
    endloop
  endfacet
  facet normal 0 1 0
    outer loop
      vertex -12.875 -44.5 48.54
      vertex -22.65 -44.5 48.3
      vertex -13.0291 -44.5 48.6326
    endloop
  endfacet
  facet normal 0 1 0
    outer loop
      vertex -12.7178 -44.5 48.4528
      vertex -22.65 -44.5 48.3
      vertex -12.875 -44.5 48.54
    endloop
  endfacet
  facet normal 0 1 0
    outer loop
      vertex -12.5576 -44.5 48.3712
      vertex -22.65 -44.5 48.3
      vertex -12.7178 -44.5 48.4528
    endloop
  endfacet
  facet normal 0 1 0
    outer loop
      vertex -22.65 -44.5 48.3
      vertex -12.5576 -44.5 48.3712
      vertex -12.4049 -44.5 48.3
    endloop
  endfacet
  facet normal 0 1 0
    outer loop
      vertex -8.04239 -44.5 48.3712
      vertex 1.93149 -44.5 48.3
      vertex -8.1951 -44.5 48.3
    endloop
  endfacet
  facet normal -0.925725 0.0721449 0.371252
    outer loop
      vertex -22.65 -47.2723 51.7235
      vertex -22.65 -47.3922 51.7468
      vertex -16.7136 -44.5 65.9873
    endloop
  endfacet
  facet normal -0.744894 0.614249 0.260442
    outer loop
      vertex -22.65 -44.7549 49.6111
      vertex -22.65 -44.8026 49.7236
      vertex -16.7198 -44.5 65.971
    endloop
  endfacet
  facet normal -0.416848 0.897805 0.142072
    outer loop
      vertex -22.65 -44.5341 48.7871
      vertex -22.65 -44.5532 48.9078
      vertex -16.7255 -44.5 65.9545
    endloop
  endfacet
  facet normal -0.88831 0.324735 0.324735
    outer loop
      vertex -22.65 -45.4823 50.7313
      vertex -22.65 -45.5687 50.8177
      vertex -16.7198 -44.5 65.971
    endloop
  endfacet
  facet normal -0.514496 0 0.857493
    outer loop
      vertex -16.515 -44.5 66.224
      vertex -16.5 -49.5 66.233
      vertex -16.5 -44.5 66.233
    endloop
  endfacet
  facet normal -0.514496 0 0.857493
    outer loop
      vertex -16.5 -49.5 66.233
      vertex -16.515 -44.5 66.224
      vertex -16.515 -49.5 66.224
    endloop
  endfacet
  facet normal -0.628869 0 0.777511
    outer loop
      vertex -16.5714 -44.5 66.183
      vertex -16.5578 -49.5 66.194
      vertex -16.5578 -44.5 66.194
    endloop
  endfacet
  facet normal -0.628869 0 0.777511
    outer loop
      vertex -16.5578 -49.5 66.194
      vertex -16.5714 -44.5 66.183
      vertex -16.5714 -49.5 66.183
    endloop
  endfacet
  facet normal -0.797929 0 0.602752
    outer loop
      vertex -16.6545 -49.5 66.0939
      vertex -16.644 -44.5 66.1078
      vertex -16.6545 -44.5 66.0939
    endloop
  endfacet
  facet normal -0.797929 0 0.602752
    outer loop
      vertex -16.644 -44.5 66.1078
      vertex -16.6545 -49.5 66.0939
      vertex -16.644 -49.5 66.1078
    endloop
  endfacet
  facet normal -0.838181 0 0.545392
    outer loop
      vertex -16.674 -49.5 66.065
      vertex -16.6645 -44.5 66.0796
      vertex -16.674 -44.5 66.065
    endloop
  endfacet
  facet normal -0.838181 0 0.545392
    outer loop
      vertex -16.6645 -44.5 66.0796
      vertex -16.674 -49.5 66.065
      vertex -16.6645 -49.5 66.0796
    endloop
  endfacet
  facet normal -0.905597 0 0.42414
    outer loop
      vertex -16.7068 -49.5 66.0034
      vertex -16.6994 -44.5 66.0192
      vertex -16.7068 -44.5 66.0034
    endloop
  endfacet
  facet normal -0.905597 0 0.42414
    outer loop
      vertex -16.6994 -44.5 66.0192
      vertex -16.7068 -49.5 66.0034
      vertex -16.6994 -49.5 66.0192
    endloop
  endfacet
  facet normal -0.65362 0 0.756823
    outer loop
      vertex -16.5846 -44.5 66.1716
      vertex -16.5714 -49.5 66.183
      vertex -16.5714 -44.5 66.183
    endloop
  endfacet
  facet normal -0.65362 0 0.756823
    outer loop
      vertex -16.5714 -49.5 66.183
      vertex -16.5846 -44.5 66.1716
      vertex -16.5846 -49.5 66.1716
    endloop
  endfacet
  facet normal -0.890952 0 0.454098
    outer loop
      vertex -16.6994 -49.5 66.0192
      vertex -16.6915 -44.5 66.0347
      vertex -16.6994 -44.5 66.0192
    endloop
  endfacet
  facet normal -0.890952 0 0.454098
    outer loop
      vertex -16.6915 -44.5 66.0347
      vertex -16.6994 -49.5 66.0192
      vertex -16.6915 -49.5 66.0347
    endloop
  endfacet
  facet normal -0.874157 0 0.485643
    outer loop
      vertex -16.6915 -49.5 66.0347
      vertex -16.683 -44.5 66.05
      vertex -16.6915 -44.5 66.0347
    endloop
  endfacet
  facet normal -0.874157 0 0.485643
    outer loop
      vertex -16.683 -44.5 66.05
      vertex -16.6915 -49.5 66.0347
      vertex -16.683 -49.5 66.05
    endloop
  endfacet
  facet normal -0.468719 -0.844094 0.260399
    outer loop
      vertex -16.6915 -49.5 66.0347
      vertex -22.65 -51.3287 49.3816
      vertex -16.683 -49.5 66.05
    endloop
  endfacet
  facet normal -0.168808 -0.971086 0.168808
    outer loop
      vertex -16.6097 -49.5 66.1473
      vertex -22.65 -51.4468 48.9078
      vertex -16.5973 -49.5 66.1597
    endloop
  endfacet
  facet normal -0.707107 0 0.707107
    outer loop
      vertex -16.6097 -44.5 66.1473
      vertex -16.5973 -49.5 66.1597
      vertex -16.5973 -44.5 66.1597
    endloop
  endfacet
  facet normal -0.707107 0 0.707107
    outer loop
      vertex -16.5973 -49.5 66.1597
      vertex -16.6097 -44.5 66.1473
      vertex -16.6097 -49.5 66.1473
    endloop
  endfacet
  facet normal -0.756823 0 0.65362
    outer loop
      vertex -16.633 -49.5 66.1214
      vertex -16.6216 -44.5 66.1346
      vertex -16.633 -44.5 66.1214
    endloop
  endfacet
  facet normal -0.756823 0 0.65362
    outer loop
      vertex -16.6216 -44.5 66.1346
      vertex -16.633 -49.5 66.1214
      vertex -16.6216 -49.5 66.1346
    endloop
  endfacet
  facet normal -0.211251 -0.960254 0.182444
    outer loop
      vertex -16.633 -49.5 66.1214
      vertex -22.65 -51.4468 48.9078
      vertex -16.6216 -49.5 66.1346
    endloop
  endfacet
  facet normal -0.0625147 -0.989078 0.133477
    outer loop
      vertex -16.4692 -49.5 66.2494
      vertex -22.65 -51.4659 48.7871
      vertex -16.4534 -49.5 66.2568
    endloop
  endfacet
  facet normal -0.0382006 -0.99141 0.125088
    outer loop
      vertex -16.4045 -49.5 66.2755
      vertex -22.65 -51.4659 48.7871
      vertex -16.3878 -49.5 66.2806
    endloop
  endfacet
  facet normal -0.545392 0 0.838181
    outer loop
      vertex -16.5296 -44.5 66.2145
      vertex -16.515 -49.5 66.224
      vertex -16.515 -44.5 66.224
    endloop
  endfacet
  facet normal -0.545392 0 0.838181
    outer loop
      vertex -16.515 -49.5 66.224
      vertex -16.5296 -44.5 66.2145
      vertex -16.5296 -49.5 66.2145
    endloop
  endfacet
  facet normal -0.42414 0 0.905597
    outer loop
      vertex -16.4692 -44.5 66.2494
      vertex -16.4534 -49.5 66.2568
      vertex -16.4534 -44.5 66.2568
    endloop
  endfacet
  facet normal -0.42414 0 0.905597
    outer loop
      vertex -16.4534 -49.5 66.2568
      vertex -16.4692 -44.5 66.2494
      vertex -16.4692 -49.5 66.2494
    endloop
  endfacet
  facet normal -0.485643 0 0.874157
    outer loop
      vertex -16.5 -44.5 66.233
      vertex -16.4847 -49.5 66.2415
      vertex -16.4847 -44.5 66.2415
    endloop
  endfacet
  facet normal -0.485643 0 0.874157
    outer loop
      vertex -16.4847 -49.5 66.2415
      vertex -16.5 -44.5 66.233
      vertex -16.5 -49.5 66.233
    endloop
  endfacet
  facet normal -0.229039 0 0.973417
    outer loop
      vertex -16.371 -44.5 66.2851
      vertex -16.354 -49.5 66.2891
      vertex -16.354 -44.5 66.2891
    endloop
  endfacet
  facet normal -0.229039 0 0.973417
    outer loop
      vertex -16.354 -49.5 66.2891
      vertex -16.371 -44.5 66.2851
      vertex -16.371 -49.5 66.2851
    endloop
  endfacet
  facet normal -0.292073 0 0.956396
    outer loop
      vertex -16.4045 -44.5 66.2755
      vertex -16.3878 -49.5 66.2806
      vertex -16.3878 -44.5 66.2806
    endloop
  endfacet
  facet normal -0.292073 0 0.956396
    outer loop
      vertex -16.3878 -49.5 66.2806
      vertex -16.4045 -44.5 66.2755
      vertex -16.4045 -49.5 66.2755
    endloop
  endfacet
  facet normal -0.076868 -0.987394 0.138362
    outer loop
      vertex -16.5 -49.5 66.233
      vertex -22.65 -51.4659 48.7871
      vertex -16.4847 -49.5 66.2415
    endloop
  endfacet
  facet normal -0.126152 0 0.992011
    outer loop
      vertex -16.3196 -44.5 66.2951
      vertex -16.3023 -49.5 66.2973
      vertex -16.3023 -44.5 66.2973
    endloop
  endfacet
  facet normal -0.126152 0 0.992011
    outer loop
      vertex -16.3023 -49.5 66.2973
      vertex -16.3196 -44.5 66.2951
      vertex -16.3196 -49.5 66.2951
    endloop
  endfacet
  facet normal -0.0148677 -0.993031 0.116914
    outer loop
      vertex -16.3196 -49.5 66.2951
      vertex -22.65 -51.4808 48.6658
      vertex -16.3023 -49.5 66.2973
    endloop
  endfacet
  facet normal -0.0513607 0 0.99868
    outer loop
      vertex -16.2849 -44.5 66.2988
      vertex -16.2674 -49.5 66.2997
      vertex -16.2674 -44.5 66.2997
    endloop
  endfacet
  facet normal -0.0513607 0 0.99868
    outer loop
      vertex -16.2674 -49.5 66.2997
      vertex -16.2849 -44.5 66.2988
      vertex -16.2849 -49.5 66.2988
    endloop
  endfacet
  facet normal -0.922669 -0.0602678 0.380855
    outer loop
      vertex -22.65 -48.4871 51.7659
      vertex -22.65 -48.6078 51.7468
      vertex -16.7136 -49.5 65.9873
    endloop
  endfacet
  facet normal -0.923114 -0.033678 0.383048
    outer loop
      vertex -22.65 -48.2441 51.7915
      vertex -22.65 -48.3658 51.7808
      vertex -16.7136 -49.5 65.9873
    endloop
  endfacet
  facet normal -0.73221 -0.595816 0.329956
    outer loop
      vertex -22.65 -51.0311 50.05
      vertex -22.65 -51.0903 49.9431
      vertex -16.7068 -49.5 66.0034
    endloop
  endfacet
  facet normal -0.798442 -0.493236 0.345266
    outer loop
      vertex -22.65 -50.8316 50.3572
      vertex -22.65 -50.9016 50.2572
      vertex -16.7068 -49.5 66.0034
    endloop
  endfacet
  facet normal -0.814944 -0.46272 0.348937
    outer loop
      vertex -22.65 -50.758 50.4548
      vertex -22.65 -50.8316 50.3572
      vertex -16.7068 -49.5 66.0034
    endloop
  endfacet
  facet normal -0.883531 -0.294457 0.364237
    outer loop
      vertex -22.65 -50.1548 51.058
      vertex -22.65 -50.2498 50.9812
      vertex -16.7136 -49.5 65.9873
    endloop
  endfacet
  facet normal -0.869647 -0.336742 0.360997
    outer loop
      vertex -22.65 -50.342 50.901
      vertex -22.65 -50.4313 50.8177
      vertex -16.7136 -49.5 65.9873
    endloop
  endfacet
  facet normal -0.921204 0 0.38908
    outer loop
      vertex -16.7136 -49.5 65.9873
      vertex -16.7068 -44.5 66.0034
      vertex -16.7136 -44.5 65.9873
    endloop
  endfacet
  facet normal -0.921204 0 0.38908
    outer loop
      vertex -16.7068 -44.5 66.0034
      vertex -16.7136 -49.5 65.9873
      vertex -16.7068 -49.5 66.0034
    endloop
  endfacet
  facet normal -0.876902 -0.315463 0.362664
    outer loop
      vertex -22.65 -50.2498 50.9812
      vertex -22.65 -50.342 50.901
      vertex -16.7136 -49.5 65.9873
    endloop
  endfacet
  facet normal -0.889009 -0.275692 0.365592
    outer loop
      vertex -22.65 -50.0572 51.1316
      vertex -22.65 -50.1548 51.058
      vertex -16.7136 -49.5 65.9873
    endloop
  endfacet
  facet normal -0.925286 0.046278 0.376435
    outer loop
      vertex -22.65 -47.5129 51.7659
      vertex -22.65 -47.6341 51.7808
      vertex -16.7136 -44.5 65.9873
    endloop
  endfacet
  facet normal -0.922128 -0.0738023 0.379781
    outer loop
      vertex -22.65 -48.6078 51.7468
      vertex -22.65 -48.7277 51.7235
      vertex -16.7136 -49.5 65.9873
    endloop
  endfacet
  facet normal -0.92039 -0.101145 0.377693
    outer loop
      vertex -22.65 -48.8467 51.696
      vertex -22.65 -48.9647 51.6644
      vertex -16.7136 -49.5 65.9873
    endloop
  endfacet
  facet normal -0.917684 -0.129439 0.375634
    outer loop
      vertex -22.65 -49.0816 51.6287
      vertex -22.65 -49.1971 51.5889
      vertex -16.7136 -49.5 65.9873
    endloop
  endfacet
  facet normal -0.913961 -0.15841 0.373607
    outer loop
      vertex -22.65 -49.3111 51.5451
      vertex -22.65 -49.4236 51.4974
      vertex -16.7136 -49.5 65.9873
    endloop
  endfacet
  facet normal -0.911612 -0.173662 0.372565
    outer loop
      vertex -22.65 -49.4236 51.4974
      vertex -22.65 -49.5343 51.4458
      vertex -16.7136 -49.5 65.9873
    endloop
  endfacet
  facet normal -0 -0.358791 -0.933418
    outer loop
      vertex -1.25 -49.3111 45.0549
      vertex -22.65 -49.3111 45.0549
      vertex -1.25 -49.2445 45.0293
    endloop
  endfacet
  facet normal 0 -0.358451 -0.933548
    outer loop
      vertex -1.25 -49.2445 45.0293
      vertex -0.95 -49.1971 45.0111
      vertex -0.95 -49.2445 45.0293
    endloop
  endfacet
  facet normal -5.05076e-07 -0.35865 -0.933472
    outer loop
      vertex -22.65 -49.1971 45.0111
      vertex -1.25 -49.2445 45.0293
      vertex -22.65 -49.3111 45.0549
    endloop
  endfacet
  facet normal 0 -0.358451 -0.933548
    outer loop
      vertex -1.25 -49.2445 45.0293
      vertex -22.65 -49.1971 45.0111
      vertex -0.95 -49.1971 45.0111
    endloop
  endfacet
  facet normal 0 -0.422482 -0.906371
    outer loop
      vertex -22.65 -49.5343 45.1542
      vertex -1.25 -49.4236 45.1026
      vertex -1.25 -49.5343 45.1542
    endloop
  endfacet
  facet normal -0 -0.422482 -0.906371
    outer loop
      vertex -1.25 -49.4236 45.1026
      vertex -22.65 -49.5343 45.1542
      vertex -22.65 -49.4236 45.1026
    endloop
  endfacet
  facet normal 0 -0.390361 -0.920662
    outer loop
      vertex -22.65 -49.4236 45.1026
      vertex -1.25 -49.3111 45.0549
      vertex -1.25 -49.4236 45.1026
    endloop
  endfacet
  facet normal -0 -0.390361 -0.920662
    outer loop
      vertex -1.25 -49.3111 45.0549
      vertex -22.65 -49.4236 45.1026
      vertex -22.65 -49.3111 45.0549
    endloop
  endfacet
  facet normal 0 0.156299 -0.98771
    outer loop
      vertex -22.65 -47.5129 44.8341
      vertex -1.25 -47.3922 44.8532
      vertex -1.25 -47.5129 44.8341
    endloop
  endfacet
  facet normal 0 0.156299 -0.98771
    outer loop
      vertex -1.25 -47.3922 44.8532
      vertex -22.65 -47.5129 44.8341
      vertex -22.65 -47.3922 44.8532
    endloop
  endfacet
  facet normal 0 0.325789 -0.945443
    outer loop
      vertex -22.65 -46.9184 44.9713
      vertex 3.55 -46.8029 45.0111
      vertex 3.55 -46.9184 44.9713
    endloop
  endfacet
  facet normal 0 0.325789 -0.945443
    outer loop
      vertex 3.55 -46.8029 45.0111
      vertex -22.65 -46.9184 44.9713
      vertex -22.65 -46.8029 45.0111
    endloop
  endfacet
  facet normal 0 0.484772 -0.874641
    outer loop
      vertex 3.55 -46.3568 45.2097
      vertex -1.25 -46.2886 45.2475
      vertex 3.55 -46.2886 45.2475
    endloop
  endfacet
  facet normal 0 0.484772 -0.874641
    outer loop
      vertex -22.65 -46.3568 45.2097
      vertex -1.25 -46.2886 45.2475
      vertex 3.55 -46.3568 45.2097
    endloop
  endfacet
  facet normal -4.23507e-07 0.484873 -0.874584
    outer loop
      vertex -22.65 -46.3568 45.2097
      vertex -1.25 -46.25 45.2689
      vertex -1.25 -46.2886 45.2475
    endloop
  endfacet
  facet normal 0 0.484808 -0.87462
    outer loop
      vertex -1.25 -46.25 45.2689
      vertex -22.65 -46.3568 45.2097
      vertex -22.65 -46.25 45.2689
    endloop
  endfacet
  facet normal 0 0.945443 -0.325789
    outer loop
      vertex 3.55 -44.7111 47.1029
      vertex -22.65 -44.6713 47.2184
      vertex 3.55 -44.6713 47.2184
    endloop
  endfacet
  facet normal 0 0.945443 -0.325789
    outer loop
      vertex -22.65 -44.6713 47.2184
      vertex 3.55 -44.7111 47.1029
      vertex -22.65 -44.7111 47.1029
    endloop
  endfacet
  facet normal 0 0.974322 -0.225158
    outer loop
      vertex 3.55 -44.604 47.4533
      vertex -22.65 -44.5765 47.5723
      vertex 3.55 -44.5765 47.5723
    endloop
  endfacet
  facet normal 0 0.974322 -0.225158
    outer loop
      vertex -22.65 -44.5765 47.5723
      vertex 3.55 -44.604 47.4533
      vertex -22.65 -44.604 47.4533
    endloop
  endfacet
  facet normal 0 0.731246 -0.682114
    outer loop
      vertex 3.55 -45.4823 45.8687
      vertex -22.65 -45.399 45.958
      vertex 3.55 -45.399 45.958
    endloop
  endfacet
  facet normal 0 0.731246 -0.682114
    outer loop
      vertex -22.65 -45.399 45.958
      vertex 3.55 -45.4823 45.8687
      vertex -22.65 -45.4823 45.8687
    endloop
  endfacet
  facet normal 0.126008 0 0.992029
    outer loop
      vertex -2.19773 -44.5 66.2973
      vertex -2.18041 -49.5 66.2951
      vertex -2.18041 -44.5 66.2951
    endloop
  endfacet
  facet normal 0.126008 0 0.992029
    outer loop
      vertex -2.18041 -49.5 66.2951
      vertex -2.19773 -44.5 66.2973
      vertex -2.19773 -49.5 66.2973
    endloop
  endfacet
  facet normal 0.0859374 0 0.996301
    outer loop
      vertex -2.21512 -44.5 66.2988
      vertex -2.19773 -49.5 66.2973
      vertex -2.19773 -44.5 66.2973
    endloop
  endfacet
  facet normal 0.0859374 0 0.996301
    outer loop
      vertex -2.19773 -49.5 66.2973
      vertex -2.21512 -44.5 66.2988
      vertex -2.21512 -49.5 66.2988
    endloop
  endfacet
  facet normal 0 -0.98771 -0.156299
    outer loop
      vertex -22.65 -51.4468 47.6922
      vertex -1.25 -51.4659 47.8129
      vertex -22.65 -51.4659 47.8129
    endloop
  endfacet
  facet normal 0 -0.98771 -0.156299
    outer loop
      vertex -1.25 -51.4659 47.8129
      vertex -22.65 -51.4468 47.6922
      vertex -1.25 -51.4468 47.6922
    endloop
  endfacet
  facet normal 0 -0.99254 -0.12192
    outer loop
      vertex -22.65 -51.4659 47.8129
      vertex -11.2247 -51.4808 47.9342
      vertex -22.65 -51.4808 47.9342
    endloop
  endfacet
  facet normal -6.17335e-05 -0.993227 -0.116189
    outer loop
      vertex -11.2247 -51.4808 47.9342
      vertex -22.65 -51.4659 47.8129
      vertex -11.1943 -51.4801 47.9282
    endloop
  endfacet
  facet normal 1.31295e-05 -0.992342 -0.123518
    outer loop
      vertex -11.1943 -51.4801 47.9282
      vertex -22.65 -51.4659 47.8129
      vertex -11.0167 -51.4766 47.9001
    endloop
  endfacet
  facet normal -2.79542e-05 -0.993 -0.118118
    outer loop
      vertex -11.0167 -51.4766 47.9001
      vertex -22.65 -51.4659 47.8129
      vertex -10.8383 -51.474 47.8782
    endloop
  endfacet
  facet normal 1.72598e-05 -0.992008 -0.126174
    outer loop
      vertex -10.8383 -51.474 47.8782
      vertex -22.65 -51.4659 47.8129
      vertex -10.6592 -51.472 47.8625
    endloop
  endfacet
  facet normal -2.27026e-05 -0.993172 -0.116656
    outer loop
      vertex -10.6592 -51.472 47.8625
      vertex -22.65 -51.4659 47.8129
      vertex -10.4797 -51.4709 47.8531
    endloop
  endfacet
  facet normal 1.27978e-05 -0.991872 -0.127242
    outer loop
      vertex -10.4797 -51.4709 47.8531
      vertex -22.65 -51.4659 47.8129
      vertex -10.3 -51.4705 47.85
    endloop
  endfacet
  facet normal 8.50416e-05 -0.993213 -0.116306
    outer loop
      vertex -1.25 -51.4659 47.8129
      vertex -9.37531 -51.4808 47.9342
      vertex -9.40571 -51.4801 47.9282
    endloop
  endfacet
  facet normal -1.80067e-05 -0.992346 -0.123488
    outer loop
      vertex -1.25 -51.4659 47.8129
      vertex -9.40571 -51.4801 47.9282
      vertex -9.58326 -51.4766 47.9001
    endloop
  endfacet
  facet normal 3.8154e-05 -0.99299 -0.1182
    outer loop
      vertex -1.25 -51.4659 47.8129
      vertex -9.58326 -51.4766 47.9001
      vertex -9.76168 -51.474 47.8782
    endloop
  endfacet
  facet normal -2.34136e-05 -0.992017 -0.126105
    outer loop
      vertex -1.25 -51.4659 47.8129
      vertex -9.76168 -51.474 47.8782
      vertex -9.94075 -51.472 47.8625
    endloop
  endfacet
  facet normal 3.04747e-05 -0.993155 -0.116802
    outer loop
      vertex -1.25 -51.4659 47.8129
      vertex -9.94075 -51.472 47.8625
      vertex -10.1203 -51.4709 47.8531
    endloop
  endfacet
  facet normal -1.65689e-05 -0.991899 -0.127027
    outer loop
      vertex -1.25 -51.4659 47.8129
      vertex -10.1203 -51.4709 47.8531
      vertex -10.3 -51.4705 47.85
    endloop
  endfacet
  facet normal 0 -0.99254 -0.12192
    outer loop
      vertex -9.37531 -51.4808 47.9342
      vertex -1.25 -51.4659 47.8129
      vertex -1.25 -51.4808 47.9342
    endloop
  endfacet
  facet normal -0 -0.992401 -0.123047
    outer loop
      vertex -1.25 -51.4659 47.8129
      vertex -10.3 -51.4705 47.85
      vertex -22.65 -51.4659 47.8129
    endloop
  endfacet
  facet normal 0 -0.6563 -0.7545
    outer loop
      vertex -22.65 -50.342 45.699
      vertex -1.25 -50.2498 45.6188
      vertex -1.25 -50.342 45.699
    endloop
  endfacet
  facet normal -0 -0.6563 -0.7545
    outer loop
      vertex -1.25 -50.2498 45.6188
      vertex -22.65 -50.342 45.699
      vertex -22.65 -50.2498 45.6188
    endloop
  endfacet
  facet normal 0 -0.731246 -0.682114
    outer loop
      vertex -22.65 -50.5177 45.8687
      vertex -1.25 -50.601 45.958
      vertex -22.65 -50.601 45.958
    endloop
  endfacet
  facet normal 0 -0.731246 -0.682114
    outer loop
      vertex -1.25 -50.601 45.958
      vertex -22.65 -50.5177 45.8687
      vertex -1.25 -50.5177 45.8687
    endloop
  endfacet
  facet normal 0 -0.682114 -0.731246
    outer loop
      vertex -22.65 -50.4313 45.7823
      vertex -1.25 -50.342 45.699
      vertex -1.25 -50.4313 45.7823
    endloop
  endfacet
  facet normal -0 -0.682114 -0.731246
    outer loop
      vertex -1.25 -50.342 45.699
      vertex -22.65 -50.4313 45.7823
      vertex -22.65 -50.342 45.699
    endloop
  endfacet
  facet normal 0 -0.819232 -0.573462
    outer loop
      vertex -22.65 -50.8316 46.2428
      vertex -1.25 -50.9016 46.3428
      vertex -22.65 -50.9016 46.3428
    endloop
  endfacet
  facet normal 0 -0.819232 -0.573462
    outer loop
      vertex -1.25 -50.9016 46.3428
      vertex -22.65 -50.8316 46.2428
      vertex -1.25 -50.8316 46.2428
    endloop
  endfacet
  facet normal 0 -0.838537 -0.544845
    outer loop
      vertex -22.65 -50.9016 46.3428
      vertex -1.25 -50.9682 46.4453
      vertex -22.65 -50.9682 46.4453
    endloop
  endfacet
  facet normal 0 -0.838537 -0.544845
    outer loop
      vertex -1.25 -50.9682 46.4453
      vertex -22.65 -50.9016 46.3428
      vertex -1.25 -50.9016 46.3428
    endloop
  endfacet
  facet normal -0.848329 0.433759 0.303631
    outer loop
      vertex -22.65 -45.0984 50.2572
      vertex -22.65 -45.1684 50.3572
      vertex -16.7198 -44.5 65.971
    endloop
  endfacet
  facet normal -0.925643 0.0851994 0.368681
    outer loop
      vertex -22.65 -47.1533 51.696
      vertex -22.65 -47.2723 51.7235
      vertex -16.7136 -44.5 65.9873
    endloop
  endfacet
  facet normal -0.924881 0.111063 0.363675
    outer loop
      vertex -22.65 -46.9184 51.6287
      vertex -22.65 -47.0353 51.6644
      vertex -16.7136 -44.5 65.9873
    endloop
  endfacet
  facet normal -0.924175 0.124441 0.36113
    outer loop
      vertex -22.65 -46.8029 51.5889
      vertex -22.65 -46.9184 51.6287
      vertex -16.7136 -44.5 65.9873
    endloop
  endfacet
  facet normal -0.0937267 -0.985123 0.144043
    outer loop
      vertex -16.5296 -49.5 66.2145
      vertex -22.65 -51.4659 48.7871
      vertex -16.515 -49.5 66.224
    endloop
  endfacet
  facet normal -0.102866 -0.983758 0.147099
    outer loop
      vertex -16.5439 -49.5 66.2045
      vertex -22.65 -51.4659 48.7871
      vertex -16.5296 -49.5 66.2145
    endloop
  endfacet
  facet normal -0.30121 -0.930002 0.210637
    outer loop
      vertex -16.6645 -49.5 66.0796
      vertex -22.65 -51.4235 49.0277
      vertex -16.6545 -49.5 66.0939
    endloop
  endfacet
  facet normal -0.777511 0 0.628869
    outer loop
      vertex -16.644 -49.5 66.1078
      vertex -16.633 -44.5 66.1214
      vertex -16.644 -44.5 66.1078
    endloop
  endfacet
  facet normal -0.777511 0 0.628869
    outer loop
      vertex -16.633 -44.5 66.1214
      vertex -16.644 -49.5 66.1078
      vertex -16.633 -49.5 66.1214
    endloop
  endfacet
  facet normal -0.819501 0 0.573078
    outer loop
      vertex -16.6645 -49.5 66.0796
      vertex -16.6545 -44.5 66.0939
      vertex -16.6645 -44.5 66.0796
    endloop
  endfacet
  facet normal -0.819501 0 0.573078
    outer loop
      vertex -16.6545 -44.5 66.0939
      vertex -16.6645 -49.5 66.0796
      vertex -16.6545 -49.5 66.0939
    endloop
  endfacet
  facet normal -0.581721 -0.759276 0.291722
    outer loop
      vertex -22.65 -51.2451 49.6111
      vertex -22.65 -51.2889 49.4971
      vertex -16.6994 -49.5 66.0192
    endloop
  endfacet
  facet normal -0.401419 -0.883659 0.240851
    outer loop
      vertex -16.683 -49.5 66.05
      vertex -22.65 -51.3644 49.2647
      vertex -16.674 -49.5 66.065
    endloop
  endfacet
  facet normal -0.463291 -0.847564 0.258837
    outer loop
      vertex -22.65 -51.3287 49.3816
      vertex -22.65 -51.3644 49.2647
      vertex -16.683 -49.5 66.05
    endloop
  endfacet
  facet normal -0.136721 -0.977878 0.158308
    outer loop
      vertex -16.5846 -49.5 66.1716
      vertex -22.65 -51.4468 48.9078
      vertex -16.5714 -49.5 66.183
    endloop
  endfacet
  facet normal -0.602752 0 0.797929
    outer loop
      vertex -16.5578 -44.5 66.194
      vertex -16.5439 -49.5 66.2045
      vertex -16.5439 -44.5 66.2045
    endloop
  endfacet
  facet normal -0.602752 0 0.797929
    outer loop
      vertex -16.5439 -49.5 66.2045
      vertex -16.5578 -44.5 66.194
      vertex -16.5578 -49.5 66.194
    endloop
  endfacet
  facet normal -0.857493 0 0.514496
    outer loop
      vertex -16.683 -49.5 66.05
      vertex -16.674 -44.5 66.065
      vertex -16.683 -44.5 66.05
    endloop
  endfacet
  facet normal -0.857493 0 0.514496
    outer loop
      vertex -16.674 -44.5 66.065
      vertex -16.683 -49.5 66.05
      vertex -16.674 -49.5 66.065
    endloop
  endfacet
  facet normal -0.729716 0 0.68375
    outer loop
      vertex -16.6216 -49.5 66.1346
      vertex -16.6097 -44.5 66.1473
      vertex -16.6216 -44.5 66.1346
    endloop
  endfacet
  facet normal -0.729716 0 0.68375
    outer loop
      vertex -16.6097 -44.5 66.1473
      vertex -16.6216 -49.5 66.1346
      vertex -16.6097 -49.5 66.1473
    endloop
  endfacet
  facet normal -0.055336 -0.989835 0.131016
    outer loop
      vertex -16.4534 -49.5 66.2568
      vertex -22.65 -51.4659 48.7871
      vertex -16.4373 -49.5 66.2636
    endloop
  endfacet
  facet normal -0.38908 0 0.921204
    outer loop
      vertex -16.4534 -44.5 66.2568
      vertex -16.4373 -49.5 66.2636
      vertex -16.4373 -44.5 66.2636
    endloop
  endfacet
  facet normal -0.38908 0 0.921204
    outer loop
      vertex -16.4373 -49.5 66.2636
      vertex -16.4534 -44.5 66.2568
      vertex -16.4534 -49.5 66.2568
    endloop
  endfacet
  facet normal -0.0286466 -0.992148 0.121748
    outer loop
      vertex -16.371 -49.5 66.2851
      vertex -22.65 -51.4808 48.6658
      vertex -16.354 -49.5 66.2891
    endloop
  endfacet
  facet normal -0.0229785 -0.992536 0.119767
    outer loop
      vertex -16.354 -49.5 66.2891
      vertex -22.65 -51.4808 48.6658
      vertex -16.3368 -49.5 66.2924
    endloop
  endfacet
  facet normal -0.921364 -0.0875194 0.37872
    outer loop
      vertex -22.65 -48.7277 51.7235
      vertex -22.65 -48.8467 51.696
      vertex -16.7136 -49.5 65.9873
    endloop
  endfacet
  facet normal -0.703391 -0.63318 0.322992
    outer loop
      vertex -22.65 -51.0903 49.9431
      vertex -22.65 -51.1458 49.8343
      vertex -16.7068 -49.5 66.0034
    endloop
  endfacet
  facet normal -0.779838 -0.524909 0.341063
    outer loop
      vertex -22.65 -50.9016 50.2572
      vertex -22.65 -50.9682 50.1547
      vertex -16.7068 -49.5 66.0034
    endloop
  endfacet
  facet normal -0.894094 -0.256842 0.366917
    outer loop
      vertex -22.65 -49.9572 51.2016
      vertex -22.65 -50.0572 51.1316
      vertex -16.7136 -49.5 65.9873
    endloop
  endfacet
  facet normal -0.841339 -0.407813 0.354736
    outer loop
      vertex -22.65 -50.601 50.642
      vertex -22.65 -50.6812 50.5498
      vertex -16.7136 -49.5 65.9873
    endloop
  endfacet
  facet normal -0.838399 -0.414363 0.354106
    outer loop
      vertex -16.7136 -49.5 65.9873
      vertex -22.65 -50.6812 50.5498
      vertex -16.7068 -49.5 66.0034
    endloop
  endfacet
  facet normal -0.922995 -0.0469162 0.381942
    outer loop
      vertex -22.65 -48.3658 51.7808
      vertex -22.65 -48.4871 51.7659
      vertex -16.7136 -49.5 65.9873
    endloop
  endfacet
  facet normal -0.915942 -0.14393 0.374611
    outer loop
      vertex -22.65 -49.1971 51.5889
      vertex -22.65 -49.3111 51.5451
      vertex -16.7136 -49.5 65.9873
    endloop
  endfacet
  facet normal -0 -0.292835 -0.956163
    outer loop
      vertex -1.25 -49.0816 44.9713
      vertex -22.65 -49.0816 44.9713
      vertex -1.25 -49.0225 44.9532
    endloop
  endfacet
  facet normal 0 -0.291293 -0.956634
    outer loop
      vertex -1.25 -49.0225 44.9532
      vertex -0.95 -48.9647 44.9356
      vertex -0.95 -49.0225 44.9532
    endloop
  endfacet
  facet normal -2.30147e-06 -0.292073 -0.956396
    outer loop
      vertex -22.65 -48.9647 44.9356
      vertex -1.25 -49.0225 44.9532
      vertex -22.65 -49.0816 44.9713
    endloop
  endfacet
  facet normal 0 -0.291293 -0.956634
    outer loop
      vertex -1.25 -49.0225 44.9532
      vertex -22.65 -48.9647 44.9356
      vertex -0.95 -48.9647 44.9356
    endloop
  endfacet
  facet normal 0.189931 0 0.981797
    outer loop
      vertex -2.16318 -44.5 66.2924
      vertex -2.15646 -49.5 66.2911
      vertex -2.15646 -44.5 66.2911
    endloop
  endfacet
  facet normal 0.189931 0 0.981797
    outer loop
      vertex -2.15646 -49.5 66.2911
      vertex -2.16318 -44.5 66.2924
      vertex -2.16318 -49.5 66.2924
    endloop
  endfacet
  facet normal 0 -0.544845 -0.838537
    outer loop
      vertex -22.65 -49.9572 45.3984
      vertex -1.25 -49.8547 45.3318
      vertex -1.25 -49.9572 45.3984
    endloop
  endfacet
  facet normal -0 -0.544845 -0.838537
    outer loop
      vertex -1.25 -49.8547 45.3318
      vertex -22.65 -49.9572 45.3984
      vertex -22.65 -49.8547 45.3318
    endloop
  endfacet
  facet normal 0 -0.707107 -0.707107
    outer loop
      vertex -22.65 -50.4313 45.7823
      vertex -1.25 -50.5177 45.8687
      vertex -22.65 -50.5177 45.8687
    endloop
  endfacet
  facet normal 0 -0.707107 -0.707107
    outer loop
      vertex -1.25 -50.5177 45.8687
      vertex -22.65 -50.4313 45.7823
      vertex -1.25 -50.4313 45.7823
    endloop
  endfacet
  facet normal -0.867289 0.387125 0.31296
    outer loop
      vertex -22.65 -45.242 50.4548
      vertex -22.65 -45.3188 50.5498
      vertex -16.7198 -44.5 65.971
    endloop
  endfacet
  facet normal -0.858656 0.409235 0.308603
    outer loop
      vertex -22.65 -45.1684 50.3572
      vertex -22.65 -45.242 50.4548
      vertex -16.7198 -44.5 65.971
    endloop
  endfacet
  facet normal -0.875392 0.364736 0.317265
    outer loop
      vertex -22.65 -45.3188 50.5498
      vertex -22.65 -45.399 50.642
      vertex -16.7198 -44.5 65.971
    endloop
  endfacet
  facet normal -0.902721 0.270475 0.334572
    outer loop
      vertex -22.65 -45.7502 50.9812
      vertex -22.65 -45.8452 51.058
      vertex -16.7198 -44.5 65.971
    endloop
  endfacet
  facet normal -0.898389 0.288247 0.331376
    outer loop
      vertex -22.65 -45.658 50.901
      vertex -22.65 -45.7502 50.9812
      vertex -16.7198 -44.5 65.971
    endloop
  endfacet
  facet normal -0.912467 0.222923 0.343087
    outer loop
      vertex -22.65 -46.0428 51.2016
      vertex -22.65 -46.1453 51.2682
      vertex -16.7198 -44.5 65.971
    endloop
  endfacet
  facet normal -0.90966 0.238029 0.340382
    outer loop
      vertex -22.65 -45.9427 51.1316
      vertex -22.65 -46.0428 51.2016
      vertex -16.7198 -44.5 65.971
    endloop
  endfacet
  facet normal -0.915015 0.207752 0.345812
    outer loop
      vertex -22.65 -46.1453 51.2682
      vertex -22.65 -46.25 51.3311
      vertex -16.7198 -44.5 65.971
    endloop
  endfacet
  facet normal -0.922498 0 0.386001
    outer loop
      vertex -16.7136 -44.5 65.9873
      vertex -22.65 -48 51.8
      vertex -16.7136 -49.5 65.9873
    endloop
  endfacet
  facet normal -0.922144 0.15101 0.356156
    outer loop
      vertex -22.65 -46.5764 51.4974
      vertex -22.65 -46.6889 51.5451
      vertex -16.7136 -44.5 65.9873
    endloop
  endfacet
  facet normal -0.920757 0.164825 0.353608
    outer loop
      vertex -22.65 -46.4657 51.4458
      vertex -22.65 -46.5764 51.4974
      vertex -16.7136 -44.5 65.9873
    endloop
  endfacet
  facet normal -0.153541 0.986785 0.0517658
    outer loop
      vertex -22.65 -44.5021 48.4221
      vertex -22.65 -44.5085 48.5441
      vertex -16.7255 -44.5 65.9545
    endloop
  endfacet
  facet normal -0.0511769 0.998542 0.0171739
    outer loop
      vertex -22.65 -44.5 48.3
      vertex -22.65 -44.5021 48.4221
      vertex -16.7255 -44.5 65.9545
    endloop
  endfacet
  facet normal -0.250556 0.964382 0.0847895
    outer loop
      vertex -22.65 -44.5085 48.5441
      vertex -22.65 -44.5192 48.6658
      vertex -16.7255 -44.5 65.9545
    endloop
  endfacet
  facet normal -0.684401 0.689327 0.237534
    outer loop
      vertex -22.65 -44.6713 49.3816
      vertex -22.65 -44.7111 49.4971
      vertex -16.7198 -44.5 65.971
    endloop
  endfacet
  facet normal -0.645288 0.730629 0.223126
    outer loop
      vertex -22.65 -44.6356 49.2647
      vertex -22.65 -44.6713 49.3816
      vertex -16.7198 -44.5 65.971
    endloop
  endfacet
  facet normal -0.717325 0.650386 0.249885
    outer loop
      vertex -22.65 -44.7111 49.4971
      vertex -22.65 -44.7549 49.6111
      vertex -16.7198 -44.5 65.971
    endloop
  endfacet
  facet normal -0.790269 0.545844 0.278441
    outer loop
      vertex -22.65 -44.8542 49.8343
      vertex -22.65 -44.9097 49.9431
      vertex -16.7198 -44.5 65.971
    endloop
  endfacet
  facet normal -0.769204 0.579175 0.269968
    outer loop
      vertex -22.65 -44.8026 49.7236
      vertex -22.65 -44.8542 49.8343
      vertex -16.7198 -44.5 65.971
    endloop
  endfacet
  facet normal -0.823278 0.486582 0.292321
    outer loop
      vertex -22.65 -44.9689 50.05
      vertex -22.65 -45.0318 50.1547
      vertex -16.7198 -44.5 65.971
    endloop
  endfacet
  facet normal -0.627717 -0.716681 0.303873
    outer loop
      vertex -22.65 -51.1974 49.7236
      vertex -22.65 -51.2451 49.6111
      vertex -16.6994 -49.5 66.0192
    endloop
  endfacet
  facet normal -0.527166 -0.803402 0.276843
    outer loop
      vertex -22.65 -51.2889 49.4971
      vertex -22.65 -51.3287 49.3816
      vertex -16.6915 -49.5 66.0347
    endloop
  endfacet
  facet normal -0.561946 -0.776006 0.286411
    outer loop
      vertex -16.6994 -49.5 66.0192
      vertex -22.65 -51.2889 49.4971
      vertex -16.6915 -49.5 66.0347
    endloop
  endfacet
  facet normal -0.311954 -0.925701 0.213922
    outer loop
      vertex -22.65 -51.396 49.1467
      vertex -22.65 -51.4235 49.0277
      vertex -16.6645 -49.5 66.0796
    endloop
  endfacet
  facet normal -0.343634 -0.912096 0.223598
    outer loop
      vertex -16.674 -49.5 66.065
      vertex -22.65 -51.396 49.1467
      vertex -16.6645 -49.5 66.0796
    endloop
  endfacet
  facet normal -0.355518 0 0.934669
    outer loop
      vertex -16.4373 -44.5 66.2636
      vertex -16.421 -49.5 66.2698
      vertex -16.421 -44.5 66.2698
    endloop
  endfacet
  facet normal -0.355518 0 0.934669
    outer loop
      vertex -16.421 -49.5 66.2698
      vertex -16.4373 -44.5 66.2636
      vertex -16.4373 -49.5 66.2636
    endloop
  endfacet
  facet normal -0.188424 0 0.982088
    outer loop
      vertex -16.354 -44.5 66.2891
      vertex -16.3368 -49.5 66.2924
      vertex -16.3368 -44.5 66.2924
    endloop
  endfacet
  facet normal -0.188424 0 0.982088
    outer loop
      vertex -16.3368 -49.5 66.2924
      vertex -16.354 -44.5 66.2891
      vertex -16.354 -49.5 66.2891
    endloop
  endfacet
  facet normal -0.905884 -0.205329 0.370425
    outer loop
      vertex -22.65 -49.6432 51.3903
      vertex -22.65 -49.75 51.3311
      vertex -16.7136 -49.5 65.9873
    endloop
  endfacet
  facet normal -0.902433 -0.221868 0.369309
    outer loop
      vertex -22.65 -49.75 51.3311
      vertex -22.65 -49.8547 51.2682
      vertex -16.7136 -49.5 65.9873
    endloop
  endfacet
  facet normal 0 -0.12192 -0.99254
    outer loop
      vertex -22.65 -48.4871 44.8341
      vertex -1.25 -48.3658 44.8192
      vertex -1.25 -48.4871 44.8341
    endloop
  endfacet
  facet normal -0 -0.12192 -0.99254
    outer loop
      vertex -1.25 -48.3658 44.8192
      vertex -22.65 -48.4871 44.8341
      vertex -22.65 -48.3658 44.8192
    endloop
  endfacet
  facet normal 0 -0.156299 -0.98771
    outer loop
      vertex -22.65 -48.6078 44.8532
      vertex -1.25 -48.4871 44.8341
      vertex -1.25 -48.6078 44.8532
    endloop
  endfacet
  facet normal -0 -0.156299 -0.98771
    outer loop
      vertex -1.25 -48.4871 44.8341
      vertex -22.65 -48.6078 44.8532
      vertex -22.65 -48.4871 44.8341
    endloop
  endfacet
  facet normal 0 -0.0875833 -0.996157
    outer loop
      vertex -22.65 -48.3658 44.8192
      vertex -1.25 -48.2441 44.8085
      vertex -1.25 -48.3658 44.8192
    endloop
  endfacet
  facet normal -0 -0.0875833 -0.996157
    outer loop
      vertex -1.25 -48.2441 44.8085
      vertex -22.65 -48.3658 44.8192
      vertex -22.65 -48.2441 44.8085
    endloop
  endfacet
  facet normal 0.154814 0 0.987944
    outer loop
      vertex -2.18041 -44.5 66.2951
      vertex -2.16318 -49.5 66.2924
      vertex -2.16318 -44.5 66.2924
    endloop
  endfacet
  facet normal 0.154814 0 0.987944
    outer loop
      vertex -2.16318 -49.5 66.2924
      vertex -2.18041 -44.5 66.2951
      vertex -2.18041 -49.5 66.2951
    endloop
  endfacet
  facet normal -0.924764 0.0333018 0.37908
    outer loop
      vertex -22.65 -47.6341 51.7808
      vertex -22.65 -47.7559 51.7915
      vertex -16.7136 -44.5 65.9873
    endloop
  endfacet
  facet normal -0.924022 0.0200296 0.381814
    outer loop
      vertex -22.65 -47.7559 51.7915
      vertex -22.65 -47.8779 51.7979
      vertex -16.7136 -44.5 65.9873
    endloop
  endfacet
  facet normal -0.487069 0.857326 0.166603
    outer loop
      vertex -22.65 -44.5532 48.9078
      vertex -22.65 -44.5765 49.0277
      vertex -16.7255 -44.5 65.9545
    endloop
  endfacet
  facet normal -0.644105 0.731859 0.222509
    outer loop
      vertex -16.7255 -44.5 65.9545
      vertex -22.65 -44.604 49.1467
      vertex -16.7198 -44.5 65.971
    endloop
  endfacet
  facet normal -0.807678 0.51581 0.28565
    outer loop
      vertex -22.65 -44.9097 49.9431
      vertex -22.65 -44.9689 50.05
      vertex -16.7198 -44.5 65.971
    endloop
  endfacet
  facet normal -0.836794 0.459114 0.298312
    outer loop
      vertex -22.65 -45.0318 50.1547
      vertex -22.65 -45.0984 50.2572
      vertex -16.7198 -44.5 65.971
    endloop
  endfacet
  facet normal 0 -0.052387 -0.998627
    outer loop
      vertex -22.65 -48.2441 44.8085
      vertex -1.25 -48.1221 44.8021
      vertex -1.25 -48.2441 44.8085
    endloop
  endfacet
  facet normal -0 -0.052387 -0.998627
    outer loop
      vertex -1.25 -48.1221 44.8021
      vertex -22.65 -48.2441 44.8085
      vertex -22.65 -48.1221 44.8021
    endloop
  endfacet
  facet normal -0.548439 0.814719 0.188275
    outer loop
      vertex -22.65 -44.5765 49.0277
      vertex -22.65 -44.604 49.1467
      vertex -16.7255 -44.5 65.9545
    endloop
  endfacet
  facet normal -0.337885 0.934166 0.114749
    outer loop
      vertex -22.65 -44.5192 48.6658
      vertex -22.65 -44.5341 48.7871
      vertex -16.7255 -44.5 65.9545
    endloop
  endfacet
  facet normal -0 -0.0153239 -0.999883
    outer loop
      vertex -1.25 -48.1221 44.8021
      vertex -22.65 -48.1221 44.8021
      vertex -1.25 -48.096 44.8017
    endloop
  endfacet
  facet normal -0 -0.0177056 -0.999843
    outer loop
      vertex -0.95 -48.096 44.8017
      vertex -1.25 -48.096 44.8017
      vertex -0.95 -48 44.8
    endloop
  endfacet
  facet normal 2.28444e-06 -0.0171965 -0.999852
    outer loop
      vertex -22.65 -48 44.8
      vertex -1.25 -48.096 44.8017
      vertex -22.65 -48.1221 44.8021
    endloop
  endfacet
  facet normal 0 0 0
    outer loop
      vertex -0.95 -48 44.8
      vertex -22.65 -48 44.8
      vertex 3.55 -48 44.8
    endloop
  endfacet
  facet normal 0 -0.0177056 -0.999843
    outer loop
      vertex -1.25 -48.096 44.8017
      vertex -22.65 -48 44.8
      vertex -0.95 -48 44.8
    endloop
  endfacet
  facet normal -0.999847 0 -0.0174709
    outer loop
      vertex -5.15 -44.5 53
      vertex -5.15314 -50.9738 53.1797
      vertex -5.15314 -44.5 53.1797
    endloop
  endfacet
  facet normal -0.999847 0 -0.0174709
    outer loop
      vertex -5.15314 -50.9738 53.1797
      vertex -5.15 -44.5 53
      vertex -5.15 -50.994 53
    endloop
  endfacet
  facet normal -0.996194 0 -0.0871601
    outer loop
      vertex -5.16254 -44.5 53.3592
      vertex -5.17821 -50.9335 53.5383
      vertex -5.17821 -44.5 53.5383
    endloop
  endfacet
  facet normal -0.996194 0 -0.0871601
    outer loop
      vertex -5.17821 -50.9335 53.5383
      vertex -5.16254 -44.5 53.3592
      vertex -5.16254 -50.9536 53.3592
    endloop
  endfacet
  facet normal -0.682005 0 -0.731347
    outer loop
      vertex -6.85398 -50.5641 56.8272
      vertex -6.72251 -44.5 56.7046
      vertex -6.72251 -50.5778 56.7046
    endloop
  endfacet
  facet normal -0.682005 0 -0.731347
    outer loop
      vertex -6.72251 -44.5 56.7046
      vertex -6.85398 -50.5641 56.8272
      vertex -6.85398 -44.5 56.8272
    endloop
  endfacet
  facet normal 0.999851 -0 0.0172484
    outer loop
      vertex -15.45 -50.994 53
      vertex -15.4469 -44.5 52.8203
      vertex -15.45 -44.5 53
    endloop
  endfacet
  facet normal 0.999851 0 0.0172484
    outer loop
      vertex -15.4469 -44.5 52.8203
      vertex -15.45 -50.994 53
      vertex -15.4469 -51.0142 52.8203
    endloop
  endfacet
  facet normal 0.052296 0 0.998632
    outer loop
      vertex -10.6592 -44.528 47.8625
      vertex -10.4797 -51.4709 47.8531
      vertex -10.4797 -44.5291 47.8531
    endloop
  endfacet
  facet normal 0.052296 0 0.998632
    outer loop
      vertex -10.4797 -51.4709 47.8531
      vertex -10.6592 -44.528 47.8625
      vertex -10.6592 -51.472 47.8625
    endloop
  endfacet
  facet normal -0.857198 0 -0.514986
    outer loop
      vertex -5.83997 -44.5 55.575
      vertex -5.93255 -50.6874 55.7291
      vertex -5.93255 -44.5 55.7291
    endloop
  endfacet
  facet normal -0.857198 0 -0.514986
    outer loop
      vertex -5.93255 -50.6874 55.7291
      vertex -5.83997 -44.5 55.575
      vertex -5.83997 -50.7047 55.575
    endloop
  endfacet
  facet normal -0.15632 0 -0.987707
    outer loop
      vertex -9.58326 -50.4211 58.0999
      vertex -9.40571 -44.5 58.0718
      vertex -9.40571 -50.4243 58.0718
    endloop
  endfacet
  facet normal -0.15632 0 -0.987707
    outer loop
      vertex -9.40571 -44.5 58.0718
      vertex -9.58326 -50.4211 58.0999
      vertex -9.58326 -44.5 58.0999
    endloop
  endfacet
  facet normal -0.0522815 0 -0.998632
    outer loop
      vertex -10.1203 -50.4158 58.1469
      vertex -9.94075 -44.5 58.1375
      vertex -9.94075 -50.4169 58.1375
    endloop
  endfacet
  facet normal -0.0522815 0 -0.998632
    outer loop
      vertex -9.94075 -44.5 58.1375
      vertex -10.1203 -50.4158 58.1469
      vertex -10.1203 -44.5 58.1469
    endloop
  endfacet
  facet normal 0.857149 0 -0.515068
    outer loop
      vertex -14.6674 -50.6874 55.7291
      vertex -14.76 -44.5 55.575
      vertex -14.6674 -44.5 55.7291
    endloop
  endfacet
  facet normal 0.857149 0 -0.515068
    outer loop
      vertex -14.76 -44.5 55.575
      vertex -14.6674 -50.6874 55.7291
      vertex -14.76 -50.7047 55.575
    endloop
  endfacet
  facet normal 0.891065 0 -0.453876
    outer loop
      vertex -14.8472 -50.7224 55.4178
      vertex -14.9288 -44.5 55.2576
      vertex -14.8472 -44.5 55.4178
    endloop
  endfacet
  facet normal 0.891065 0 -0.453876
    outer loop
      vertex -14.9288 -44.5 55.2576
      vertex -14.8472 -50.7224 55.4178
      vertex -14.9288 -50.7404 55.2576
    endloop
  endfacet
  facet normal -0.998632 0 0.052296
    outer loop
      vertex -5.16254 -44.5 52.6408
      vertex -5.15314 -51.0142 52.8203
      vertex -5.15314 -44.5 52.8203
    endloop
  endfacet
  facet normal -0.998632 0 0.052296
    outer loop
      vertex -5.15314 -51.0142 52.8203
      vertex -5.16254 -44.5 52.6408
      vertex -5.16254 -51.0343 52.6408
    endloop
  endfacet
  facet normal -0.390553 0 0.920581
    outer loop
      vertex -8.37078 -44.5013 48.225
      vertex -8.20531 -51.4999 48.2952
      vertex -8.20531 -44.5001 48.2952
    endloop
  endfacet
  facet normal -0.390553 0 0.920581
    outer loop
      vertex -8.20531 -51.4999 48.2952
      vertex -8.37078 -44.5013 48.225
      vertex -8.37078 -51.4987 48.225
    endloop
  endfacet
  facet normal -0.992543 0 -0.121898
    outer loop
      vertex -5.17821 -44.5 53.5383
      vertex -5.20012 -50.9135 53.7167
      vertex -5.20012 -44.5 53.7167
    endloop
  endfacet
  facet normal -0.992543 0 -0.121898
    outer loop
      vertex -5.20012 -50.9135 53.7167
      vertex -5.17821 -44.5 53.5383
      vertex -5.17821 -50.9335 53.5383
    endloop
  endfacet
  facet normal -0.97438 0 -0.224908
    outer loop
      vertex -5.26254 -44.5 54.0707
      vertex -5.30298 -50.854 54.2459
      vertex -5.30298 -44.5 54.2459
    endloop
  endfacet
  facet normal -0.97438 0 -0.224908
    outer loop
      vertex -5.30298 -50.854 54.2459
      vertex -5.26254 -44.5 54.0707
      vertex -5.26254 -50.8737 54.0707
    endloop
  endfacet
  facet normal -0.981615 0 -0.19087
    outer loop
      vertex -5.22824 -44.5 53.8943
      vertex -5.26254 -50.8737 54.0707
      vertex -5.26254 -44.5 54.0707
    endloop
  endfacet
  facet normal -0.981615 0 -0.19087
    outer loop
      vertex -5.26254 -50.8737 54.0707
      vertex -5.22824 -44.5 53.8943
      vertex -5.22824 -50.8935 53.8943
    endloop
  endfacet
  facet normal -0.798717 0 -0.601707
    outer loop
      vertex -6.13356 -44.5 56.0271
      vertex -6.24174 -50.6378 56.1707
      vertex -6.24174 -44.5 56.1707
    endloop
  endfacet
  facet normal -0.798717 0 -0.601707
    outer loop
      vertex -6.24174 -50.6378 56.1707
      vertex -6.13356 -44.5 56.0271
      vertex -6.13356 -50.6539 56.0271
    endloop
  endfacet
  facet normal -0.819258 0 -0.573425
    outer loop
      vertex -6.03046 -44.5 55.8798
      vertex -6.13356 -50.6539 56.0271
      vertex -6.13356 -44.5 56.0271
    endloop
  endfacet
  facet normal -0.819258 0 -0.573425
    outer loop
      vertex -6.13356 -50.6539 56.0271
      vertex -6.03046 -44.5 55.8798
      vertex -6.03046 -50.6705 55.8798
    endloop
  endfacet
  facet normal 0.0172484 0 -0.999851
    outer loop
      vertex -10.4797 -50.4158 58.1469
      vertex -10.3 -44.5 58.15
      vertex -10.3 -50.4155 58.15
    endloop
  endfacet
  facet normal 0.0172484 0 -0.999851
    outer loop
      vertex -10.3 -44.5 58.15
      vertex -10.4797 -50.4158 58.1469
      vertex -10.4797 -44.5 58.1469
    endloop
  endfacet
  facet normal -0.12183 0 -0.992551
    outer loop
      vertex -9.76168 -50.4187 58.1218
      vertex -9.58326 -44.5 58.0999
      vertex -9.58326 -50.4211 58.0999
    endloop
  endfacet
  facet normal -0.12183 0 -0.992551
    outer loop
      vertex -9.58326 -44.5 58.0999
      vertex -9.76168 -50.4187 58.1218
      vertex -9.76168 -44.5 58.1218
    endloop
  endfacet
  facet normal -0.292585 0 -0.95624
    outer loop
      vertex -8.88047 -50.4379 57.9505
      vertex -8.70856 -44.5 57.8979
      vertex -8.70856 -50.4438 57.8979
    endloop
  endfacet
  facet normal -0.292585 0 -0.95624
    outer loop
      vertex -8.70856 -44.5 57.8979
      vertex -8.88047 -50.4379 57.9505
      vertex -8.88047 -44.5 57.9505
    endloop
  endfacet
  facet normal -0.258694 0 -0.965959
    outer loop
      vertex -9.0541 -50.4327 57.997
      vertex -8.88047 -44.5 57.9505
      vertex -8.88047 -50.4379 57.9505
    endloop
  endfacet
  facet normal -0.258694 0 -0.965959
    outer loop
      vertex -8.88047 -44.5 57.9505
      vertex -9.0541 -50.4327 57.997
      vertex -9.0541 -44.5 57.997
    endloop
  endfacet
  facet normal -0.358271 0 -0.933618
    outer loop
      vertex -8.5386 -50.4504 57.8394
      vertex -8.37078 -44.5 57.775
      vertex -8.37078 -50.4576 57.775
    endloop
  endfacet
  facet normal -0.358271 0 -0.933618
    outer loop
      vertex -8.37078 -44.5 57.775
      vertex -8.5386 -50.4504 57.8394
      vertex -8.5386 -44.5 57.8394
    endloop
  endfacet
  facet normal -0.390553 0 -0.920581
    outer loop
      vertex -8.37078 -50.4576 57.775
      vertex -8.20531 -44.5 57.7048
      vertex -8.20531 -50.4655 57.7048
    endloop
  endfacet
  facet normal -0.390553 0 -0.920581
    outer loop
      vertex -8.20531 -44.5 57.7048
      vertex -8.37078 -50.4576 57.775
      vertex -8.37078 -44.5 57.775
    endloop
  endfacet
  facet normal -0.453943 0 -0.891031
    outer loop
      vertex -8.04239 -50.474 57.6288
      vertex -7.88222 -44.5 57.5472
      vertex -7.88222 -50.4832 57.5472
    endloop
  endfacet
  facet normal -0.453943 0 -0.891031
    outer loop
      vertex -7.88222 -44.5 57.5472
      vertex -8.04239 -50.474 57.6288
      vertex -8.04239 -44.5 57.6288
    endloop
  endfacet
  facet normal -0.515117 0 -0.85712
    outer loop
      vertex -7.725 -50.493 57.46
      vertex -7.57092 -44.5 57.3674
      vertex -7.57092 -50.5034 57.3674
    endloop
  endfacet
  facet normal -0.515117 0 -0.85712
    outer loop
      vertex -7.57092 -44.5 57.3674
      vertex -7.725 -50.493 57.46
      vertex -7.725 -44.5 57.46
    endloop
  endfacet
  facet normal -0.573556 0 -0.819167
    outer loop
      vertex -7.42016 -50.5144 57.2695
      vertex -7.27291 -44.5 57.1664
      vertex -7.27291 -50.526 57.1664
    endloop
  endfacet
  facet normal -0.573556 0 -0.819167
    outer loop
      vertex -7.27291 -44.5 57.1664
      vertex -7.42016 -50.5144 57.2695
      vertex -7.42016 -44.5 57.2695
    endloop
  endfacet
  facet normal 0.965948 0 -0.258736
    outer loop
      vertex -15.2505 -50.8345 54.4195
      vertex -15.297 -44.5 54.2459
      vertex -15.2505 -44.5 54.4195
    endloop
  endfacet
  facet normal 0.965948 0 -0.258736
    outer loop
      vertex -15.297 -44.5 54.2459
      vertex -15.2505 -50.8345 54.4195
      vertex -15.297 -50.854 54.2459
    endloop
  endfacet
  facet normal 0.987713 0 -0.156277
    outer loop
      vertex -15.3718 -50.8935 53.8943
      vertex -15.3999 -44.5 53.7167
      vertex -15.3718 -44.5 53.8943
    endloop
  endfacet
  facet normal 0.987713 0 -0.156277
    outer loop
      vertex -15.3999 -44.5 53.7167
      vertex -15.3718 -50.8935 53.8943
      vertex -15.3999 -50.9135 53.7167
    endloop
  endfacet
  facet normal 0.974307 0 -0.225225
    outer loop
      vertex -15.297 -50.854 54.2459
      vertex -15.3375 -44.5 54.0707
      vertex -15.297 -44.5 54.2459
    endloop
  endfacet
  facet normal 0.974307 0 -0.225225
    outer loop
      vertex -15.3375 -44.5 54.0707
      vertex -15.297 -50.854 54.2459
      vertex -15.3375 -50.8737 54.0707
    endloop
  endfacet
  facet normal 0.485076 0 -0.874472
    outer loop
      vertex -12.875 -44.5 57.46
      vertex -12.7178 -50.4832 57.5472
      vertex -12.875 -50.493 57.46
    endloop
  endfacet
  facet normal 0.485076 0 -0.874472
    outer loop
      vertex -12.7178 -50.4832 57.5472
      vertex -12.875 -44.5 57.46
      vertex -12.7178 -44.5 57.5472
    endloop
  endfacet
  facet normal 0.515068 0 -0.857149
    outer loop
      vertex -13.0291 -44.5 57.3674
      vertex -12.875 -50.493 57.46
      vertex -13.0291 -50.5034 57.3674
    endloop
  endfacet
  facet normal 0.515068 0 -0.857149
    outer loop
      vertex -12.875 -50.493 57.46
      vertex -13.0291 -44.5 57.3674
      vertex -12.875 -44.5 57.46
    endloop
  endfacet
  facet normal 0.390493 0 -0.920606
    outer loop
      vertex -12.3947 -44.5 57.7048
      vertex -12.2292 -50.4576 57.775
      vertex -12.3947 -50.4655 57.7048
    endloop
  endfacet
  facet normal 0.390493 0 -0.920606
    outer loop
      vertex -12.2292 -50.4576 57.775
      vertex -12.3947 -44.5 57.7048
      vertex -12.2292 -44.5 57.775
    endloop
  endfacet
  facet normal 0.156277 0 -0.987713
    outer loop
      vertex -11.1943 -44.5 58.0718
      vertex -11.0167 -50.4211 58.0999
      vertex -11.1943 -50.4243 58.0718
    endloop
  endfacet
  facet normal 0.156277 0 -0.987713
    outer loop
      vertex -11.0167 -50.4211 58.0999
      vertex -11.1943 -44.5 58.0718
      vertex -11.0167 -44.5 58.0999
    endloop
  endfacet
  facet normal -0.933566 0 0.358405
    outer loop
      vertex -5.525 -44.5 51.0708
      vertex -5.46058 -51.1918 51.2386
      vertex -5.46058 -44.5 51.2386
    endloop
  endfacet
  facet normal -0.933566 0 0.358405
    outer loop
      vertex -5.46058 -51.1918 51.2386
      vertex -5.525 -44.5 51.0708
      vertex -5.525 -51.2107 51.0708
    endloop
  endfacet
  facet normal 0.707107 -0 0.707107
    outer loop
      vertex -14.0046 -51.3958 49.4225
      vertex -13.8775 -44.5 49.2954
      vertex -14.0046 -44.5 49.4225
    endloop
  endfacet
  facet normal 0.707107 0 0.707107
    outer loop
      vertex -13.8775 -44.5 49.2954
      vertex -14.0046 -51.3958 49.4225
      vertex -13.8775 -51.4101 49.2954
    endloop
  endfacet
  facet normal 0.987713 -0 0.156277
    outer loop
      vertex -15.3999 -51.0745 52.2833
      vertex -15.3718 -44.5 52.1057
      vertex -15.3999 -44.5 52.2833
    endloop
  endfacet
  facet normal 0.987713 0 0.156277
    outer loop
      vertex -15.3718 -44.5 52.1057
      vertex -15.3999 -51.0745 52.2833
      vertex -15.3718 -51.0944 52.1057
    endloop
  endfacet
  facet normal -0.258694 0 0.965959
    outer loop
      vertex -9.0541 -44.5131 48.003
      vertex -8.88047 -51.4909 48.0495
      vertex -8.88047 -44.5091 48.0495
    endloop
  endfacet
  facet normal -0.258694 0 0.965959
    outer loop
      vertex -8.88047 -51.4909 48.0495
      vertex -9.0541 -44.5131 48.003
      vertex -9.0541 -51.4868 48.003
    endloop
  endfacet
  facet normal -0.90629 0 -0.422657
    outer loop
      vertex -5.59524 -44.5 55.0947
      vertex -5.67121 -50.7404 55.2576
      vertex -5.67121 -44.5 55.2576
    endloop
  endfacet
  facet normal -0.90629 0 -0.422657
    outer loop
      vertex -5.67121 -50.7404 55.2576
      vertex -5.59524 -44.5 55.0947
      vertex -5.59524 -50.7587 55.0947
    endloop
  endfacet
  facet normal -0.933566 0 -0.358405
    outer loop
      vertex -5.46058 -44.5 54.7614
      vertex -5.525 -50.7773 54.9292
      vertex -5.525 -44.5 54.9292
    endloop
  endfacet
  facet normal -0.933566 0 -0.358405
    outer loop
      vertex -5.525 -50.7773 54.9292
      vertex -5.46058 -44.5 54.7614
      vertex -5.46058 -50.7961 54.7614
    endloop
  endfacet
  facet normal -0.96592 0 -0.25884
    outer loop
      vertex -5.30298 -44.5 54.2459
      vertex -5.3495 -50.8345 54.4195
      vertex -5.3495 -44.5 54.4195
    endloop
  endfacet
  facet normal -0.96592 0 -0.25884
    outer loop
      vertex -5.3495 -50.8345 54.4195
      vertex -5.30298 -44.5 54.2459
      vertex -5.30298 -50.854 54.2459
    endloop
  endfacet
  facet normal -0.945545 0 -0.32549
    outer loop
      vertex -5.40206 -44.5 54.5914
      vertex -5.46058 -50.7961 54.7614
      vertex -5.46058 -44.5 54.7614
    endloop
  endfacet
  facet normal -0.945545 0 -0.32549
    outer loop
      vertex -5.46058 -50.7961 54.7614
      vertex -5.40206 -44.5 54.5914
      vertex -5.40206 -50.8152 54.5914
    endloop
  endfacet
  facet normal -0.956297 0 -0.292397
    outer loop
      vertex -5.3495 -44.5 54.4195
      vertex -5.40206 -50.8152 54.5914
      vertex -5.40206 -44.5 54.5914
    endloop
  endfacet
  facet normal -0.956297 0 -0.292397
    outer loop
      vertex -5.40206 -50.8152 54.5914
      vertex -5.3495 -44.5 54.4195
      vertex -5.3495 -50.8345 54.4195
    endloop
  endfacet
  facet normal -0.707079 0 -0.707135
    outer loop
      vertex -6.72251 -50.5778 56.7046
      vertex -6.5954 -44.5 56.5775
      vertex -6.5954 -50.5921 56.5775
    endloop
  endfacet
  facet normal -0.707079 0 -0.707135
    outer loop
      vertex -6.5954 -44.5 56.5775
      vertex -6.72251 -50.5778 56.7046
      vertex -6.72251 -44.5 56.7046
    endloop
  endfacet
  facet normal -0.777137 0 -0.629331
    outer loop
      vertex -6.24174 -44.5 56.1707
      vertex -6.35487 -50.6221 56.3104
      vertex -6.35487 -44.5 56.3104
    endloop
  endfacet
  facet normal -0.777137 0 -0.629331
    outer loop
      vertex -6.35487 -50.6221 56.3104
      vertex -6.24174 -44.5 56.1707
      vertex -6.24174 -50.6378 56.1707
    endloop
  endfacet
  facet normal -0.731425 0 -0.681922
    outer loop
      vertex -6.4728 -44.5 56.446
      vertex -6.5954 -50.5921 56.5775
      vertex -6.5954 -44.5 56.5775
    endloop
  endfacet
  facet normal -0.731425 0 -0.681922
    outer loop
      vertex -6.5954 -50.5921 56.5775
      vertex -6.4728 -44.5 56.446
      vertex -6.4728 -50.6069 56.446
    endloop
  endfacet
  facet normal -0.754559 0 -0.656232
    outer loop
      vertex -6.35487 -44.5 56.3104
      vertex -6.4728 -50.6069 56.446
      vertex -6.4728 -44.5 56.446
    endloop
  endfacet
  facet normal -0.754559 0 -0.656232
    outer loop
      vertex -6.4728 -50.6069 56.446
      vertex -6.35487 -44.5 56.3104
      vertex -6.35487 -50.6221 56.3104
    endloop
  endfacet
  facet normal -0.891042 0 -0.45392
    outer loop
      vertex -5.67121 -44.5 55.2576
      vertex -5.75282 -50.7224 55.4178
      vertex -5.75282 -44.5 55.4178
    endloop
  endfacet
  facet normal -0.891042 0 -0.45392
    outer loop
      vertex -5.75282 -50.7224 55.4178
      vertex -5.67121 -44.5 55.2576
      vertex -5.67121 -50.7404 55.2576
    endloop
  endfacet
  facet normal -0.0172484 0 -0.999851
    outer loop
      vertex -10.3 -50.4155 58.15
      vertex -10.1203 -44.5 58.1469
      vertex -10.1203 -50.4158 58.1469
    endloop
  endfacet
  facet normal -0.0172484 0 -0.999851
    outer loop
      vertex -10.1203 -44.5 58.1469
      vertex -10.3 -50.4155 58.15
      vertex -10.3 -44.5 58.15
    endloop
  endfacet
  facet normal -0.190807 0 -0.981628
    outer loop
      vertex -9.40571 -50.4243 58.0718
      vertex -9.22925 -44.5 58.0375
      vertex -9.22925 -50.4281 58.0375
    endloop
  endfacet
  facet normal -0.190807 0 -0.981628
    outer loop
      vertex -9.22925 -44.5 58.0375
      vertex -9.40571 -50.4243 58.0718
      vertex -9.40571 -44.5 58.0718
    endloop
  endfacet
  facet normal -0.422751 0 -0.906246
    outer loop
      vertex -8.20531 -50.4655 57.7048
      vertex -8.04239 -44.5 57.6288
      vertex -8.04239 -50.474 57.6288
    endloop
  endfacet
  facet normal -0.422751 0 -0.906246
    outer loop
      vertex -8.04239 -44.5 57.6288
      vertex -8.20531 -50.4655 57.7048
      vertex -8.20531 -44.5 57.7048
    endloop
  endfacet
  facet normal -0.485029 0 -0.874498
    outer loop
      vertex -7.88222 -50.4832 57.5472
      vertex -7.725 -44.5 57.46
      vertex -7.725 -50.493 57.46
    endloop
  endfacet
  facet normal -0.485029 0 -0.874498
    outer loop
      vertex -7.725 -44.5 57.46
      vertex -7.88222 -50.4832 57.5472
      vertex -7.88222 -44.5 57.5472
    endloop
  endfacet
  facet normal -0.655972 0 -0.754785
    outer loop
      vertex -6.98964 -50.5508 56.9451
      vertex -6.85398 -44.5 56.8272
      vertex -6.85398 -50.5641 56.8272
    endloop
  endfacet
  facet normal -0.655972 0 -0.754785
    outer loop
      vertex -6.85398 -44.5 56.8272
      vertex -6.98964 -50.5508 56.9451
      vertex -6.98964 -44.5 56.9451
    endloop
  endfacet
  facet normal -0.601504 0 -0.79887
    outer loop
      vertex -7.27291 -50.526 57.1664
      vertex -7.12934 -44.5 57.0583
      vertex -7.12934 -50.5381 57.0583
    endloop
  endfacet
  facet normal -0.601504 0 -0.79887
    outer loop
      vertex -7.12934 -44.5 57.0583
      vertex -7.27291 -50.526 57.1664
      vertex -7.27291 -44.5 57.1664
    endloop
  endfacet
  facet normal -0.544621 0 -0.838682
    outer loop
      vertex -7.57092 -50.5034 57.3674
      vertex -7.42016 -44.5 57.2695
      vertex -7.42016 -50.5144 57.2695
    endloop
  endfacet
  facet normal -0.544621 0 -0.838682
    outer loop
      vertex -7.42016 -44.5 57.2695
      vertex -7.57092 -50.5034 57.3674
      vertex -7.57092 -44.5 57.3674
    endloop
  endfacet
  facet normal 0.798931 0 -0.601423
    outer loop
      vertex -14.3583 -50.6378 56.1707
      vertex -14.4664 -44.5 56.0271
      vertex -14.3583 -44.5 56.1707
    endloop
  endfacet
  facet normal 0.798931 0 -0.601423
    outer loop
      vertex -14.4664 -44.5 56.0271
      vertex -14.3583 -50.6378 56.1707
      vertex -14.4664 -50.6539 56.0271
    endloop
  endfacet
  facet normal 0.933603 0 -0.358308
    outer loop
      vertex -15.075 -50.7773 54.9292
      vertex -15.1394 -44.5 54.7614
      vertex -15.075 -44.5 54.9292
    endloop
  endfacet
  facet normal 0.933603 0 -0.358308
    outer loop
      vertex -15.1394 -44.5 54.7614
      vertex -15.075 -50.7773 54.9292
      vertex -15.1394 -50.7961 54.7614
    endloop
  endfacet
  facet normal 0.906226 0 -0.422794
    outer loop
      vertex -14.9288 -50.7404 55.2576
      vertex -15.0048 -44.5 55.0947
      vertex -14.9288 -44.5 55.2576
    endloop
  endfacet
  facet normal 0.906226 0 -0.422794
    outer loop
      vertex -15.0048 -44.5 55.0947
      vertex -14.9288 -50.7404 55.2576
      vertex -15.0048 -50.7587 55.0947
    endloop
  endfacet
  facet normal 0.874472 0 -0.485076
    outer loop
      vertex -14.76 -50.7047 55.575
      vertex -14.8472 -44.5 55.4178
      vertex -14.76 -44.5 55.575
    endloop
  endfacet
  facet normal 0.874472 0 -0.485076
    outer loop
      vertex -14.8472 -44.5 55.4178
      vertex -14.76 -50.7047 55.575
      vertex -14.8472 -50.7224 55.4178
    endloop
  endfacet
  facet normal 0.999851 0 -0.0172484
    outer loop
      vertex -15.4469 -50.9738 53.1797
      vertex -15.45 -44.5 53
      vertex -15.4469 -44.5 53.1797
    endloop
  endfacet
  facet normal 0.999851 0 -0.0172484
    outer loop
      vertex -15.45 -44.5 53
      vertex -15.4469 -50.9738 53.1797
      vertex -15.45 -50.994 53
    endloop
  endfacet
  facet normal 0.981615 0 -0.19087
    outer loop
      vertex -15.3375 -50.8737 54.0707
      vertex -15.3718 -44.5 53.8943
      vertex -15.3375 -44.5 54.0707
    endloop
  endfacet
  facet normal 0.981615 0 -0.19087
    outer loop
      vertex -15.3718 -44.5 53.8943
      vertex -15.3375 -50.8737 54.0707
      vertex -15.3718 -50.8935 53.8943
    endloop
  endfacet
  facet normal 0.992549 0 -0.121843
    outer loop
      vertex -15.3999 -50.9135 53.7167
      vertex -15.4218 -44.5 53.5383
      vertex -15.3999 -44.5 53.7167
    endloop
  endfacet
  facet normal 0.992549 0 -0.121843
    outer loop
      vertex -15.4218 -44.5 53.5383
      vertex -15.3999 -50.9135 53.7167
      vertex -15.4218 -50.9335 53.5383
    endloop
  endfacet
  facet normal 0.731425 0 -0.681922
    outer loop
      vertex -14.0046 -50.5921 56.5775
      vertex -14.1272 -44.5 56.446
      vertex -14.0046 -44.5 56.5775
    endloop
  endfacet
  facet normal 0.731425 0 -0.681922
    outer loop
      vertex -14.1272 -44.5 56.446
      vertex -14.0046 -50.5921 56.5775
      vertex -14.1272 -50.6069 56.446
    endloop
  endfacet
  facet normal 0.681922 0 -0.731425
    outer loop
      vertex -13.8775 -44.5 56.7046
      vertex -13.746 -50.5641 56.8272
      vertex -13.8775 -50.5778 56.7046
    endloop
  endfacet
  facet normal 0.681922 0 -0.731425
    outer loop
      vertex -13.746 -50.5641 56.8272
      vertex -13.8775 -44.5 56.7046
      vertex -13.746 -44.5 56.8272
    endloop
  endfacet
  facet normal 0.601423 0 -0.798931
    outer loop
      vertex -13.4707 -44.5 57.0583
      vertex -13.3271 -50.526 57.1664
      vertex -13.4707 -50.5381 57.0583
    endloop
  endfacet
  facet normal 0.601423 0 -0.798931
    outer loop
      vertex -13.3271 -50.526 57.1664
      vertex -13.4707 -44.5 57.0583
      vertex -13.3271 -44.5 57.1664
    endloop
  endfacet
  facet normal 0.358308 0 -0.933603
    outer loop
      vertex -12.2292 -44.5 57.775
      vertex -12.0614 -50.4504 57.8394
      vertex -12.2292 -50.4576 57.775
    endloop
  endfacet
  facet normal 0.358308 0 -0.933603
    outer loop
      vertex -12.0614 -50.4504 57.8394
      vertex -12.2292 -44.5 57.775
      vertex -12.0614 -44.5 57.8394
    endloop
  endfacet
  facet normal 0.258736 0 -0.965948
    outer loop
      vertex -11.7195 -44.5 57.9505
      vertex -11.5459 -50.4327 57.997
      vertex -11.7195 -50.4379 57.9505
    endloop
  endfacet
  facet normal 0.258736 0 -0.965948
    outer loop
      vertex -11.5459 -50.4327 57.997
      vertex -11.7195 -44.5 57.9505
      vertex -11.5459 -44.5 57.997
    endloop
  endfacet
  facet normal 0.052296 0 -0.998632
    outer loop
      vertex -10.6592 -50.4169 58.1375
      vertex -10.4797 -44.5 58.1469
      vertex -10.4797 -50.4158 58.1469
    endloop
  endfacet
  facet normal 0.052296 0 -0.998632
    outer loop
      vertex -10.4797 -44.5 58.1469
      vertex -10.6592 -50.4169 58.1375
      vertex -10.6592 -44.5 58.1375
    endloop
  endfacet
  facet normal 0.121843 0 -0.992549
    outer loop
      vertex -11.0167 -44.5 58.0999
      vertex -10.8383 -50.4187 58.1218
      vertex -11.0167 -50.4211 58.0999
    endloop
  endfacet
  facet normal 0.121843 0 -0.992549
    outer loop
      vertex -10.8383 -50.4187 58.1218
      vertex -11.0167 -44.5 58.0999
      vertex -10.8383 -44.5 58.1218
    endloop
  endfacet
  facet normal -0.97438 0 0.224908
    outer loop
      vertex -5.30298 -44.5 51.7541
      vertex -5.26254 -51.1143 51.9293
      vertex -5.26254 -44.5 51.9293
    endloop
  endfacet
  facet normal -0.97438 0 0.224908
    outer loop
      vertex -5.26254 -51.1143 51.9293
      vertex -5.30298 -44.5 51.7541
      vertex -5.30298 -51.1339 51.7541
    endloop
  endfacet
  facet normal -0.629566 0 0.776947
    outer loop
      vertex -7.12934 -44.5 48.9417
      vertex -6.98964 -51.4371 49.0549
      vertex -6.98964 -44.5 49.0549
    endloop
  endfacet
  facet normal -0.629566 0 0.776947
    outer loop
      vertex -6.98964 -51.4371 49.0549
      vertex -7.12934 -44.5 48.9417
      vertex -7.12934 -51.4498 48.9417
    endloop
  endfacet
  facet normal -0.777137 0 0.629331
    outer loop
      vertex -6.35487 -44.5 49.6896
      vertex -6.24174 -51.3501 49.8293
      vertex -6.24174 -44.5 49.8293
    endloop
  endfacet
  facet normal -0.777137 0 0.629331
    outer loop
      vertex -6.24174 -51.3501 49.8293
      vertex -6.35487 -44.5 49.6896
      vertex -6.35487 -51.3658 49.6896
    endloop
  endfacet
  facet normal 0.819258 -0 0.573425
    outer loop
      vertex -14.5695 -51.3175 50.1202
      vertex -14.4664 -44.5 49.9729
      vertex -14.5695 -44.5 50.1202
    endloop
  endfacet
  facet normal 0.819258 0 0.573425
    outer loop
      vertex -14.4664 -44.5 49.9729
      vertex -14.5695 -51.3175 50.1202
      vertex -14.4664 -51.334 49.9729
    endloop
  endfacet
  facet normal 0.933603 -0 0.358308
    outer loop
      vertex -15.1394 -51.1918 51.2386
      vertex -15.075 -44.5 51.0708
      vertex -15.1394 -44.5 51.2386
    endloop
  endfacet
  facet normal 0.933603 0 0.358308
    outer loop
      vertex -15.075 -44.5 51.0708
      vertex -15.1394 -51.1918 51.2386
      vertex -15.075 -51.2107 51.0708
    endloop
  endfacet
  facet normal 0.956235 -0 0.2926
    outer loop
      vertex -15.2505 -51.1534 51.5805
      vertex -15.1979 -44.5 51.4086
      vertex -15.2505 -44.5 51.5805
    endloop
  endfacet
  facet normal 0.956235 0 0.2926
    outer loop
      vertex -15.1979 -44.5 51.4086
      vertex -15.2505 -51.1534 51.5805
      vertex -15.1979 -51.1727 51.4086
    endloop
  endfacet
  facet normal 0.992549 -0 0.121843
    outer loop
      vertex -15.4218 -51.0544 52.4617
      vertex -15.3999 -44.5 52.2833
      vertex -15.4218 -44.5 52.4617
    endloop
  endfacet
  facet normal 0.992549 0 0.121843
    outer loop
      vertex -15.3999 -44.5 52.2833
      vertex -15.4218 -51.0544 52.4617
      vertex -15.3999 -51.0745 52.2833
    endloop
  endfacet
  facet normal 0.99618 -0 0.0873256
    outer loop
      vertex -15.4375 -51.0343 52.6408
      vertex -15.4218 -44.5 52.4617
      vertex -15.4375 -44.5 52.6408
    endloop
  endfacet
  facet normal 0.99618 0 0.0873256
    outer loop
      vertex -15.4218 -44.5 52.4617
      vertex -15.4375 -51.0343 52.6408
      vertex -15.4218 -51.0544 52.4617
    endloop
  endfacet
  facet normal -0.0172484 0 0.999851
    outer loop
      vertex -10.3 -44.5295 47.85
      vertex -10.1203 -51.4709 47.8531
      vertex -10.1203 -44.5291 47.8531
    endloop
  endfacet
  facet normal -0.0172484 0 0.999851
    outer loop
      vertex -10.1203 -51.4709 47.8531
      vertex -10.3 -44.5295 47.85
      vertex -10.3 -51.4705 47.85
    endloop
  endfacet
  facet normal -0.0522815 0 0.998632
    outer loop
      vertex -10.1203 -44.5291 47.8531
      vertex -9.94075 -51.472 47.8625
      vertex -9.94075 -44.528 47.8625
    endloop
  endfacet
  facet normal -0.0522815 0 0.998632
    outer loop
      vertex -9.94075 -51.472 47.8625
      vertex -10.1203 -44.5291 47.8531
      vertex -10.1203 -51.4709 47.8531
    endloop
  endfacet
  facet normal -0.15632 0 0.987707
    outer loop
      vertex -9.58326 -44.5233 47.9001
      vertex -9.40571 -51.4801 47.9282
      vertex -9.40571 -44.5199 47.9282
    endloop
  endfacet
  facet normal -0.15632 0 0.987707
    outer loop
      vertex -9.40571 -51.4801 47.9282
      vertex -9.58326 -44.5233 47.9001
      vertex -9.58326 -51.4766 47.9001
    endloop
  endfacet
  facet normal -0.42257 0 0.90633
    outer loop
      vertex -8.1951 -44.5 48.3
      vertex -8.04239 -51.4988 48.3712
      vertex -8.04239 -44.5 48.3712
    endloop
  endfacet
  facet normal -0.42257 0 0.90633
    outer loop
      vertex -8.1951 -44.5 48.3
      vertex -8.1951 -51.5 48.3
      vertex -8.04239 -51.4988 48.3712
    endloop
  endfacet
  facet normal -0.425456 0 0.904979
    outer loop
      vertex -8.20531 -44.5001 48.2952
      vertex -8.1951 -51.5 48.3
      vertex -8.1951 -44.5 48.3
    endloop
  endfacet
  facet normal -0.425456 0 0.904979
    outer loop
      vertex -8.1951 -51.5 48.3
      vertex -8.20531 -44.5001 48.2952
      vertex -8.20531 -51.4999 48.2952
    endloop
  endfacet
  facet normal -0.358037 0 0.933708
    outer loop
      vertex -8.49361 -44.5021 48.1779
      vertex -8.37078 -51.4987 48.225
      vertex -8.37078 -44.5013 48.225
    endloop
  endfacet
  facet normal -0.358037 0 0.933708
    outer loop
      vertex -8.49361 -44.5021 48.1779
      vertex -8.49361 -51.4979 48.1779
      vertex -8.37078 -51.4987 48.225
    endloop
  endfacet
  facet normal -0.35891 0 0.933372
    outer loop
      vertex -8.5386 -44.503 48.1606
      vertex -8.49361 -51.4979 48.1779
      vertex -8.49361 -44.5021 48.1779
    endloop
  endfacet
  facet normal -0.35891 0 0.933372
    outer loop
      vertex -8.49361 -51.4979 48.1779
      vertex -8.5386 -44.503 48.1606
      vertex -8.5386 -51.497 48.1606
    endloop
  endfacet
  facet normal -0.998632 0 -0.052296
    outer loop
      vertex -5.15314 -44.5 53.1797
      vertex -5.16254 -50.9536 53.3592
      vertex -5.16254 -44.5 53.3592
    endloop
  endfacet
  facet normal -0.998632 0 -0.052296
    outer loop
      vertex -5.16254 -50.9536 53.3592
      vertex -5.15314 -44.5 53.1797
      vertex -5.15314 -50.9738 53.1797
    endloop
  endfacet
  facet normal -0.987696 0 -0.156385
    outer loop
      vertex -5.20012 -44.5 53.7167
      vertex -5.22824 -50.8935 53.8943
      vertex -5.22824 -44.5 53.8943
    endloop
  endfacet
  facet normal -0.987696 0 -0.156385
    outer loop
      vertex -5.22824 -50.8935 53.8943
      vertex -5.20012 -44.5 53.7167
      vertex -5.20012 -50.9135 53.7167
    endloop
  endfacet
  facet normal -0.920526 0 -0.390681
    outer loop
      vertex -5.525 -44.5 54.9292
      vertex -5.59524 -50.7587 55.0947
      vertex -5.59524 -44.5 55.0947
    endloop
  endfacet
  facet normal -0.920526 0 -0.390681
    outer loop
      vertex -5.59524 -50.7587 55.0947
      vertex -5.525 -44.5 54.9292
      vertex -5.525 -50.7773 54.9292
    endloop
  endfacet
  facet normal -0.838558 0 -0.544812
    outer loop
      vertex -5.93255 -44.5 55.7291
      vertex -6.03046 -50.6705 55.8798
      vertex -6.03046 -44.5 55.8798
    endloop
  endfacet
  facet normal -0.838558 0 -0.544812
    outer loop
      vertex -6.03046 -50.6705 55.8798
      vertex -5.93255 -44.5 55.7291
      vertex -5.93255 -50.6874 55.7291
    endloop
  endfacet
  facet normal -0.87459 0 -0.484863
    outer loop
      vertex -5.75282 -44.5 55.4178
      vertex -5.83997 -50.7047 55.575
      vertex -5.83997 -44.5 55.575
    endloop
  endfacet
  facet normal -0.87459 0 -0.484863
    outer loop
      vertex -5.83997 -50.7047 55.575
      vertex -5.75282 -44.5 55.4178
      vertex -5.75282 -50.7224 55.4178
    endloop
  endfacet
  facet normal -0.325459 0 -0.945556
    outer loop
      vertex -8.70856 -50.4438 57.8979
      vertex -8.5386 -44.5 57.8394
      vertex -8.5386 -50.4504 57.8394
    endloop
  endfacet
  facet normal -0.325459 0 -0.945556
    outer loop
      vertex -8.5386 -44.5 57.8394
      vertex -8.70856 -50.4438 57.8979
      vertex -8.70856 -44.5 57.8979
    endloop
  endfacet
  facet normal -0.225286 0 -0.974293
    outer loop
      vertex -9.22925 -50.4281 58.0375
      vertex -9.0541 -44.5 57.997
      vertex -9.0541 -50.4327 57.997
    endloop
  endfacet
  facet normal -0.225286 0 -0.974293
    outer loop
      vertex -9.0541 -44.5 57.997
      vertex -9.22925 -50.4281 58.0375
      vertex -9.22925 -44.5 58.0375
    endloop
  endfacet
  facet normal -0.0873402 0 -0.996179
    outer loop
      vertex -9.94075 -50.4169 58.1375
      vertex -9.76168 -44.5 58.1218
      vertex -9.76168 -50.4187 58.1218
    endloop
  endfacet
  facet normal -0.0873402 0 -0.996179
    outer loop
      vertex -9.76168 -44.5 58.1218
      vertex -9.94075 -50.4169 58.1375
      vertex -9.94075 -44.5 58.1375
    endloop
  endfacet
  facet normal -0.629566 0 -0.776947
    outer loop
      vertex -7.12934 -50.5381 57.0583
      vertex -6.98964 -44.5 56.9451
      vertex -6.98964 -50.5508 56.9451
    endloop
  endfacet
  facet normal -0.629566 0 -0.776947
    outer loop
      vertex -6.98964 -44.5 56.9451
      vertex -7.12934 -50.5381 57.0583
      vertex -7.12934 -44.5 57.0583
    endloop
  endfacet
  facet normal 0.838583 0 -0.544773
    outer loop
      vertex -14.5695 -50.6705 55.8798
      vertex -14.6674 -44.5 55.7291
      vertex -14.5695 -44.5 55.8798
    endloop
  endfacet
  facet normal 0.838583 0 -0.544773
    outer loop
      vertex -14.6674 -44.5 55.7291
      vertex -14.5695 -50.6705 55.8798
      vertex -14.6674 -50.6874 55.7291
    endloop
  endfacet
  facet normal 0.754641 0 -0.656137
    outer loop
      vertex -14.1272 -50.6069 56.446
      vertex -14.2451 -44.5 56.3104
      vertex -14.1272 -44.5 56.446
    endloop
  endfacet
  facet normal 0.754641 0 -0.656137
    outer loop
      vertex -14.2451 -44.5 56.3104
      vertex -14.1272 -50.6069 56.446
      vertex -14.2451 -50.6221 56.3104
    endloop
  endfacet
  facet normal 0.920606 0 -0.390493
    outer loop
      vertex -15.0048 -50.7587 55.0947
      vertex -15.075 -44.5 54.9292
      vertex -15.0048 -44.5 55.0947
    endloop
  endfacet
  facet normal 0.920606 0 -0.390493
    outer loop
      vertex -15.075 -44.5 54.9292
      vertex -15.0048 -50.7587 55.0947
      vertex -15.075 -50.7773 54.9292
    endloop
  endfacet
  facet normal 0.956235 0 -0.2926
    outer loop
      vertex -15.1979 -50.8152 54.5914
      vertex -15.2505 -44.5 54.4195
      vertex -15.1979 -44.5 54.5914
    endloop
  endfacet
  facet normal 0.956235 0 -0.2926
    outer loop
      vertex -15.2505 -44.5 54.4195
      vertex -15.1979 -50.8152 54.5914
      vertex -15.2505 -50.8345 54.4195
    endloop
  endfacet
  facet normal 0.94558 0 -0.325391
    outer loop
      vertex -15.1394 -50.7961 54.7614
      vertex -15.1979 -44.5 54.5914
      vertex -15.1394 -44.5 54.7614
    endloop
  endfacet
  facet normal 0.94558 0 -0.325391
    outer loop
      vertex -15.1979 -44.5 54.5914
      vertex -15.1394 -50.7961 54.7614
      vertex -15.1979 -50.8152 54.5914
    endloop
  endfacet
  facet normal 0.99618 0 -0.0873256
    outer loop
      vertex -15.4218 -50.9335 53.5383
      vertex -15.4375 -44.5 53.3592
      vertex -15.4218 -44.5 53.5383
    endloop
  endfacet
  facet normal 0.99618 0 -0.0873256
    outer loop
      vertex -15.4375 -44.5 53.3592
      vertex -15.4218 -50.9335 53.5383
      vertex -15.4375 -50.9536 53.3592
    endloop
  endfacet
  facet normal 0.998632 0 -0.052296
    outer loop
      vertex -15.4375 -50.9536 53.3592
      vertex -15.4469 -44.5 53.1797
      vertex -15.4375 -44.5 53.3592
    endloop
  endfacet
  facet normal 0.998632 0 -0.052296
    outer loop
      vertex -15.4469 -44.5 53.1797
      vertex -15.4375 -50.9536 53.3592
      vertex -15.4469 -50.9738 53.1797
    endloop
  endfacet
  facet normal 0.707107 0 -0.707107
    outer loop
      vertex -14.0046 -44.5 56.5775
      vertex -13.8775 -50.5778 56.7046
      vertex -14.0046 -50.5921 56.5775
    endloop
  endfacet
  facet normal 0.707107 0 -0.707107
    outer loop
      vertex -13.8775 -50.5778 56.7046
      vertex -14.0046 -44.5 56.5775
      vertex -13.8775 -44.5 56.7046
    endloop
  endfacet
  facet normal 0.453876 0 -0.891065
    outer loop
      vertex -12.7178 -44.5 57.5472
      vertex -12.5576 -50.474 57.6288
      vertex -12.7178 -50.4832 57.5472
    endloop
  endfacet
  facet normal 0.453876 0 -0.891065
    outer loop
      vertex -12.5576 -50.474 57.6288
      vertex -12.7178 -44.5 57.5472
      vertex -12.5576 -44.5 57.6288
    endloop
  endfacet
  facet normal 0.422794 0 -0.906226
    outer loop
      vertex -12.5576 -44.5 57.6288
      vertex -12.3947 -50.4655 57.7048
      vertex -12.5576 -50.474 57.6288
    endloop
  endfacet
  facet normal 0.422794 0 -0.906226
    outer loop
      vertex -12.3947 -50.4655 57.7048
      vertex -12.5576 -44.5 57.6288
      vertex -12.3947 -44.5 57.7048
    endloop
  endfacet
  facet normal 0.544773 0 -0.838583
    outer loop
      vertex -13.1798 -44.5 57.2695
      vertex -13.0291 -50.5034 57.3674
      vertex -13.1798 -50.5144 57.2695
    endloop
  endfacet
  facet normal 0.544773 0 -0.838583
    outer loop
      vertex -13.0291 -50.5034 57.3674
      vertex -13.1798 -44.5 57.2695
      vertex -13.0291 -44.5 57.3674
    endloop
  endfacet
  facet normal 0.573425 0 -0.819258
    outer loop
      vertex -13.3271 -44.5 57.1664
      vertex -13.1798 -50.5144 57.2695
      vertex -13.3271 -50.526 57.1664
    endloop
  endfacet
  facet normal 0.573425 0 -0.819258
    outer loop
      vertex -13.1798 -50.5144 57.2695
      vertex -13.3271 -44.5 57.1664
      vertex -13.1798 -44.5 57.2695
    endloop
  endfacet
  facet normal 0.629566 0 -0.776947
    outer loop
      vertex -13.6104 -44.5 56.9451
      vertex -13.4707 -50.5381 57.0583
      vertex -13.6104 -50.5508 56.9451
    endloop
  endfacet
  facet normal 0.629566 0 -0.776947
    outer loop
      vertex -13.4707 -50.5381 57.0583
      vertex -13.6104 -44.5 56.9451
      vertex -13.4707 -44.5 57.0583
    endloop
  endfacet
  facet normal 0.656137 0 -0.754641
    outer loop
      vertex -13.746 -44.5 56.8272
      vertex -13.6104 -50.5508 56.9451
      vertex -13.746 -50.5641 56.8272
    endloop
  endfacet
  facet normal 0.656137 0 -0.754641
    outer loop
      vertex -13.6104 -50.5508 56.9451
      vertex -13.746 -44.5 56.8272
      vertex -13.6104 -44.5 56.9451
    endloop
  endfacet
  facet normal 0.2926 0 -0.956235
    outer loop
      vertex -11.8914 -44.5 57.8979
      vertex -11.7195 -50.4379 57.9505
      vertex -11.8914 -50.4438 57.8979
    endloop
  endfacet
  facet normal 0.2926 0 -0.956235
    outer loop
      vertex -11.7195 -50.4379 57.9505
      vertex -11.8914 -44.5 57.8979
      vertex -11.7195 -44.5 57.9505
    endloop
  endfacet
  facet normal 0.325391 0 -0.94558
    outer loop
      vertex -12.0614 -44.5 57.8394
      vertex -11.8914 -50.4438 57.8979
      vertex -12.0614 -50.4504 57.8394
    endloop
  endfacet
  facet normal 0.325391 0 -0.94558
    outer loop
      vertex -11.8914 -50.4438 57.8979
      vertex -12.0614 -44.5 57.8394
      vertex -11.8914 -44.5 57.8979
    endloop
  endfacet
  facet normal 0.0873256 0 -0.99618
    outer loop
      vertex -10.8383 -50.4187 58.1218
      vertex -10.6592 -44.5 58.1375
      vertex -10.6592 -50.4169 58.1375
    endloop
  endfacet
  facet normal 0.0873256 0 -0.99618
    outer loop
      vertex -10.6592 -44.5 58.1375
      vertex -10.8383 -50.4187 58.1218
      vertex -10.8383 -44.5 58.1218
    endloop
  endfacet
  facet normal 0.19087 0 -0.981615
    outer loop
      vertex -11.3707 -44.5 58.0375
      vertex -11.1943 -50.4243 58.0718
      vertex -11.3707 -50.4281 58.0375
    endloop
  endfacet
  facet normal 0.19087 0 -0.981615
    outer loop
      vertex -11.1943 -50.4243 58.0718
      vertex -11.3707 -44.5 58.0375
      vertex -11.1943 -44.5 58.0718
    endloop
  endfacet
  facet normal 0.225225 0 -0.974307
    outer loop
      vertex -11.5459 -44.5 57.997
      vertex -11.3707 -50.4281 58.0375
      vertex -11.5459 -50.4327 57.997
    endloop
  endfacet
  facet normal 0.225225 0 -0.974307
    outer loop
      vertex -11.3707 -50.4281 58.0375
      vertex -11.5459 -44.5 57.997
      vertex -11.3707 -44.5 58.0375
    endloop
  endfacet
  facet normal -0.999847 0 0.0174709
    outer loop
      vertex -5.15314 -44.5 52.8203
      vertex -5.15 -50.994 53
      vertex -5.15 -44.5 53
    endloop
  endfacet
  facet normal -0.999847 0 0.0174709
    outer loop
      vertex -5.15 -50.994 53
      vertex -5.15314 -44.5 52.8203
      vertex -5.15314 -51.0142 52.8203
    endloop
  endfacet
  facet normal -0.992543 0 0.121898
    outer loop
      vertex -5.20012 -44.5 52.2833
      vertex -5.17821 -51.0544 52.4617
      vertex -5.17821 -44.5 52.4617
    endloop
  endfacet
  facet normal -0.992543 0 0.121898
    outer loop
      vertex -5.17821 -51.0544 52.4617
      vertex -5.20012 -44.5 52.2833
      vertex -5.20012 -51.0745 52.2833
    endloop
  endfacet
  facet normal -0.996194 0 0.0871601
    outer loop
      vertex -5.17821 -44.5 52.4617
      vertex -5.16254 -51.0343 52.6408
      vertex -5.16254 -44.5 52.6408
    endloop
  endfacet
  facet normal -0.996194 0 0.0871601
    outer loop
      vertex -5.16254 -51.0343 52.6408
      vertex -5.17821 -44.5 52.4617
      vertex -5.17821 -51.0544 52.4617
    endloop
  endfacet
  facet normal -0.857198 0 0.514986
    outer loop
      vertex -5.93255 -44.5 50.2709
      vertex -5.83997 -51.2832 50.425
      vertex -5.83997 -44.5 50.425
    endloop
  endfacet
  facet normal -0.857198 0 0.514986
    outer loop
      vertex -5.83997 -51.2832 50.425
      vertex -5.93255 -44.5 50.2709
      vertex -5.93255 -51.3005 50.2709
    endloop
  endfacet
  facet normal -0.90629 0 0.422657
    outer loop
      vertex -5.67121 -44.5 50.7424
      vertex -5.59524 -51.2293 50.9053
      vertex -5.59524 -44.5 50.9053
    endloop
  endfacet
  facet normal -0.90629 0 0.422657
    outer loop
      vertex -5.59524 -51.2293 50.9053
      vertex -5.67121 -44.5 50.7424
      vertex -5.67121 -51.2476 50.7424
    endloop
  endfacet
  facet normal -0.945545 0 0.32549
    outer loop
      vertex -5.46058 -44.5 51.2386
      vertex -5.40206 -51.1727 51.4086
      vertex -5.40206 -44.5 51.4086
    endloop
  endfacet
  facet normal -0.945545 0 0.32549
    outer loop
      vertex -5.40206 -51.1727 51.4086
      vertex -5.46058 -44.5 51.2386
      vertex -5.46058 -51.1918 51.2386
    endloop
  endfacet
  facet normal -0.987696 0 0.156385
    outer loop
      vertex -5.22824 -44.5 52.1057
      vertex -5.20012 -51.0745 52.2833
      vertex -5.20012 -44.5 52.2833
    endloop
  endfacet
  facet normal -0.987696 0 0.156385
    outer loop
      vertex -5.20012 -51.0745 52.2833
      vertex -5.22824 -44.5 52.1057
      vertex -5.22824 -51.0944 52.1057
    endloop
  endfacet
  facet normal -0.731425 0 0.681922
    outer loop
      vertex -6.5954 -44.5 49.4225
      vertex -6.4728 -51.3811 49.554
      vertex -6.4728 -44.5 49.554
    endloop
  endfacet
  facet normal -0.731425 0 0.681922
    outer loop
      vertex -6.4728 -51.3811 49.554
      vertex -6.5954 -44.5 49.4225
      vertex -6.5954 -51.3958 49.4225
    endloop
  endfacet
  facet normal -0.754559 0 0.656232
    outer loop
      vertex -6.4728 -44.5 49.554
      vertex -6.35487 -51.3658 49.6896
      vertex -6.35487 -44.5 49.6896
    endloop
  endfacet
  facet normal -0.754559 0 0.656232
    outer loop
      vertex -6.35487 -51.3658 49.6896
      vertex -6.4728 -44.5 49.554
      vertex -6.4728 -51.3811 49.554
    endloop
  endfacet
  facet normal -0.838558 0 0.544812
    outer loop
      vertex -6.03046 -44.5 50.1202
      vertex -5.93255 -51.3005 50.2709
      vertex -5.93255 -44.5 50.2709
    endloop
  endfacet
  facet normal -0.838558 0 0.544812
    outer loop
      vertex -5.93255 -51.3005 50.2709
      vertex -6.03046 -44.5 50.1202
      vertex -6.03046 -51.3175 50.1202
    endloop
  endfacet
  facet normal -0.453943 0 0.891031
    outer loop
      vertex -8.04239 -44.5 48.3712
      vertex -7.88222 -51.4963 48.4528
      vertex -7.88222 -44.5 48.4528
    endloop
  endfacet
  facet normal -0.454302 -1.03558e-05 0.890848
    outer loop
      vertex -7.88222 -51.4963 48.4528
      vertex -8.04239 -44.5 48.3712
      vertex -7.94242 -51.4979 48.4221
    endloop
  endfacet
  facet normal -0.453727 0 0.891141
    outer loop
      vertex -7.94242 -51.4979 48.4221
      vertex -8.04239 -44.5 48.3712
      vertex -8.04239 -51.4988 48.3712
    endloop
  endfacet
  facet normal 0.258736 0 0.965948
    outer loop
      vertex -11.7195 -44.5091 48.0495
      vertex -11.5459 -51.4868 48.003
      vertex -11.5459 -44.5131 48.003
    endloop
  endfacet
  facet normal 0.258736 0 0.965948
    outer loop
      vertex -11.5459 -51.4868 48.003
      vertex -11.7195 -44.5091 48.0495
      vertex -11.7195 -51.4909 48.0495
    endloop
  endfacet
  facet normal 0.94558 -0 0.325391
    outer loop
      vertex -15.1979 -51.1727 51.4086
      vertex -15.1394 -44.5 51.2386
      vertex -15.1979 -44.5 51.4086
    endloop
  endfacet
  facet normal 0.94558 0 0.325391
    outer loop
      vertex -15.1394 -44.5 51.2386
      vertex -15.1979 -51.1727 51.4086
      vertex -15.1394 -51.1918 51.2386
    endloop
  endfacet
  facet normal 0.965948 -0 0.258736
    outer loop
      vertex -15.297 -51.1339 51.7541
      vertex -15.2505 -44.5 51.5805
      vertex -15.297 -44.5 51.7541
    endloop
  endfacet
  facet normal 0.965948 0 0.258736
    outer loop
      vertex -15.2505 -44.5 51.5805
      vertex -15.297 -51.1339 51.7541
      vertex -15.2505 -51.1534 51.5805
    endloop
  endfacet
  facet normal 0.998632 -0 0.052296
    outer loop
      vertex -15.4469 -51.0142 52.8203
      vertex -15.4375 -44.5 52.6408
      vertex -15.4469 -44.5 52.8203
    endloop
  endfacet
  facet normal 0.998632 0 0.052296
    outer loop
      vertex -15.4375 -44.5 52.6408
      vertex -15.4469 -51.0142 52.8203
      vertex -15.4375 -51.0343 52.6408
    endloop
  endfacet
  facet normal -0.12183 0 0.992551
    outer loop
      vertex -9.76168 -44.526 47.8782
      vertex -9.58326 -51.4766 47.9001
      vertex -9.58326 -44.5233 47.9001
    endloop
  endfacet
  facet normal -0.12183 0 0.992551
    outer loop
      vertex -9.58326 -51.4766 47.9001
      vertex -9.76168 -44.526 47.8782
      vertex -9.76168 -51.474 47.8782
    endloop
  endfacet
  facet normal -0.0873402 0 0.996179
    outer loop
      vertex -9.94075 -44.528 47.8625
      vertex -9.76168 -51.474 47.8782
      vertex -9.76168 -44.526 47.8782
    endloop
  endfacet
  facet normal -0.0873402 0 0.996179
    outer loop
      vertex -9.76168 -51.474 47.8782
      vertex -9.94075 -44.528 47.8625
      vertex -9.94075 -51.472 47.8625
    endloop
  endfacet
  facet normal -0.225286 0 0.974293
    outer loop
      vertex -9.22925 -44.5167 47.9625
      vertex -9.0541 -51.4868 48.003
      vertex -9.0541 -44.5131 48.003
    endloop
  endfacet
  facet normal -0.225286 0 0.974293
    outer loop
      vertex -9.0541 -51.4868 48.003
      vertex -9.22925 -44.5167 47.9625
      vertex -9.22925 -51.4833 47.9625
    endloop
  endfacet
  facet normal -0.190218 0 0.981742
    outer loop
      vertex -9.37531 -44.5192 47.9342
      vertex -9.22925 -51.4833 47.9625
      vertex -9.22925 -44.5167 47.9625
    endloop
  endfacet
  facet normal -0.190218 0 0.981742
    outer loop
      vertex -9.37531 -44.5192 47.9342
      vertex -9.37531 -51.4808 47.9342
      vertex -9.22925 -51.4833 47.9625
    endloop
  endfacet
  facet normal -0.193633 0 0.981074
    outer loop
      vertex -9.40571 -44.5199 47.9282
      vertex -9.37531 -51.4808 47.9342
      vertex -9.37531 -44.5192 47.9342
    endloop
  endfacet
  facet normal -0.193633 0 0.981074
    outer loop
      vertex -9.37531 -51.4808 47.9342
      vertex -9.40571 -44.5199 47.9282
      vertex -9.40571 -51.4801 47.9282
    endloop
  endfacet
  facet normal 0.819258 0 -0.573425
    outer loop
      vertex -14.4664 -50.6539 56.0271
      vertex -14.5695 -44.5 55.8798
      vertex -14.4664 -44.5 56.0271
    endloop
  endfacet
  facet normal 0.819258 0 -0.573425
    outer loop
      vertex -14.5695 -44.5 55.8798
      vertex -14.4664 -50.6539 56.0271
      vertex -14.5695 -50.6705 55.8798
    endloop
  endfacet
  facet normal 0.776947 0 -0.629566
    outer loop
      vertex -14.2451 -50.6221 56.3104
      vertex -14.3583 -44.5 56.1707
      vertex -14.2451 -44.5 56.3104
    endloop
  endfacet
  facet normal 0.776947 0 -0.629566
    outer loop
      vertex -14.3583 -44.5 56.1707
      vertex -14.2451 -50.6221 56.3104
      vertex -14.3583 -50.6378 56.1707
    endloop
  endfacet
  facet normal -0.87459 0 0.484863
    outer loop
      vertex -5.83997 -44.5 50.425
      vertex -5.75282 -51.2656 50.5822
      vertex -5.75282 -44.5 50.5822
    endloop
  endfacet
  facet normal -0.87459 0 0.484863
    outer loop
      vertex -5.75282 -51.2656 50.5822
      vertex -5.83997 -44.5 50.425
      vertex -5.83997 -51.2832 50.425
    endloop
  endfacet
  facet normal -0.891042 0 0.45392
    outer loop
      vertex -5.75282 -44.5 50.5822
      vertex -5.67121 -51.2476 50.7424
      vertex -5.67121 -44.5 50.7424
    endloop
  endfacet
  facet normal -0.891042 0 0.45392
    outer loop
      vertex -5.67121 -51.2476 50.7424
      vertex -5.75282 -44.5 50.5822
      vertex -5.75282 -51.2656 50.5822
    endloop
  endfacet
  facet normal -0.956297 0 0.292397
    outer loop
      vertex -5.40206 -44.5 51.4086
      vertex -5.3495 -51.1534 51.5805
      vertex -5.3495 -44.5 51.5805
    endloop
  endfacet
  facet normal -0.956297 0 0.292397
    outer loop
      vertex -5.3495 -51.1534 51.5805
      vertex -5.40206 -44.5 51.4086
      vertex -5.40206 -51.1727 51.4086
    endloop
  endfacet
  facet normal -0.96592 0 0.25884
    outer loop
      vertex -5.3495 -44.5 51.5805
      vertex -5.30298 -51.1339 51.7541
      vertex -5.30298 -44.5 51.7541
    endloop
  endfacet
  facet normal -0.96592 0 0.25884
    outer loop
      vertex -5.30298 -51.1339 51.7541
      vertex -5.3495 -44.5 51.5805
      vertex -5.3495 -51.1534 51.5805
    endloop
  endfacet
  facet normal -0.981615 0 0.19087
    outer loop
      vertex -5.26254 -44.5 51.9293
      vertex -5.22824 -51.0944 52.1057
      vertex -5.22824 -44.5 52.1057
    endloop
  endfacet
  facet normal -0.981615 0 0.19087
    outer loop
      vertex -5.22824 -51.0944 52.1057
      vertex -5.26254 -44.5 51.9293
      vertex -5.26254 -51.1143 51.9293
    endloop
  endfacet
  facet normal -0.682005 0 0.731347
    outer loop
      vertex -6.85398 -44.5 49.1728
      vertex -6.72251 -51.4101 49.2954
      vertex -6.72251 -44.5 49.2954
    endloop
  endfacet
  facet normal -0.682005 0 0.731347
    outer loop
      vertex -6.72251 -51.4101 49.2954
      vertex -6.85398 -44.5 49.1728
      vertex -6.85398 -51.4239 49.1728
    endloop
  endfacet
  facet normal -0.798717 0 0.601707
    outer loop
      vertex -6.24174 -44.5 49.8293
      vertex -6.13356 -51.334 49.9729
      vertex -6.13356 -44.5 49.9729
    endloop
  endfacet
  facet normal -0.798717 0 0.601707
    outer loop
      vertex -6.13356 -51.334 49.9729
      vertex -6.24174 -44.5 49.8293
      vertex -6.24174 -51.3501 49.8293
    endloop
  endfacet
  facet normal -0.819258 0 0.573425
    outer loop
      vertex -6.13356 -44.5 49.9729
      vertex -6.03046 -51.3175 50.1202
      vertex -6.03046 -44.5 50.1202
    endloop
  endfacet
  facet normal -0.819258 0 0.573425
    outer loop
      vertex -6.03046 -51.3175 50.1202
      vertex -6.13356 -44.5 49.9729
      vertex -6.13356 -51.334 49.9729
    endloop
  endfacet
  facet normal -0.485029 0 0.874498
    outer loop
      vertex -7.88222 -44.5 48.4528
      vertex -7.725 -51.4917 48.54
      vertex -7.725 -44.5 48.54
    endloop
  endfacet
  facet normal -0.485029 0 0.874498
    outer loop
      vertex -7.725 -51.4917 48.54
      vertex -7.88222 -44.5 48.4528
      vertex -7.88222 -51.4963 48.4528
    endloop
  endfacet
  facet normal -0.515117 0 0.85712
    outer loop
      vertex -7.725 -44.5 48.54
      vertex -7.57092 -51.4837 48.6326
      vertex -7.57092 -44.5 48.6326
    endloop
  endfacet
  facet normal -0.515471 -1.06363e-05 0.856907
    outer loop
      vertex -7.57092 -51.4837 48.6326
      vertex -7.725 -44.5 48.54
      vertex -7.71804 -51.4915 48.5441
    endloop
  endfacet
  facet normal -0.507561 0 0.861616
    outer loop
      vertex -7.71804 -51.4915 48.5441
      vertex -7.725 -44.5 48.54
      vertex -7.725 -51.4917 48.54
    endloop
  endfacet
  facet normal -0.544621 0 0.838682
    outer loop
      vertex -7.57092 -44.5 48.6326
      vertex -7.42016 -51.4736 48.7305
      vertex -7.42016 -44.5 48.7305
    endloop
  endfacet
  facet normal -0.545213 -1.8194e-05 0.838298
    outer loop
      vertex -7.42016 -51.4736 48.7305
      vertex -7.57092 -44.5 48.6326
      vertex -7.51964 -51.4808 48.6658
    endloop
  endfacet
  facet normal -0.543468 0 0.83943
    outer loop
      vertex -7.51964 -51.4808 48.6658
      vertex -7.57092 -44.5 48.6326
      vertex -7.57092 -51.4837 48.6326
    endloop
  endfacet
  facet normal -0.573556 0 0.819167
    outer loop
      vertex -7.42016 -44.5 48.7305
      vertex -7.27291 -51.462 48.8336
      vertex -7.27291 -44.5 48.8336
    endloop
  endfacet
  facet normal -0.573556 0 0.819167
    outer loop
      vertex -7.27291 -51.462 48.8336
      vertex -7.42016 -44.5 48.7305
      vertex -7.42016 -51.4736 48.7305
    endloop
  endfacet
  facet normal -0.655972 0 0.754785
    outer loop
      vertex -6.98964 -44.5 49.0549
      vertex -6.85398 -51.4239 49.1728
      vertex -6.85398 -44.5 49.1728
    endloop
  endfacet
  facet normal -0.655972 0 0.754785
    outer loop
      vertex -6.85398 -51.4239 49.1728
      vertex -6.98964 -44.5 49.0549
      vertex -6.98964 -51.4371 49.0549
    endloop
  endfacet
  facet normal 0.0172484 0 0.999851
    outer loop
      vertex -10.4797 -44.5291 47.8531
      vertex -10.3 -51.4705 47.85
      vertex -10.3 -44.5295 47.85
    endloop
  endfacet
  facet normal 0.0172484 0 0.999851
    outer loop
      vertex -10.3 -51.4705 47.85
      vertex -10.4797 -44.5291 47.8531
      vertex -10.4797 -51.4709 47.8531
    endloop
  endfacet
  facet normal 0.156277 0 0.987713
    outer loop
      vertex -11.1943 -44.5199 47.9282
      vertex -11.0167 -51.4766 47.9001
      vertex -11.0167 -44.5233 47.9001
    endloop
  endfacet
  facet normal 0.156277 0 0.987713
    outer loop
      vertex -11.0167 -51.4766 47.9001
      vertex -11.1943 -44.5199 47.9282
      vertex -11.1943 -51.4801 47.9282
    endloop
  endfacet
  facet normal 0.681922 -0 0.731425
    outer loop
      vertex -13.8775 -51.4101 49.2954
      vertex -13.746 -44.5 49.1728
      vertex -13.8775 -44.5 49.2954
    endloop
  endfacet
  facet normal 0.681922 0 0.731425
    outer loop
      vertex -13.746 -44.5 49.1728
      vertex -13.8775 -51.4101 49.2954
      vertex -13.746 -51.4239 49.1728
    endloop
  endfacet
  facet normal 0.857149 -0 0.515068
    outer loop
      vertex -14.76 -51.2832 50.425
      vertex -14.6674 -44.5 50.2709
      vertex -14.76 -44.5 50.425
    endloop
  endfacet
  facet normal 0.857149 0 0.515068
    outer loop
      vertex -14.6674 -44.5 50.2709
      vertex -14.76 -51.2832 50.425
      vertex -14.6674 -51.3005 50.2709
    endloop
  endfacet
  facet normal 0.906226 -0 0.422794
    outer loop
      vertex -15.0048 -51.2293 50.9053
      vertex -14.9288 -44.5 50.7424
      vertex -15.0048 -44.5 50.9053
    endloop
  endfacet
  facet normal 0.906226 0 0.422794
    outer loop
      vertex -14.9288 -44.5 50.7424
      vertex -15.0048 -51.2293 50.9053
      vertex -14.9288 -51.2476 50.7424
    endloop
  endfacet
  facet normal 0.874472 -0 0.485076
    outer loop
      vertex -14.8472 -51.2656 50.5822
      vertex -14.76 -44.5 50.425
      vertex -14.8472 -44.5 50.5822
    endloop
  endfacet
  facet normal 0.874472 0 0.485076
    outer loop
      vertex -14.76 -44.5 50.425
      vertex -14.8472 -51.2656 50.5822
      vertex -14.76 -51.2832 50.425
    endloop
  endfacet
  facet normal 0.920606 -0 0.390493
    outer loop
      vertex -15.075 -51.2107 51.0708
      vertex -15.0048 -44.5 50.9053
      vertex -15.075 -44.5 51.0708
    endloop
  endfacet
  facet normal 0.920606 0 0.390493
    outer loop
      vertex -15.0048 -44.5 50.9053
      vertex -15.075 -51.2107 51.0708
      vertex -15.0048 -51.2293 50.9053
    endloop
  endfacet
  facet normal -0.292325 0 0.956319
    outer loop
      vertex -8.8597 -44.5085 48.0559
      vertex -8.70856 -51.4939 48.1021
      vertex -8.70856 -44.5061 48.1021
    endloop
  endfacet
  facet normal -0.292325 0 0.956319
    outer loop
      vertex -8.8597 -44.5085 48.0559
      vertex -8.8597 -51.4915 48.0559
      vertex -8.70856 -51.4939 48.1021
    endloop
  endfacet
  facet normal -0.294474 0 0.95566
    outer loop
      vertex -8.88047 -44.5091 48.0495
      vertex -8.8597 -51.4915 48.0559
      vertex -8.8597 -44.5085 48.0559
    endloop
  endfacet
  facet normal -0.294474 0 0.95566
    outer loop
      vertex -8.8597 -51.4915 48.0559
      vertex -8.88047 -44.5091 48.0495
      vertex -8.88047 -51.4909 48.0495
    endloop
  endfacet
  facet normal -0.325459 0 0.945556
    outer loop
      vertex -8.70856 -44.5061 48.1021
      vertex -8.5386 -51.497 48.1606
      vertex -8.5386 -44.503 48.1606
    endloop
  endfacet
  facet normal -0.325459 0 0.945556
    outer loop
      vertex -8.5386 -51.497 48.1606
      vertex -8.70856 -44.5061 48.1021
      vertex -8.70856 -51.4939 48.1021
    endloop
  endfacet
  facet normal -0.920526 0 0.390681
    outer loop
      vertex -5.59524 -44.5 50.9053
      vertex -5.525 -51.2107 51.0708
      vertex -5.525 -44.5 51.0708
    endloop
  endfacet
  facet normal -0.920526 0 0.390681
    outer loop
      vertex -5.525 -51.2107 51.0708
      vertex -5.59524 -44.5 50.9053
      vertex -5.59524 -51.2293 50.9053
    endloop
  endfacet
  facet normal -0.707079 0 0.707135
    outer loop
      vertex -6.72251 -44.5 49.2954
      vertex -6.5954 -51.3958 49.4225
      vertex -6.5954 -44.5 49.4225
    endloop
  endfacet
  facet normal -0.707079 0 0.707135
    outer loop
      vertex -6.5954 -51.3958 49.4225
      vertex -6.72251 -44.5 49.2954
      vertex -6.72251 -51.4101 49.2954
    endloop
  endfacet
  facet normal -0.601504 0 0.79887
    outer loop
      vertex -7.27291 -44.5 48.8336
      vertex -7.12934 -51.4498 48.9417
      vertex -7.12934 -44.5 48.9417
    endloop
  endfacet
  facet normal -0.601504 0 0.79887
    outer loop
      vertex -7.12934 -51.4498 48.9417
      vertex -7.27291 -44.5 48.8336
      vertex -7.27291 -51.462 48.8336
    endloop
  endfacet
  facet normal 0.294086 0 0.955779
    outer loop
      vertex -11.7403 -44.5085 48.0559
      vertex -11.7195 -51.4909 48.0495
      vertex -11.7195 -44.5091 48.0495
    endloop
  endfacet
  facet normal 0.294086 0 0.955779
    outer loop
      vertex -11.7403 -44.5085 48.0559
      vertex -11.7403 -51.4915 48.0559
      vertex -11.7195 -51.4909 48.0495
    endloop
  endfacet
  facet normal 0.292395 0 0.956298
    outer loop
      vertex -11.8914 -44.5061 48.1021
      vertex -11.7403 -51.4915 48.0559
      vertex -11.7403 -44.5085 48.0559
    endloop
  endfacet
  facet normal 0.292395 0 0.956298
    outer loop
      vertex -11.7403 -51.4915 48.0559
      vertex -11.8914 -44.5061 48.1021
      vertex -11.8914 -51.4939 48.1021
    endloop
  endfacet
  facet normal 0.325391 0 0.94558
    outer loop
      vertex -12.0614 -44.503 48.1606
      vertex -11.8914 -51.4939 48.1021
      vertex -11.8914 -44.5061 48.1021
    endloop
  endfacet
  facet normal 0.325391 0 0.94558
    outer loop
      vertex -11.8914 -51.4939 48.1021
      vertex -12.0614 -44.503 48.1606
      vertex -12.0614 -51.497 48.1606
    endloop
  endfacet
  facet normal 0.656137 -0 0.754641
    outer loop
      vertex -13.746 -51.4239 49.1728
      vertex -13.6104 -44.5 49.0549
      vertex -13.746 -44.5 49.1728
    endloop
  endfacet
  facet normal 0.656137 0 0.754641
    outer loop
      vertex -13.6104 -44.5 49.0549
      vertex -13.746 -51.4239 49.1728
      vertex -13.6104 -51.4371 49.0549
    endloop
  endfacet
  facet normal 0.505403 0 0.862883
    outer loop
      vertex -12.875 -44.5 48.54
      vertex -12.882 -51.4915 48.5441
      vertex -12.875 -51.4917 48.54
    endloop
  endfacet
  facet normal 0.515068 -0 0.857149
    outer loop
      vertex -13.0291 -51.4837 48.6326
      vertex -12.875 -44.5 48.54
      vertex -13.0291 -44.5 48.6326
    endloop
  endfacet
  facet normal 0.515523 -1.3655e-05 0.856876
    outer loop
      vertex -12.875 -44.5 48.54
      vertex -13.0291 -51.4837 48.6326
      vertex -12.882 -51.4915 48.5441
    endloop
  endfacet
  facet normal 0.543319 0 0.839526
    outer loop
      vertex -13.0291 -44.5 48.6326
      vertex -13.0804 -51.4808 48.6658
      vertex -13.0291 -51.4837 48.6326
    endloop
  endfacet
  facet normal 0.544773 -0 0.838583
    outer loop
      vertex -13.1798 -51.4736 48.7305
      vertex -13.0291 -44.5 48.6326
      vertex -13.1798 -44.5 48.7305
    endloop
  endfacet
  facet normal 0.545521 -2.29726e-05 0.838097
    outer loop
      vertex -13.0291 -44.5 48.6326
      vertex -13.1798 -51.4736 48.7305
      vertex -13.0804 -51.4808 48.6658
    endloop
  endfacet
  facet normal 0.754641 -0 0.656137
    outer loop
      vertex -14.2451 -51.3658 49.6896
      vertex -14.1272 -44.5 49.554
      vertex -14.2451 -44.5 49.6896
    endloop
  endfacet
  facet normal 0.754641 0 0.656137
    outer loop
      vertex -14.1272 -44.5 49.554
      vertex -14.2451 -51.3658 49.6896
      vertex -14.1272 -51.3811 49.554
    endloop
  endfacet
  facet normal 0.798931 -0 0.601423
    outer loop
      vertex -14.4664 -51.334 49.9729
      vertex -14.3583 -44.5 49.8293
      vertex -14.4664 -44.5 49.9729
    endloop
  endfacet
  facet normal 0.798931 0 0.601423
    outer loop
      vertex -14.3583 -44.5 49.8293
      vertex -14.4664 -51.334 49.9729
      vertex -14.3583 -51.3501 49.8293
    endloop
  endfacet
  facet normal 0.776947 -0 0.629566
    outer loop
      vertex -14.3583 -51.3501 49.8293
      vertex -14.2451 -44.5 49.6896
      vertex -14.3583 -44.5 49.8293
    endloop
  endfacet
  facet normal 0.776947 0 0.629566
    outer loop
      vertex -14.2451 -44.5 49.6896
      vertex -14.3583 -51.3501 49.8293
      vertex -14.2451 -51.3658 49.6896
    endloop
  endfacet
  facet normal 0.838583 -0 0.544773
    outer loop
      vertex -14.6674 -51.3005 50.2709
      vertex -14.5695 -44.5 50.1202
      vertex -14.6674 -44.5 50.2709
    endloop
  endfacet
  facet normal 0.838583 0 0.544773
    outer loop
      vertex -14.5695 -44.5 50.1202
      vertex -14.6674 -51.3005 50.2709
      vertex -14.5695 -51.3175 50.1202
    endloop
  endfacet
  facet normal 0.891065 -0 0.453876
    outer loop
      vertex -14.9288 -51.2476 50.7424
      vertex -14.8472 -44.5 50.5822
      vertex -14.9288 -44.5 50.7424
    endloop
  endfacet
  facet normal 0.891065 0 0.453876
    outer loop
      vertex -14.8472 -44.5 50.5822
      vertex -14.9288 -51.2476 50.7424
      vertex -14.8472 -51.2656 50.5822
    endloop
  endfacet
  facet normal 0.981615 -0 0.19087
    outer loop
      vertex -15.3718 -51.0944 52.1057
      vertex -15.3375 -44.5 51.9293
      vertex -15.3718 -44.5 52.1057
    endloop
  endfacet
  facet normal 0.981615 0 0.19087
    outer loop
      vertex -15.3375 -44.5 51.9293
      vertex -15.3718 -51.0944 52.1057
      vertex -15.3375 -51.1143 51.9293
    endloop
  endfacet
  facet normal 0.974307 -0 0.225225
    outer loop
      vertex -15.3375 -51.1143 51.9293
      vertex -15.297 -44.5 51.7541
      vertex -15.3375 -44.5 51.9293
    endloop
  endfacet
  facet normal 0.974307 0 0.225225
    outer loop
      vertex -15.297 -44.5 51.7541
      vertex -15.3375 -51.1143 51.9293
      vertex -15.297 -51.1339 51.7541
    endloop
  endfacet
  facet normal 0.121843 0 0.992549
    outer loop
      vertex -11.0167 -44.5233 47.9001
      vertex -10.8383 -51.474 47.8782
      vertex -10.8383 -44.526 47.8782
    endloop
  endfacet
  facet normal 0.121843 0 0.992549
    outer loop
      vertex -10.8383 -51.474 47.8782
      vertex -11.0167 -44.5233 47.9001
      vertex -11.0167 -51.4766 47.9001
    endloop
  endfacet
  facet normal 0.0873256 0 0.99618
    outer loop
      vertex -10.8383 -44.526 47.8782
      vertex -10.6592 -51.472 47.8625
      vertex -10.6592 -44.528 47.8625
    endloop
  endfacet
  facet normal 0.0873256 0 0.99618
    outer loop
      vertex -10.6592 -51.472 47.8625
      vertex -10.8383 -44.526 47.8782
      vertex -10.8383 -51.474 47.8782
    endloop
  endfacet
  facet normal 0.485076 -0 0.874472
    outer loop
      vertex -12.875 -51.4917 48.54
      vertex -12.7178 -44.5 48.4528
      vertex -12.875 -44.5 48.54
    endloop
  endfacet
  facet normal 0.485076 0 0.874472
    outer loop
      vertex -12.7178 -44.5 48.4528
      vertex -12.875 -51.4917 48.54
      vertex -12.7178 -51.4963 48.4528
    endloop
  endfacet
  facet normal 0.425797 0 0.904819
    outer loop
      vertex -12.4049 -44.5 48.3
      vertex -12.3947 -51.4999 48.2952
      vertex -12.3947 -44.5001 48.2952
    endloop
  endfacet
  facet normal 0.425797 0 0.904819
    outer loop
      vertex -12.4049 -44.5 48.3
      vertex -12.4049 -51.5 48.3
      vertex -12.3947 -51.4999 48.2952
    endloop
  endfacet
  facet normal 0.422593 0 0.90632
    outer loop
      vertex -12.5576 -44.5 48.3712
      vertex -12.4049 -51.5 48.3
      vertex -12.4049 -44.5 48.3
    endloop
  endfacet
  facet normal 0.422593 0 0.90632
    outer loop
      vertex -12.4049 -51.5 48.3
      vertex -12.5576 -44.5 48.3712
      vertex -12.5576 -51.4988 48.3712
    endloop
  endfacet
  facet normal 0.390493 0 0.920606
    outer loop
      vertex -12.3947 -44.5001 48.2952
      vertex -12.2292 -51.4987 48.225
      vertex -12.2292 -44.5013 48.225
    endloop
  endfacet
  facet normal 0.390493 0 0.920606
    outer loop
      vertex -12.2292 -51.4987 48.225
      vertex -12.3947 -44.5001 48.2952
      vertex -12.3947 -51.4999 48.2952
    endloop
  endfacet
  facet normal 0.453619 0 0.891196
    outer loop
      vertex -12.5576 -44.5 48.3712
      vertex -12.6576 -51.4979 48.4221
      vertex -12.5576 -51.4988 48.3712
    endloop
  endfacet
  facet normal 0.453876 -0 0.891065
    outer loop
      vertex -12.7178 -51.4963 48.4528
      vertex -12.5576 -44.5 48.3712
      vertex -12.7178 -44.5 48.4528
    endloop
  endfacet
  facet normal 0.454302 -1.23026e-05 0.890848
    outer loop
      vertex -12.5576 -44.5 48.3712
      vertex -12.7178 -51.4963 48.4528
      vertex -12.6576 -51.4979 48.4221
    endloop
  endfacet
  facet normal 0.35884 0 0.933399
    outer loop
      vertex -12.1064 -44.5021 48.1779
      vertex -12.0614 -51.497 48.1606
      vertex -12.0614 -44.503 48.1606
    endloop
  endfacet
  facet normal 0.35884 0 0.933399
    outer loop
      vertex -12.1064 -44.5021 48.1779
      vertex -12.1064 -51.4979 48.1779
      vertex -12.0614 -51.497 48.1606
    endloop
  endfacet
  facet normal 0.358113 0 0.933678
    outer loop
      vertex -12.2292 -44.5013 48.225
      vertex -12.1064 -51.4979 48.1779
      vertex -12.1064 -44.5021 48.1779
    endloop
  endfacet
  facet normal 0.358113 0 0.933678
    outer loop
      vertex -12.1064 -51.4979 48.1779
      vertex -12.2292 -44.5013 48.225
      vertex -12.2292 -51.4987 48.225
    endloop
  endfacet
  facet normal 0.629566 -0 0.776947
    outer loop
      vertex -13.6104 -51.4371 49.0549
      vertex -13.4707 -44.5 48.9417
      vertex -13.6104 -44.5 49.0549
    endloop
  endfacet
  facet normal 0.629566 0 0.776947
    outer loop
      vertex -13.4707 -44.5 48.9417
      vertex -13.6104 -51.4371 49.0549
      vertex -13.4707 -51.4498 48.9417
    endloop
  endfacet
  facet normal 0.601423 -0 0.798931
    outer loop
      vertex -13.4707 -51.4498 48.9417
      vertex -13.3271 -44.5 48.8336
      vertex -13.4707 -44.5 48.9417
    endloop
  endfacet
  facet normal 0.601423 0 0.798931
    outer loop
      vertex -13.3271 -44.5 48.8336
      vertex -13.4707 -51.4498 48.9417
      vertex -13.3271 -51.462 48.8336
    endloop
  endfacet
  facet normal 0.731425 -0 0.681922
    outer loop
      vertex -14.1272 -51.3811 49.554
      vertex -14.0046 -44.5 49.4225
      vertex -14.1272 -44.5 49.554
    endloop
  endfacet
  facet normal 0.731425 0 0.681922
    outer loop
      vertex -14.0046 -44.5 49.4225
      vertex -14.1272 -51.3811 49.554
      vertex -14.0046 -51.3958 49.4225
    endloop
  endfacet
  facet normal 0.225225 0 0.974307
    outer loop
      vertex -11.5459 -44.5131 48.003
      vertex -11.3707 -51.4833 47.9625
      vertex -11.3707 -44.5167 47.9625
    endloop
  endfacet
  facet normal 0.225225 0 0.974307
    outer loop
      vertex -11.3707 -51.4833 47.9625
      vertex -11.5459 -44.5131 48.003
      vertex -11.5459 -51.4868 48.003
    endloop
  endfacet
  facet normal 0.193633 0 0.981074
    outer loop
      vertex -11.2247 -44.5192 47.9342
      vertex -11.1943 -51.4801 47.9282
      vertex -11.1943 -44.5199 47.9282
    endloop
  endfacet
  facet normal 0.193633 0 0.981074
    outer loop
      vertex -11.2247 -44.5192 47.9342
      vertex -11.2247 -51.4808 47.9342
      vertex -11.1943 -51.4801 47.9282
    endloop
  endfacet
  facet normal 0.190294 0 0.981727
    outer loop
      vertex -11.3707 -44.5167 47.9625
      vertex -11.2247 -51.4808 47.9342
      vertex -11.2247 -44.5192 47.9342
    endloop
  endfacet
  facet normal 0.190294 0 0.981727
    outer loop
      vertex -11.2247 -51.4808 47.9342
      vertex -11.3707 -44.5167 47.9625
      vertex -11.3707 -51.4833 47.9625
    endloop
  endfacet
  facet normal 0.573425 -0 0.819258
    outer loop
      vertex -13.3271 -51.462 48.8336
      vertex -13.1798 -44.5 48.7305
      vertex -13.3271 -44.5 48.8336
    endloop
  endfacet
  facet normal 0.573425 0 0.819258
    outer loop
      vertex -13.1798 -44.5 48.7305
      vertex -13.3271 -51.462 48.8336
      vertex -13.1798 -51.4736 48.7305
    endloop
  endfacet
  facet normal 0 -1 0
    outer loop
      vertex -5.40206 -94.5 51.4086
      vertex -0.95 -94.5 51.5
      vertex -5.3495 -94.5 51.5805
    endloop
  endfacet
  facet normal 0 -1 0
    outer loop
      vertex -5.46058 -94.5 51.2386
      vertex -0.95 -94.5 51.5
      vertex -5.40206 -94.5 51.4086
    endloop
  endfacet
  facet normal 0 -1 0
    outer loop
      vertex -5.525 -94.5 51.0708
      vertex -0.95 -94.5 51.5
      vertex -5.46058 -94.5 51.2386
    endloop
  endfacet
  facet normal 0 -1 0
    outer loop
      vertex -5.59524 -94.5 50.9053
      vertex -0.95 -94.5 51.5
      vertex -5.525 -94.5 51.0708
    endloop
  endfacet
  facet normal 0 -1 0
    outer loop
      vertex -5.67121 -94.5 50.7424
      vertex -0.95 -94.5 51.5
      vertex -5.59524 -94.5 50.9053
    endloop
  endfacet
  facet normal 0 -1 0
    outer loop
      vertex -5.75282 -94.5 50.5822
      vertex -0.95 -94.5 51.5
      vertex -5.67121 -94.5 50.7424
    endloop
  endfacet
  facet normal 0 -1 0
    outer loop
      vertex -5.83997 -94.5 50.425
      vertex -0.95 -94.5 51.5
      vertex -5.75282 -94.5 50.5822
    endloop
  endfacet
  facet normal 0 -1 0
    outer loop
      vertex -5.93255 -94.5 50.2709
      vertex -0.95 -94.5 51.5
      vertex -5.83997 -94.5 50.425
    endloop
  endfacet
  facet normal 0 -1 0
    outer loop
      vertex -6.03046 -94.5 50.1202
      vertex -0.95 -94.5 51.5
      vertex -5.93255 -94.5 50.2709
    endloop
  endfacet
  facet normal 0 -1 0
    outer loop
      vertex -0.95 -94.5 44.8
      vertex -6.03046 -94.5 50.1202
      vertex -6.13356 -94.5 49.9729
    endloop
  endfacet
  facet normal 0 -1 0
    outer loop
      vertex -0.95 -94.5 44.8
      vertex -6.13356 -94.5 49.9729
      vertex -6.24174 -94.5 49.8293
    endloop
  endfacet
  facet normal 0 -1 0
    outer loop
      vertex -0.95 -94.5 44.8
      vertex -6.24174 -94.5 49.8293
      vertex -6.35487 -94.5 49.6896
    endloop
  endfacet
  facet normal 0 -1 0
    outer loop
      vertex -0.95 -94.5 44.8
      vertex -6.35487 -94.5 49.6896
      vertex -6.4728 -94.5 49.554
    endloop
  endfacet
  facet normal 0 -1 0
    outer loop
      vertex -0.95 -94.5 44.8
      vertex -6.4728 -94.5 49.554
      vertex -6.5954 -94.5 49.4225
    endloop
  endfacet
  facet normal 0 -1 0
    outer loop
      vertex -0.95 -94.5 44.8
      vertex -6.5954 -94.5 49.4225
      vertex -6.72251 -94.5 49.2954
    endloop
  endfacet
  facet normal 0 -1 0
    outer loop
      vertex -0.95 -94.5 44.8
      vertex -6.72251 -94.5 49.2954
      vertex -6.85398 -94.5 49.1728
    endloop
  endfacet
  facet normal 0 -1 0
    outer loop
      vertex -0.95 -94.5 44.8
      vertex -6.85398 -94.5 49.1728
      vertex -6.98964 -94.5 49.0549
    endloop
  endfacet
  facet normal 0 -1 0
    outer loop
      vertex -0.95 -94.5 44.8
      vertex -6.98964 -94.5 49.0549
      vertex -7.12934 -94.5 48.9417
    endloop
  endfacet
  facet normal 0 -1 0
    outer loop
      vertex -0.95 -94.5 44.8
      vertex -7.12934 -94.5 48.9417
      vertex -7.27291 -94.5 48.8336
    endloop
  endfacet
  facet normal 0 -1 0
    outer loop
      vertex -0.95 -94.5 44.8
      vertex -7.27291 -94.5 48.8336
      vertex -7.42016 -94.5 48.7305
    endloop
  endfacet
  facet normal 0 -1 0
    outer loop
      vertex -0.95 -94.5 44.8
      vertex -7.42016 -94.5 48.7305
      vertex -7.57092 -94.5 48.6326
    endloop
  endfacet
  facet normal 0 -1 0
    outer loop
      vertex -0.95 -94.5 44.8
      vertex -7.57092 -94.5 48.6326
      vertex -7.725 -94.5 48.54
    endloop
  endfacet
  facet normal 0 -1 0
    outer loop
      vertex -0.95 -94.5 44.8
      vertex -7.725 -94.5 48.54
      vertex -7.88222 -94.5 48.4528
    endloop
  endfacet
  facet normal 0 -1 0
    outer loop
      vertex -0.95 -94.5 44.8
      vertex -7.88222 -94.5 48.4528
      vertex -8.04239 -94.5 48.3712
    endloop
  endfacet
  facet normal 0 -1 0
    outer loop
      vertex -0.95 -94.5 44.8
      vertex -8.04239 -94.5 48.3712
      vertex -8.20531 -94.5 48.2952
    endloop
  endfacet
  facet normal 0 -1 0
    outer loop
      vertex -10.4797 -94.5 47.8531
      vertex -0.95 -94.5 44.8
      vertex -10.3 -94.5 47.85
    endloop
  endfacet
  facet normal 0 -1 0
    outer loop
      vertex -10.3 -94.5 47.85
      vertex -0.95 -94.5 44.8
      vertex -10.1203 -94.5 47.8531
    endloop
  endfacet
  facet normal 0 -1 0
    outer loop
      vertex -10.1203 -94.5 47.8531
      vertex -0.95 -94.5 44.8
      vertex -9.94075 -94.5 47.8625
    endloop
  endfacet
  facet normal 0 -1 0
    outer loop
      vertex -9.94075 -94.5 47.8625
      vertex -0.95 -94.5 44.8
      vertex -9.76168 -94.5 47.8782
    endloop
  endfacet
  facet normal 0 -1 0
    outer loop
      vertex -9.76168 -94.5 47.8782
      vertex -0.95 -94.5 44.8
      vertex -9.58326 -94.5 47.9001
    endloop
  endfacet
  facet normal 0 -1 0
    outer loop
      vertex -9.58326 -94.5 47.9001
      vertex -0.95 -94.5 44.8
      vertex -9.40571 -94.5 47.9282
    endloop
  endfacet
  facet normal 0 -1 0
    outer loop
      vertex -9.40571 -94.5 47.9282
      vertex -0.95 -94.5 44.8
      vertex -9.22925 -94.5 47.9625
    endloop
  endfacet
  facet normal 0 -1 0
    outer loop
      vertex -6.03046 -94.5 50.1202
      vertex -0.95 -94.5 44.8
      vertex -0.95 -94.5 51.5
    endloop
  endfacet
  facet normal 0 -1 0
    outer loop
      vertex -8.37078 -94.5 48.225
      vertex -0.95 -94.5 44.8
      vertex -8.20531 -94.5 48.2952
    endloop
  endfacet
  facet normal 0 -1 0
    outer loop
      vertex -8.5386 -94.5 48.1606
      vertex -0.95 -94.5 44.8
      vertex -8.37078 -94.5 48.225
    endloop
  endfacet
  facet normal 0 -1 0
    outer loop
      vertex -8.70856 -94.5 48.1021
      vertex -0.95 -94.5 44.8
      vertex -8.5386 -94.5 48.1606
    endloop
  endfacet
  facet normal 0 -1 0
    outer loop
      vertex -8.88047 -94.5 48.0495
      vertex -0.95 -94.5 44.8
      vertex -8.70856 -94.5 48.1021
    endloop
  endfacet
  facet normal 0 -1 0
    outer loop
      vertex -9.0541 -94.5 48.003
      vertex -0.95 -94.5 44.8
      vertex -8.88047 -94.5 48.0495
    endloop
  endfacet
  facet normal 0 -1 0
    outer loop
      vertex -9.22925 -94.5 47.9625
      vertex -0.95 -94.5 44.8
      vertex -9.0541 -94.5 48.003
    endloop
  endfacet
  facet normal 0 -1 0
    outer loop
      vertex -16.7198 -94.5 65.971
      vertex -16.25 -94.5 66.3
      vertex -16.2674 -94.5 66.2997
    endloop
  endfacet
  facet normal 0 -1 0
    outer loop
      vertex -16.25 -94.5 66.3
      vertex -2.24969 -94.5 66.0174
      vertex -2.25 -94.5 66.3
    endloop
  endfacet
  facet normal 0 -1 0
    outer loop
      vertex -16.7198 -94.5 65.971
      vertex -16.2674 -94.5 66.2997
      vertex -16.2849 -94.5 66.2988
    endloop
  endfacet
  facet normal -0 -1 0
    outer loop
      vertex -2.24513 -94.5 66.0696
      vertex -2.25 -94.5 66.3
      vertex -2.24726 -94.5 66.0523
    endloop
  endfacet
  facet normal 0 -1 0
    outer loop
      vertex -16.7198 -94.5 65.971
      vertex -16.2849 -94.5 66.2988
      vertex -16.3023 -94.5 66.2973
    endloop
  endfacet
  facet normal -0 -1 0
    outer loop
      vertex -2.23907 -94.5 66.104
      vertex -2.25 -94.5 66.3
      vertex -2.2424 -94.5 66.0868
    endloop
  endfacet
  facet normal 0 -1 0
    outer loop
      vertex -16.7198 -94.5 65.971
      vertex -16.3023 -94.5 66.2973
      vertex -16.3196 -94.5 66.2951
    endloop
  endfacet
  facet normal -0 -1 0
    outer loop
      vertex -2.21985 -94.5 66.171
      vertex -2.25 -94.5 66.3
      vertex -2.22553 -94.5 66.1545
    endloop
  endfacet
  facet normal 0 -1 0
    outer loop
      vertex -16.7198 -94.5 65.971
      vertex -16.3196 -94.5 66.2951
      vertex -16.3368 -94.5 66.2924
    endloop
  endfacet
  facet normal -0 -1 0
    outer loop
      vertex -2.1994 -94.5 66.2192
      vertex -2.25 -94.5 66.3
      vertex -2.20677 -94.5 66.2034
    endloop
  endfacet
  facet normal -0 -1 0
    outer loop
      vertex -2.17402 -94.5 66.265
      vertex -2.19773 -94.5 66.2973
      vertex -2.18301 -94.5 66.25
    endloop
  endfacet
  facet normal 0 -1 0
    outer loop
      vertex -16.7198 -94.5 65.971
      vertex -16.3368 -94.5 66.2924
      vertex -16.354 -94.5 66.2891
    endloop
  endfacet
  facet normal 0 -1 0
    outer loop
      vertex -16.7198 -94.5 65.971
      vertex -16.354 -94.5 66.2891
      vertex -16.371 -94.5 66.2851
    endloop
  endfacet
  facet normal 0 -1 0
    outer loop
      vertex -16.7198 -94.5 65.971
      vertex -16.371 -94.5 66.2851
      vertex -16.3878 -94.5 66.2806
    endloop
  endfacet
  facet normal 0 -1 -0
    outer loop
      vertex -2.16318 -94.5 66.2924
      vertex -2.16452 -94.5 66.2796
      vertex -2.15646 -94.5 66.2911
    endloop
  endfacet
  facet normal 0 -1 0
    outer loop
      vertex -16.7198 -94.5 65.971
      vertex -16.3878 -94.5 66.2806
      vertex -16.4045 -94.5 66.2755
    endloop
  endfacet
  facet normal 0 -1 0
    outer loop
      vertex -16.7198 -94.5 65.971
      vertex -16.4045 -94.5 66.2755
      vertex -16.421 -94.5 66.2698
    endloop
  endfacet
  facet normal 0 -1 0
    outer loop
      vertex -2.18041 -94.5 66.2951
      vertex -2.16452 -94.5 66.2796
      vertex -2.16318 -94.5 66.2924
    endloop
  endfacet
  facet normal 0 -1 0
    outer loop
      vertex -16.7198 -94.5 65.971
      vertex -16.421 -94.5 66.2698
      vertex -16.4373 -94.5 66.2636
    endloop
  endfacet
  facet normal 0 -1 0
    outer loop
      vertex -16.7198 -94.5 65.971
      vertex -16.4373 -94.5 66.2636
      vertex -16.4534 -94.5 66.2568
    endloop
  endfacet
  facet normal -0 -1 0
    outer loop
      vertex -2.16452 -94.5 66.2796
      vertex -2.18041 -94.5 66.2951
      vertex -2.17402 -94.5 66.265
    endloop
  endfacet
  facet normal 0 -1 0
    outer loop
      vertex -16.7198 -94.5 65.971
      vertex -16.4534 -94.5 66.2568
      vertex -16.4692 -94.5 66.2494
    endloop
  endfacet
  facet normal 0 -1 0
    outer loop
      vertex -16.7198 -94.5 65.971
      vertex -16.4692 -94.5 66.2494
      vertex -16.4847 -94.5 66.2415
    endloop
  endfacet
  facet normal 0 -1 0
    outer loop
      vertex -2.19773 -94.5 66.2973
      vertex -2.17402 -94.5 66.265
      vertex -2.18041 -94.5 66.2951
    endloop
  endfacet
  facet normal 0 -1 0
    outer loop
      vertex -16.7198 -94.5 65.971
      vertex -16.4847 -94.5 66.2415
      vertex -16.5 -94.5 66.233
    endloop
  endfacet
  facet normal 0 -1 0
    outer loop
      vertex -16.7198 -94.5 65.971
      vertex -16.5 -94.5 66.233
      vertex -16.515 -94.5 66.224
    endloop
  endfacet
  facet normal 0 -1 0
    outer loop
      vertex -2.21512 -94.5 66.2988
      vertex -2.18301 -94.5 66.25
      vertex -2.19773 -94.5 66.2973
    endloop
  endfacet
  facet normal 0 -1 0
    outer loop
      vertex -16.7198 -94.5 65.971
      vertex -16.515 -94.5 66.224
      vertex -16.5296 -94.5 66.2145
    endloop
  endfacet
  facet normal 0 -1 0
    outer loop
      vertex -16.7198 -94.5 65.971
      vertex -16.5296 -94.5 66.2145
      vertex -16.5439 -94.5 66.2045
    endloop
  endfacet
  facet normal -0 -1 0
    outer loop
      vertex -2.18301 -94.5 66.25
      vertex -2.21512 -94.5 66.2988
      vertex -2.19147 -94.5 66.2347
    endloop
  endfacet
  facet normal 0 -1 0
    outer loop
      vertex -16.7198 -94.5 65.971
      vertex -16.5439 -94.5 66.2045
      vertex -16.5578 -94.5 66.194
    endloop
  endfacet
  facet normal 0 -1 0
    outer loop
      vertex -2.23255 -94.5 66.2997
      vertex -2.19147 -94.5 66.2347
      vertex -2.21512 -94.5 66.2988
    endloop
  endfacet
  facet normal 0 -1 0
    outer loop
      vertex -16.7198 -94.5 65.971
      vertex -16.5578 -94.5 66.194
      vertex -16.5714 -94.5 66.183
    endloop
  endfacet
  facet normal 0 -1 0
    outer loop
      vertex -16.7198 -94.5 65.971
      vertex -16.5714 -94.5 66.183
      vertex -16.5846 -94.5 66.1716
    endloop
  endfacet
  facet normal -0 -1 0
    outer loop
      vertex -2.19147 -94.5 66.2347
      vertex -2.23255 -94.5 66.2997
      vertex -2.1994 -94.5 66.2192
    endloop
  endfacet
  facet normal 0 -1 0
    outer loop
      vertex -16.7198 -94.5 65.971
      vertex -16.5846 -94.5 66.1716
      vertex -16.5973 -94.5 66.1597
    endloop
  endfacet
  facet normal 0 -1 0
    outer loop
      vertex -2.25 -94.5 66.3
      vertex -2.1994 -94.5 66.2192
      vertex -2.23255 -94.5 66.2997
    endloop
  endfacet
  facet normal 0 -1 0
    outer loop
      vertex -16.7198 -94.5 65.971
      vertex -16.5973 -94.5 66.1597
      vertex -16.6097 -94.5 66.1473
    endloop
  endfacet
  facet normal -0 -1 0
    outer loop
      vertex -2.20677 -94.5 66.2034
      vertex -2.25 -94.5 66.3
      vertex -2.21359 -94.5 66.1873
    endloop
  endfacet
  facet normal 0 -1 0
    outer loop
      vertex -16.7198 -94.5 65.971
      vertex -16.6097 -94.5 66.1473
      vertex -16.6216 -94.5 66.1346
    endloop
  endfacet
  facet normal 0 -1 0
    outer loop
      vertex -16.7198 -94.5 65.971
      vertex -16.6216 -94.5 66.1346
      vertex -16.633 -94.5 66.1214
    endloop
  endfacet
  facet normal -0 -1 0
    outer loop
      vertex -2.21359 -94.5 66.1873
      vertex -2.25 -94.5 66.3
      vertex -2.21985 -94.5 66.171
    endloop
  endfacet
  facet normal 0 -1 0
    outer loop
      vertex -16.7198 -94.5 65.971
      vertex -16.633 -94.5 66.1214
      vertex -16.644 -94.5 66.1078
    endloop
  endfacet
  facet normal -0 -1 0
    outer loop
      vertex -2.22553 -94.5 66.1545
      vertex -2.25 -94.5 66.3
      vertex -2.23063 -94.5 66.1378
    endloop
  endfacet
  facet normal 0 -1 0
    outer loop
      vertex -16.7198 -94.5 65.971
      vertex -16.644 -94.5 66.1078
      vertex -16.6545 -94.5 66.0939
    endloop
  endfacet
  facet normal -0 -1 0
    outer loop
      vertex -2.23063 -94.5 66.1378
      vertex -2.25 -94.5 66.3
      vertex -2.23515 -94.5 66.121
    endloop
  endfacet
  facet normal 0 -1 0
    outer loop
      vertex -16.7198 -94.5 65.971
      vertex -16.6545 -94.5 66.0939
      vertex -16.6645 -94.5 66.0796
    endloop
  endfacet
  facet normal -0 -1 0
    outer loop
      vertex -2.23515 -94.5 66.121
      vertex -2.25 -94.5 66.3
      vertex -2.23907 -94.5 66.104
    endloop
  endfacet
  facet normal 0 -1 0
    outer loop
      vertex -16.7198 -94.5 65.971
      vertex -16.6645 -94.5 66.0796
      vertex -16.674 -94.5 66.065
    endloop
  endfacet
  facet normal -0 -1 0
    outer loop
      vertex -2.2424 -94.5 66.0868
      vertex -2.25 -94.5 66.3
      vertex -2.24513 -94.5 66.0696
    endloop
  endfacet
  facet normal 0 -1 0
    outer loop
      vertex -16.7198 -94.5 65.971
      vertex -16.674 -94.5 66.065
      vertex -16.683 -94.5 66.05
    endloop
  endfacet
  facet normal 0 -1 0
    outer loop
      vertex -2.25 -94.5 66.3
      vertex -2.24878 -94.5 66.0349
      vertex -2.24726 -94.5 66.0523
    endloop
  endfacet
  facet normal 0 -1 0
    outer loop
      vertex -16.7198 -94.5 65.971
      vertex -16.683 -94.5 66.05
      vertex -16.6915 -94.5 66.0347
    endloop
  endfacet
  facet normal 0 -1 0
    outer loop
      vertex -16.7198 -94.5 65.971
      vertex -16.6915 -94.5 66.0347
      vertex -16.6994 -94.5 66.0192
    endloop
  endfacet
  facet normal 0 -1 0
    outer loop
      vertex -2.25 -94.5 66.3
      vertex -2.24969 -94.5 66.0174
      vertex -2.24878 -94.5 66.0349
    endloop
  endfacet
  facet normal 0 -1 0
    outer loop
      vertex -16.7198 -94.5 65.971
      vertex -16.6994 -94.5 66.0192
      vertex -16.7068 -94.5 66.0034
    endloop
  endfacet
  facet normal 0 -1 0
    outer loop
      vertex -16.25 -94.5 66.3
      vertex -2.25 -94.5 66
      vertex -2.24969 -94.5 66.0174
    endloop
  endfacet
  facet normal 0 -1 0
    outer loop
      vertex -16.7198 -94.5 65.971
      vertex -16.7068 -94.5 66.0034
      vertex -16.7136 -94.5 65.9873
    endloop
  endfacet
  facet normal 0 -1 0
    outer loop
      vertex -16.25 -94.5 66.3
      vertex -2.24969 -94.5 65.9826
      vertex -2.25 -94.5 66
    endloop
  endfacet
  facet normal 0 -1 -0
    outer loop
      vertex -16.25 -94.5 66.3
      vertex -16.7198 -94.5 65.971
      vertex -12.0614 -94.5 57.8394
    endloop
  endfacet
  facet normal 0 -1 0
    outer loop
      vertex -16.25 -94.5 66.3
      vertex -2.24878 -94.5 65.9651
      vertex -2.24969 -94.5 65.9826
    endloop
  endfacet
  facet normal 0 -1 0
    outer loop
      vertex -16.25 -94.5 66.3
      vertex -2.24726 -94.5 65.9477
      vertex -2.24878 -94.5 65.9651
    endloop
  endfacet
  facet normal 0 -1 0
    outer loop
      vertex -16.25 -94.5 66.3
      vertex -9.94075 -94.5 58.1375
      vertex -2.24726 -94.5 65.9477
    endloop
  endfacet
  facet normal 0 -1 -0
    outer loop
      vertex -2.24726 -94.5 65.9477
      vertex -9.94075 -94.5 58.1375
      vertex -2.24513 -94.5 65.9304
    endloop
  endfacet
  facet normal 0 -1 0
    outer loop
      vertex -9.76168 -94.5 58.1218
      vertex -2.24513 -94.5 65.9304
      vertex -9.94075 -94.5 58.1375
    endloop
  endfacet
  facet normal 0 -1 -0
    outer loop
      vertex -2.24513 -94.5 65.9304
      vertex -9.76168 -94.5 58.1218
      vertex -2.2424 -94.5 65.9132
    endloop
  endfacet
  facet normal 0 -1 0
    outer loop
      vertex -16.25 -94.5 66.3
      vertex -10.3 -94.5 58.15
      vertex -10.1203 -94.5 58.1469
    endloop
  endfacet
  facet normal 0 -1 0
    outer loop
      vertex -16.25 -94.5 66.3
      vertex -10.4797 -94.5 58.1469
      vertex -10.3 -94.5 58.15
    endloop
  endfacet
  facet normal 0 -1 0
    outer loop
      vertex -16.25 -94.5 66.3
      vertex -10.6592 -94.5 58.1375
      vertex -10.4797 -94.5 58.1469
    endloop
  endfacet
  facet normal 0 -1 0
    outer loop
      vertex -16.25 -94.5 66.3
      vertex -10.8383 -94.5 58.1218
      vertex -10.6592 -94.5 58.1375
    endloop
  endfacet
  facet normal 0 -1 0
    outer loop
      vertex -16.25 -94.5 66.3
      vertex -11.0167 -94.5 58.0999
      vertex -10.8383 -94.5 58.1218
    endloop
  endfacet
  facet normal 0 -1 0
    outer loop
      vertex -16.25 -94.5 66.3
      vertex -11.1943 -94.5 58.0718
      vertex -11.0167 -94.5 58.0999
    endloop
  endfacet
  facet normal 0 -1 0
    outer loop
      vertex -16.25 -94.5 66.3
      vertex -11.3707 -94.5 58.0375
      vertex -11.1943 -94.5 58.0718
    endloop
  endfacet
  facet normal 0 -1 0
    outer loop
      vertex -16.25 -94.5 66.3
      vertex -11.5459 -94.5 57.997
      vertex -11.3707 -94.5 58.0375
    endloop
  endfacet
  facet normal 0 -1 0
    outer loop
      vertex -16.25 -94.5 66.3
      vertex -11.7195 -94.5 57.9505
      vertex -11.5459 -94.5 57.997
    endloop
  endfacet
  facet normal 0 -1 0
    outer loop
      vertex -16.25 -94.5 66.3
      vertex -11.8914 -94.5 57.8979
      vertex -11.7195 -94.5 57.9505
    endloop
  endfacet
  facet normal 0 -1 0
    outer loop
      vertex -16.25 -94.5 66.3
      vertex -12.0614 -94.5 57.8394
      vertex -11.8914 -94.5 57.8979
    endloop
  endfacet
  facet normal 0 -1 0
    outer loop
      vertex -16.7198 -94.5 65.971
      vertex -12.2292 -94.5 57.775
      vertex -12.0614 -94.5 57.8394
    endloop
  endfacet
  facet normal 0 -1 0
    outer loop
      vertex -16.7198 -94.5 65.971
      vertex -12.3947 -94.5 57.7048
      vertex -12.2292 -94.5 57.775
    endloop
  endfacet
  facet normal 0 -1 0
    outer loop
      vertex -16.7198 -94.5 65.971
      vertex -12.5576 -94.5 57.6288
      vertex -12.3947 -94.5 57.7048
    endloop
  endfacet
  facet normal 0 -1 0
    outer loop
      vertex -16.7198 -94.5 65.971
      vertex -12.7178 -94.5 57.5472
      vertex -12.5576 -94.5 57.6288
    endloop
  endfacet
  facet normal 0 -1 0
    outer loop
      vertex -16.7198 -94.5 65.971
      vertex -12.875 -94.5 57.46
      vertex -12.7178 -94.5 57.5472
    endloop
  endfacet
  facet normal 0 -1 0
    outer loop
      vertex -16.7198 -94.5 65.971
      vertex -13.0291 -94.5 57.3674
      vertex -12.875 -94.5 57.46
    endloop
  endfacet
  facet normal 0 -1 0
    outer loop
      vertex -16.7198 -94.5 65.971
      vertex -13.1798 -94.5 57.2695
      vertex -13.0291 -94.5 57.3674
    endloop
  endfacet
  facet normal 0 -1 0
    outer loop
      vertex -16.7198 -94.5 65.971
      vertex -13.3271 -94.5 57.1664
      vertex -13.1798 -94.5 57.2695
    endloop
  endfacet
  facet normal 0 -1 0
    outer loop
      vertex -16.7198 -94.5 65.971
      vertex -13.4707 -94.5 57.0583
      vertex -13.3271 -94.5 57.1664
    endloop
  endfacet
  facet normal 0 -1 0
    outer loop
      vertex -16.7198 -94.5 65.971
      vertex -13.6104 -94.5 56.9451
      vertex -13.4707 -94.5 57.0583
    endloop
  endfacet
  facet normal 0 -1 0
    outer loop
      vertex -16.7198 -94.5 65.971
      vertex -13.746 -94.5 56.8272
      vertex -13.6104 -94.5 56.9451
    endloop
  endfacet
  facet normal 0 -1 0
    outer loop
      vertex -16.7198 -94.5 65.971
      vertex -13.8775 -94.5 56.7046
      vertex -13.746 -94.5 56.8272
    endloop
  endfacet
  facet normal 0 -1 0
    outer loop
      vertex -16.7198 -94.5 65.971
      vertex -14.0046 -94.5 56.5775
      vertex -13.8775 -94.5 56.7046
    endloop
  endfacet
  facet normal 0 -1 0
    outer loop
      vertex -16.7198 -94.5 65.971
      vertex -14.1272 -94.5 56.446
      vertex -14.0046 -94.5 56.5775
    endloop
  endfacet
  facet normal 0 -1 0
    outer loop
      vertex -16.7198 -94.5 65.971
      vertex -14.2451 -94.5 56.3104
      vertex -14.1272 -94.5 56.446
    endloop
  endfacet
  facet normal 0 -1 0
    outer loop
      vertex -16.7198 -94.5 65.971
      vertex -14.3583 -94.5 56.1707
      vertex -14.2451 -94.5 56.3104
    endloop
  endfacet
  facet normal 0 -1 0
    outer loop
      vertex -16.7198 -94.5 65.971
      vertex -14.4664 -94.5 56.0271
      vertex -14.3583 -94.5 56.1707
    endloop
  endfacet
  facet normal 0 -1 0
    outer loop
      vertex -16.7198 -94.5 65.971
      vertex -14.5695 -94.5 55.8798
      vertex -14.4664 -94.5 56.0271
    endloop
  endfacet
  facet normal 0 -1 0
    outer loop
      vertex -16.7198 -94.5 65.971
      vertex -14.6674 -94.5 55.7291
      vertex -14.5695 -94.5 55.8798
    endloop
  endfacet
  facet normal 0 -1 0
    outer loop
      vertex -16.7198 -94.5 65.971
      vertex -14.76 -94.5 55.575
      vertex -14.6674 -94.5 55.7291
    endloop
  endfacet
  facet normal 0 -1 0
    outer loop
      vertex -16.7198 -94.5 65.971
      vertex -14.8472 -94.5 55.4178
      vertex -14.76 -94.5 55.575
    endloop
  endfacet
  facet normal 0 -1 0
    outer loop
      vertex -16.7198 -94.5 65.971
      vertex -14.9288 -94.5 55.2576
      vertex -14.8472 -94.5 55.4178
    endloop
  endfacet
  facet normal 0 -1 0
    outer loop
      vertex -22.65 -94.5 49.8
      vertex -14.9288 -94.5 55.2576
      vertex -16.7198 -94.5 65.971
    endloop
  endfacet
  facet normal 0 -1 0
    outer loop
      vertex -14.9288 -94.5 55.2576
      vertex -22.65 -94.5 49.8
      vertex -15.0048 -94.5 55.0947
    endloop
  endfacet
  facet normal 0 -1 0
    outer loop
      vertex -15.0048 -94.5 55.0947
      vertex -22.65 -94.5 49.8
      vertex -15.075 -94.5 54.9292
    endloop
  endfacet
  facet normal 0 -1 0
    outer loop
      vertex -15.075 -94.5 54.9292
      vertex -22.65 -94.5 49.8
      vertex -15.1394 -94.5 54.7614
    endloop
  endfacet
  facet normal 0 -1 0
    outer loop
      vertex -15.1394 -94.5 54.7614
      vertex -22.65 -94.5 49.8
      vertex -15.1979 -94.5 54.5914
    endloop
  endfacet
  facet normal 0 -1 0
    outer loop
      vertex -15.1979 -94.5 54.5914
      vertex -22.65 -94.5 49.8
      vertex -15.2505 -94.5 54.4195
    endloop
  endfacet
  facet normal 0 -1 0
    outer loop
      vertex -15.2505 -94.5 54.4195
      vertex -22.65 -94.5 49.8
      vertex -15.297 -94.5 54.2459
    endloop
  endfacet
  facet normal 0 -1 0
    outer loop
      vertex -15.297 -94.5 54.2459
      vertex -22.65 -94.5 49.8
      vertex -15.3375 -94.5 54.0707
    endloop
  endfacet
  facet normal 0 -1 0
    outer loop
      vertex -15.3375 -94.5 54.0707
      vertex -22.65 -94.5 49.8
      vertex -15.3718 -94.5 53.8943
    endloop
  endfacet
  facet normal 0 -1 0
    outer loop
      vertex -15.3718 -94.5 53.8943
      vertex -22.65 -94.5 49.8
      vertex -15.3999 -94.5 53.7167
    endloop
  endfacet
  facet normal 0 -1 0
    outer loop
      vertex -15.3999 -94.5 53.7167
      vertex -22.65 -94.5 49.8
      vertex -15.4218 -94.5 53.5383
    endloop
  endfacet
  facet normal 0 -1 0
    outer loop
      vertex -15.4218 -94.5 53.5383
      vertex -22.65 -94.5 49.8
      vertex -15.4375 -94.5 53.3592
    endloop
  endfacet
  facet normal 0 -1 0
    outer loop
      vertex -15.4375 -94.5 53.3592
      vertex -22.65 -94.5 49.8
      vertex -15.4469 -94.5 53.1797
    endloop
  endfacet
  facet normal 0 -1 0
    outer loop
      vertex -15.4469 -94.5 53.1797
      vertex -22.65 -94.5 49.8
      vertex -15.45 -94.5 53
    endloop
  endfacet
  facet normal 0 -1 -0
    outer loop
      vertex -15.45 -94.5 53
      vertex -22.65 -94.5 49.8
      vertex -15.4469 -94.5 52.8203
    endloop
  endfacet
  facet normal 0 -1 -0
    outer loop
      vertex -15.4469 -94.5 52.8203
      vertex -22.65 -94.5 49.8
      vertex -15.4375 -94.5 52.6408
    endloop
  endfacet
  facet normal 0 -1 -0
    outer loop
      vertex -15.4375 -94.5 52.6408
      vertex -22.65 -94.5 49.8
      vertex -15.4218 -94.5 52.4617
    endloop
  endfacet
  facet normal 0 -1 0
    outer loop
      vertex -22.65 -94.5 49.8
      vertex -15.3999 -94.5 52.2833
      vertex -15.4218 -94.5 52.4617
    endloop
  endfacet
  facet normal 0 -1 0
    outer loop
      vertex -22.65 -94.5 49.8
      vertex -15.3718 -94.5 52.1057
      vertex -15.3999 -94.5 52.2833
    endloop
  endfacet
  facet normal 0 -1 0
    outer loop
      vertex -22.65 -94.5 49.8
      vertex -15.3375 -94.5 51.9293
      vertex -15.3718 -94.5 52.1057
    endloop
  endfacet
  facet normal 0 -1 0
    outer loop
      vertex -22.65 -94.5 49.8
      vertex -15.297 -94.5 51.7541
      vertex -15.3375 -94.5 51.9293
    endloop
  endfacet
  facet normal 0 -1 0
    outer loop
      vertex -22.65 -94.5 49.8
      vertex -15.2505 -94.5 51.5805
      vertex -15.297 -94.5 51.7541
    endloop
  endfacet
  facet normal 0 -1 0
    outer loop
      vertex -22.65 -94.5 49.8
      vertex -15.1979 -94.5 51.4086
      vertex -15.2505 -94.5 51.5805
    endloop
  endfacet
  facet normal 0 -1 0
    outer loop
      vertex -22.65 -94.5 49.8
      vertex -15.1394 -94.5 51.2386
      vertex -15.1979 -94.5 51.4086
    endloop
  endfacet
  facet normal 0 -1 0
    outer loop
      vertex -22.65 -94.5 49.8
      vertex -15.075 -94.5 51.0708
      vertex -15.1394 -94.5 51.2386
    endloop
  endfacet
  facet normal 0 -1 0
    outer loop
      vertex -22.65 -94.5 49.8
      vertex -15.0048 -94.5 50.9053
      vertex -15.075 -94.5 51.0708
    endloop
  endfacet
  facet normal 0 -1 0
    outer loop
      vertex -22.65 -94.5 49.8
      vertex -14.9288 -94.5 50.7424
      vertex -15.0048 -94.5 50.9053
    endloop
  endfacet
  facet normal 0 -1 0
    outer loop
      vertex -22.65 -94.5 49.8
      vertex -14.8472 -94.5 50.5822
      vertex -14.9288 -94.5 50.7424
    endloop
  endfacet
  facet normal 0 -1 0
    outer loop
      vertex -22.65 -94.5 49.8
      vertex -14.76 -94.5 50.425
      vertex -14.8472 -94.5 50.5822
    endloop
  endfacet
  facet normal 0 -1 0
    outer loop
      vertex -22.65 -94.5 49.8
      vertex -14.6674 -94.5 50.2709
      vertex -14.76 -94.5 50.425
    endloop
  endfacet
  facet normal 0 -1 0
    outer loop
      vertex -22.65 -94.5 49.8
      vertex -14.5695 -94.5 50.1202
      vertex -14.6674 -94.5 50.2709
    endloop
  endfacet
  facet normal 0 -1 0
    outer loop
      vertex -22.65 -94.5 49.8
      vertex -14.4664 -94.5 49.9729
      vertex -14.5695 -94.5 50.1202
    endloop
  endfacet
  facet normal 0 -1 0
    outer loop
      vertex -22.65 -94.5 44.8
      vertex -14.4664 -94.5 49.9729
      vertex -22.65 -94.5 49.8
    endloop
  endfacet
  facet normal 0 -1 -0
    outer loop
      vertex -14.4664 -94.5 49.9729
      vertex -22.65 -94.5 44.8
      vertex -14.3583 -94.5 49.8293
    endloop
  endfacet
  facet normal 0 -1 -0
    outer loop
      vertex -14.3583 -94.5 49.8293
      vertex -22.65 -94.5 44.8
      vertex -14.2451 -94.5 49.6896
    endloop
  endfacet
  facet normal 0 -1 -0
    outer loop
      vertex -14.2451 -94.5 49.6896
      vertex -22.65 -94.5 44.8
      vertex -14.1272 -94.5 49.554
    endloop
  endfacet
  facet normal 0 -1 -0
    outer loop
      vertex -14.1272 -94.5 49.554
      vertex -22.65 -94.5 44.8
      vertex -14.0046 -94.5 49.4225
    endloop
  endfacet
  facet normal 0 -1 -0
    outer loop
      vertex -14.0046 -94.5 49.4225
      vertex -22.65 -94.5 44.8
      vertex -13.8775 -94.5 49.2954
    endloop
  endfacet
  facet normal 0 -1 -0
    outer loop
      vertex -13.8775 -94.5 49.2954
      vertex -22.65 -94.5 44.8
      vertex -13.746 -94.5 49.1728
    endloop
  endfacet
  facet normal 0 -1 -0
    outer loop
      vertex -13.746 -94.5 49.1728
      vertex -22.65 -94.5 44.8
      vertex -13.6104 -94.5 49.0549
    endloop
  endfacet
  facet normal 0 -1 -0
    outer loop
      vertex -13.6104 -94.5 49.0549
      vertex -22.65 -94.5 44.8
      vertex -13.4707 -94.5 48.9417
    endloop
  endfacet
  facet normal 0 -1 -0
    outer loop
      vertex -13.4707 -94.5 48.9417
      vertex -22.65 -94.5 44.8
      vertex -13.3271 -94.5 48.8336
    endloop
  endfacet
  facet normal 0 -1 -0
    outer loop
      vertex -13.3271 -94.5 48.8336
      vertex -22.65 -94.5 44.8
      vertex -13.1798 -94.5 48.7305
    endloop
  endfacet
  facet normal 0 -1 -0
    outer loop
      vertex -13.1798 -94.5 48.7305
      vertex -22.65 -94.5 44.8
      vertex -13.0291 -94.5 48.6326
    endloop
  endfacet
  facet normal 0 -1 -0
    outer loop
      vertex -13.0291 -94.5 48.6326
      vertex -22.65 -94.5 44.8
      vertex -12.875 -94.5 48.54
    endloop
  endfacet
  facet normal 0 -1 -0
    outer loop
      vertex -12.875 -94.5 48.54
      vertex -22.65 -94.5 44.8
      vertex -12.7178 -94.5 48.4528
    endloop
  endfacet
  facet normal 0 -1 -0
    outer loop
      vertex -12.7178 -94.5 48.4528
      vertex -22.65 -94.5 44.8
      vertex -12.5576 -94.5 48.3712
    endloop
  endfacet
  facet normal 0 -1 -0
    outer loop
      vertex -12.5576 -94.5 48.3712
      vertex -22.65 -94.5 44.8
      vertex -12.3947 -94.5 48.2952
    endloop
  endfacet
  facet normal 0 -1 -0
    outer loop
      vertex -12.3947 -94.5 48.2952
      vertex -22.65 -94.5 44.8
      vertex -12.2292 -94.5 48.225
    endloop
  endfacet
  facet normal 0 -1 -0
    outer loop
      vertex -12.2292 -94.5 48.225
      vertex -22.65 -94.5 44.8
      vertex -12.0614 -94.5 48.1606
    endloop
  endfacet
  facet normal 0 -1 -0
    outer loop
      vertex -12.0614 -94.5 48.1606
      vertex -22.65 -94.5 44.8
      vertex -11.8914 -94.5 48.1021
    endloop
  endfacet
  facet normal 0 -1 -0
    outer loop
      vertex -11.8914 -94.5 48.1021
      vertex -22.65 -94.5 44.8
      vertex -11.7195 -94.5 48.0495
    endloop
  endfacet
  facet normal 0 -1 -0
    outer loop
      vertex -11.7195 -94.5 48.0495
      vertex -22.65 -94.5 44.8
      vertex -11.5459 -94.5 48.003
    endloop
  endfacet
  facet normal 0 -1 -0
    outer loop
      vertex -11.5459 -94.5 48.003
      vertex -22.65 -94.5 44.8
      vertex -11.3707 -94.5 47.9625
    endloop
  endfacet
  facet normal 0 -1 0
    outer loop
      vertex -0.95 -94.5 44.8
      vertex -10.4797 -94.5 47.8531
      vertex -22.65 -94.5 44.8
    endloop
  endfacet
  facet normal 0 -1 -0
    outer loop
      vertex -10.6592 -94.5 47.8625
      vertex -22.65 -94.5 44.8
      vertex -10.4797 -94.5 47.8531
    endloop
  endfacet
  facet normal 0 -1 -0
    outer loop
      vertex -10.8383 -94.5 47.8782
      vertex -22.65 -94.5 44.8
      vertex -10.6592 -94.5 47.8625
    endloop
  endfacet
  facet normal 0 -1 -0
    outer loop
      vertex -11.0167 -94.5 47.9001
      vertex -22.65 -94.5 44.8
      vertex -10.8383 -94.5 47.8782
    endloop
  endfacet
  facet normal 0 -1 -0
    outer loop
      vertex -11.1943 -94.5 47.9282
      vertex -22.65 -94.5 44.8
      vertex -11.0167 -94.5 47.9001
    endloop
  endfacet
  facet normal 0 -1 -0
    outer loop
      vertex -11.3707 -94.5 47.9625
      vertex -22.65 -94.5 44.8
      vertex -11.1943 -94.5 47.9282
    endloop
  endfacet
  facet normal 0 -1 0
    outer loop
      vertex -16.25 -94.5 66.3
      vertex -10.1203 -94.5 58.1469
      vertex -9.94075 -94.5 58.1375
    endloop
  endfacet
  facet normal 0 -1 0
    outer loop
      vertex -9.58326 -94.5 58.0999
      vertex -2.2424 -94.5 65.9132
      vertex -9.76168 -94.5 58.1218
    endloop
  endfacet
  facet normal 0 -1 -0
    outer loop
      vertex -2.2424 -94.5 65.9132
      vertex -9.58326 -94.5 58.0999
      vertex -2.23907 -94.5 65.896
    endloop
  endfacet
  facet normal 0 -1 -0
    outer loop
      vertex -2.23907 -94.5 65.896
      vertex -9.58326 -94.5 58.0999
      vertex -2.23515 -94.5 65.879
    endloop
  endfacet
  facet normal 0 -1 0
    outer loop
      vertex -9.40571 -94.5 58.0718
      vertex -2.23515 -94.5 65.879
      vertex -9.58326 -94.5 58.0999
    endloop
  endfacet
  facet normal 0 -1 0
    outer loop
      vertex -9.22925 -94.5 58.0375
      vertex -2.23515 -94.5 65.879
      vertex -9.40571 -94.5 58.0718
    endloop
  endfacet
  facet normal 0 -1 0
    outer loop
      vertex -9.0541 -94.5 57.997
      vertex -2.23515 -94.5 65.879
      vertex -9.22925 -94.5 58.0375
    endloop
  endfacet
  facet normal 0 -1 0
    outer loop
      vertex -8.88047 -94.5 57.9505
      vertex -2.23515 -94.5 65.879
      vertex -9.0541 -94.5 57.997
    endloop
  endfacet
  facet normal 0 -1 0
    outer loop
      vertex -8.70856 -94.5 57.8979
      vertex -2.23515 -94.5 65.879
      vertex -8.88047 -94.5 57.9505
    endloop
  endfacet
  facet normal 0 -1 0
    outer loop
      vertex -8.5386 -94.5 57.8394
      vertex -2.23515 -94.5 65.879
      vertex -8.70856 -94.5 57.8979
    endloop
  endfacet
  facet normal 0 -1 0
    outer loop
      vertex -8.37078 -94.5 57.775
      vertex -2.23515 -94.5 65.879
      vertex -8.5386 -94.5 57.8394
    endloop
  endfacet
  facet normal 0 -1 0
    outer loop
      vertex -8.20531 -94.5 57.7048
      vertex -2.23515 -94.5 65.879
      vertex -8.37078 -94.5 57.775
    endloop
  endfacet
  facet normal 0 -1 0
    outer loop
      vertex -8.04239 -94.5 57.6288
      vertex -2.23515 -94.5 65.879
      vertex -8.20531 -94.5 57.7048
    endloop
  endfacet
  facet normal 0 -1 0
    outer loop
      vertex -7.88222 -94.5 57.5472
      vertex -2.23515 -94.5 65.879
      vertex -8.04239 -94.5 57.6288
    endloop
  endfacet
  facet normal 0 -1 0
    outer loop
      vertex -7.725 -94.5 57.46
      vertex -2.23515 -94.5 65.879
      vertex -7.88222 -94.5 57.5472
    endloop
  endfacet
  facet normal 0 -1 0
    outer loop
      vertex -7.57092 -94.5 57.3674
      vertex -2.23515 -94.5 65.879
      vertex -7.725 -94.5 57.46
    endloop
  endfacet
  facet normal 0 -1 0
    outer loop
      vertex -7.42016 -94.5 57.2695
      vertex -2.23515 -94.5 65.879
      vertex -7.57092 -94.5 57.3674
    endloop
  endfacet
  facet normal 0 -1 0
    outer loop
      vertex -7.27291 -94.5 57.1664
      vertex -2.23515 -94.5 65.879
      vertex -7.42016 -94.5 57.2695
    endloop
  endfacet
  facet normal 0 -1 0
    outer loop
      vertex -7.12934 -94.5 57.0583
      vertex -2.23515 -94.5 65.879
      vertex -7.27291 -94.5 57.1664
    endloop
  endfacet
  facet normal 0 -1 0
    outer loop
      vertex -6.98964 -94.5 56.9451
      vertex -2.23515 -94.5 65.879
      vertex -7.12934 -94.5 57.0583
    endloop
  endfacet
  facet normal 0 -1 0
    outer loop
      vertex -6.85398 -94.5 56.8272
      vertex -2.23515 -94.5 65.879
      vertex -6.98964 -94.5 56.9451
    endloop
  endfacet
  facet normal 0 -1 0
    outer loop
      vertex -6.72251 -94.5 56.7046
      vertex -2.23515 -94.5 65.879
      vertex -6.85398 -94.5 56.8272
    endloop
  endfacet
  facet normal 0 -1 0
    outer loop
      vertex -6.5954 -94.5 56.5775
      vertex -2.23515 -94.5 65.879
      vertex -6.72251 -94.5 56.7046
    endloop
  endfacet
  facet normal 0 -1 0
    outer loop
      vertex -6.4728 -94.5 56.446
      vertex -2.23515 -94.5 65.879
      vertex -6.5954 -94.5 56.5775
    endloop
  endfacet
  facet normal 0 -1 0
    outer loop
      vertex -6.35487 -94.5 56.3104
      vertex -2.23515 -94.5 65.879
      vertex -6.4728 -94.5 56.446
    endloop
  endfacet
  facet normal 0 -1 0
    outer loop
      vertex -6.24174 -94.5 56.1707
      vertex -2.23515 -94.5 65.879
      vertex -6.35487 -94.5 56.3104
    endloop
  endfacet
  facet normal 0 -1 0
    outer loop
      vertex -6.13356 -94.5 56.0271
      vertex -2.23515 -94.5 65.879
      vertex -6.24174 -94.5 56.1707
    endloop
  endfacet
  facet normal 0 -1 0
    outer loop
      vertex -6.03046 -94.5 55.8798
      vertex -2.23515 -94.5 65.879
      vertex -6.13356 -94.5 56.0271
    endloop
  endfacet
  facet normal 0 -1 0
    outer loop
      vertex -5.93255 -94.5 55.7291
      vertex -2.23515 -94.5 65.879
      vertex -6.03046 -94.5 55.8798
    endloop
  endfacet
  facet normal 0 -1 0
    outer loop
      vertex -5.83997 -94.5 55.575
      vertex -2.23515 -94.5 65.879
      vertex -5.93255 -94.5 55.7291
    endloop
  endfacet
  facet normal 0 -1 0
    outer loop
      vertex -5.75282 -94.5 55.4178
      vertex -2.23515 -94.5 65.879
      vertex -5.83997 -94.5 55.575
    endloop
  endfacet
  facet normal 0 -1 0
    outer loop
      vertex 1.17301 -94.5 51.5
      vertex -5.75282 -94.5 55.4178
      vertex -5.67121 -94.5 55.2576
    endloop
  endfacet
  facet normal 0 -1 0
    outer loop
      vertex 1.17301 -94.5 51.5
      vertex -5.67121 -94.5 55.2576
      vertex -5.59524 -94.5 55.0947
    endloop
  endfacet
  facet normal 0 -1 0
    outer loop
      vertex -0.95 -94.5 51.5
      vertex -5.59524 -94.5 55.0947
      vertex -5.525 -94.5 54.9292
    endloop
  endfacet
  facet normal 0 -1 0
    outer loop
      vertex -0.95 -94.5 51.5
      vertex -5.525 -94.5 54.9292
      vertex -5.46058 -94.5 54.7614
    endloop
  endfacet
  facet normal 0 -1 0
    outer loop
      vertex -0.95 -94.5 51.5
      vertex -5.46058 -94.5 54.7614
      vertex -5.40206 -94.5 54.5914
    endloop
  endfacet
  facet normal 0 -1 0
    outer loop
      vertex -0.95 -94.5 51.5
      vertex -5.40206 -94.5 54.5914
      vertex -5.3495 -94.5 54.4195
    endloop
  endfacet
  facet normal 0 -1 0
    outer loop
      vertex -0.95 -94.5 51.5
      vertex -5.3495 -94.5 54.4195
      vertex -5.30298 -94.5 54.2459
    endloop
  endfacet
  facet normal 0 -1 0
    outer loop
      vertex -0.95 -94.5 51.5
      vertex -5.30298 -94.5 54.2459
      vertex -5.26254 -94.5 54.0707
    endloop
  endfacet
  facet normal 0 -1 0
    outer loop
      vertex -0.95 -94.5 51.5
      vertex -5.26254 -94.5 54.0707
      vertex -5.22824 -94.5 53.8943
    endloop
  endfacet
  facet normal 0 -1 0
    outer loop
      vertex -0.95 -94.5 51.5
      vertex -5.22824 -94.5 53.8943
      vertex -5.20012 -94.5 53.7167
    endloop
  endfacet
  facet normal 0 -1 0
    outer loop
      vertex -0.95 -94.5 51.5
      vertex -5.20012 -94.5 53.7167
      vertex -5.17821 -94.5 53.5383
    endloop
  endfacet
  facet normal 0 -1 0
    outer loop
      vertex -0.95 -94.5 51.5
      vertex -5.17821 -94.5 53.5383
      vertex -5.16254 -94.5 53.3592
    endloop
  endfacet
  facet normal 0 -1 0
    outer loop
      vertex -0.95 -94.5 51.5
      vertex -5.16254 -94.5 53.3592
      vertex -5.15314 -94.5 53.1797
    endloop
  endfacet
  facet normal 0 -1 0
    outer loop
      vertex -0.95 -94.5 51.5
      vertex -5.15314 -94.5 53.1797
      vertex -5.15 -94.5 53
    endloop
  endfacet
  facet normal 0 -1 0
    outer loop
      vertex -0.95 -94.5 51.5
      vertex -5.15 -94.5 53
      vertex -5.15314 -94.5 52.8203
    endloop
  endfacet
  facet normal 0 -1 0
    outer loop
      vertex -0.95 -94.5 51.5
      vertex -5.15314 -94.5 52.8203
      vertex -5.16254 -94.5 52.6408
    endloop
  endfacet
  facet normal 0 -1 0
    outer loop
      vertex -0.95 -94.5 51.5
      vertex -5.16254 -94.5 52.6408
      vertex -5.17821 -94.5 52.4617
    endloop
  endfacet
  facet normal 0 -1 0
    outer loop
      vertex -0.95 -94.5 51.5
      vertex -5.17821 -94.5 52.4617
      vertex -5.20012 -94.5 52.2833
    endloop
  endfacet
  facet normal 0 -1 0
    outer loop
      vertex -0.95 -94.5 51.5
      vertex -5.20012 -94.5 52.2833
      vertex -5.22824 -94.5 52.1057
    endloop
  endfacet
  facet normal 0 -1 0
    outer loop
      vertex -0.95 -94.5 51.5
      vertex -5.22824 -94.5 52.1057
      vertex -5.26254 -94.5 51.9293
    endloop
  endfacet
  facet normal 0 -1 0
    outer loop
      vertex -0.95 -94.5 51.5
      vertex -5.30298 -94.5 51.7541
      vertex -5.3495 -94.5 51.5805
    endloop
  endfacet
  facet normal 0 -1 0
    outer loop
      vertex -0.95 -94.5 51.5
      vertex -5.26254 -94.5 51.9293
      vertex -5.30298 -94.5 51.7541
    endloop
  endfacet
  facet normal 0 -1 0
    outer loop
      vertex -5.59524 -94.5 55.0947
      vertex -0.95 -94.5 51.5
      vertex 1.17301 -94.5 51.5
    endloop
  endfacet
  facet normal 0 -1 0
    outer loop
      vertex -5.75282 -94.5 55.4178
      vertex 1.17301 -94.5 51.5
      vertex -2.23515 -94.5 65.879
    endloop
  endfacet
  facet normal 0 0 0
    outer loop
      vertex 3.55 -94.5 44.8
      vertex -0.95 -94.5 44.8
      vertex -22.65 -94.5 44.8
    endloop
  endfacet
  facet normal -0.938861 0 0.344297
    outer loop
      vertex -22.65 -94.5 49.8
      vertex -16.7198 -89.5 65.971
      vertex -22.65 -89.5 49.8
    endloop
  endfacet
  facet normal -0.938861 0 0.344297
    outer loop
      vertex -16.7198 -89.5 65.971
      vertex -22.65 -94.5 49.8
      vertex -16.7198 -94.5 65.971
    endloop
  endfacet
  facet normal -1 0 0
    outer loop
      vertex -22.65 -94.5 44.8
      vertex -22.65 -89.5 49.8
      vertex -22.65 -89.5 44.8
    endloop
  endfacet
  facet normal -1 -0 0
    outer loop
      vertex -22.65 -89.5 49.8
      vertex -22.65 -94.5 44.8
      vertex -22.65 -94.5 49.8
    endloop
  endfacet
  facet normal 0 1 0
    outer loop
      vertex -16.25 -89.5 66.3
      vertex -10.1203 -89.5 58.1469
      vertex -10.3 -89.5 58.15
    endloop
  endfacet
  facet normal 0 1 0
    outer loop
      vertex -2.23907 -89.5 65.896
      vertex -9.94075 -89.5 58.1375
      vertex -10.1203 -89.5 58.1469
    endloop
  endfacet
  facet normal 0 1 0
    outer loop
      vertex -2.23907 -89.5 65.896
      vertex -9.76168 -89.5 58.1218
      vertex -9.94075 -89.5 58.1375
    endloop
  endfacet
  facet normal 0 1 0
    outer loop
      vertex -2.23907 -89.5 65.896
      vertex -9.58326 -89.5 58.0999
      vertex -9.76168 -89.5 58.1218
    endloop
  endfacet
  facet normal 0 1 0
    outer loop
      vertex -2.23515 -89.5 65.879
      vertex -9.40571 -89.5 58.0718
      vertex -9.58326 -89.5 58.0999
    endloop
  endfacet
  facet normal 0 1 0
    outer loop
      vertex -2.23515 -89.5 65.879
      vertex -9.22925 -89.5 58.0375
      vertex -9.40571 -89.5 58.0718
    endloop
  endfacet
  facet normal 0 1 0
    outer loop
      vertex -2.23515 -89.5 65.879
      vertex -9.0541 -89.5 57.997
      vertex -9.22925 -89.5 58.0375
    endloop
  endfacet
  facet normal 0 1 0
    outer loop
      vertex -2.23515 -89.5 65.879
      vertex -8.88047 -89.5 57.9505
      vertex -9.0541 -89.5 57.997
    endloop
  endfacet
  facet normal 0 1 0
    outer loop
      vertex -2.23515 -89.5 65.879
      vertex -8.70856 -89.5 57.8979
      vertex -8.88047 -89.5 57.9505
    endloop
  endfacet
  facet normal 0 1 0
    outer loop
      vertex -2.23515 -89.5 65.879
      vertex -8.5386 -89.5 57.8394
      vertex -8.70856 -89.5 57.8979
    endloop
  endfacet
  facet normal 0 1 0
    outer loop
      vertex -2.23515 -89.5 65.879
      vertex -8.37078 -89.5 57.775
      vertex -8.5386 -89.5 57.8394
    endloop
  endfacet
  facet normal 0 1 0
    outer loop
      vertex -2.23515 -89.5 65.879
      vertex -8.20531 -89.5 57.7048
      vertex -8.37078 -89.5 57.775
    endloop
  endfacet
  facet normal 0 1 0
    outer loop
      vertex -2.23515 -89.5 65.879
      vertex -8.04239 -89.5 57.6288
      vertex -8.20531 -89.5 57.7048
    endloop
  endfacet
  facet normal 0 1 0
    outer loop
      vertex -2.23515 -89.5 65.879
      vertex -7.88222 -89.5 57.5472
      vertex -8.04239 -89.5 57.6288
    endloop
  endfacet
  facet normal 0 1 0
    outer loop
      vertex -2.23515 -89.5 65.879
      vertex -7.725 -89.5 57.46
      vertex -7.88222 -89.5 57.5472
    endloop
  endfacet
  facet normal 0 1 0
    outer loop
      vertex -2.23515 -89.5 65.879
      vertex -7.57092 -89.5 57.3674
      vertex -7.725 -89.5 57.46
    endloop
  endfacet
  facet normal 0 1 0
    outer loop
      vertex -2.23515 -89.5 65.879
      vertex -7.42016 -89.5 57.2695
      vertex -7.57092 -89.5 57.3674
    endloop
  endfacet
  facet normal 0 1 0
    outer loop
      vertex -2.23515 -89.5 65.879
      vertex -7.27291 -89.5 57.1664
      vertex -7.42016 -89.5 57.2695
    endloop
  endfacet
  facet normal 0 1 0
    outer loop
      vertex -2.23515 -89.5 65.879
      vertex -7.12934 -89.5 57.0583
      vertex -7.27291 -89.5 57.1664
    endloop
  endfacet
  facet normal 0 1 0
    outer loop
      vertex -2.23515 -89.5 65.879
      vertex -6.98964 -89.5 56.9451
      vertex -7.12934 -89.5 57.0583
    endloop
  endfacet
  facet normal 0 1 0
    outer loop
      vertex -2.23515 -89.5 65.879
      vertex -6.85398 -89.5 56.8272
      vertex -6.98964 -89.5 56.9451
    endloop
  endfacet
  facet normal 0 1 0
    outer loop
      vertex -2.23515 -89.5 65.879
      vertex -6.72251 -89.5 56.7046
      vertex -6.85398 -89.5 56.8272
    endloop
  endfacet
  facet normal 0 1 0
    outer loop
      vertex -2.23515 -89.5 65.879
      vertex -6.5954 -89.5 56.5775
      vertex -6.72251 -89.5 56.7046
    endloop
  endfacet
  facet normal 0 1 0
    outer loop
      vertex -2.23515 -89.5 65.879
      vertex -6.4728 -89.5 56.446
      vertex -6.5954 -89.5 56.5775
    endloop
  endfacet
  facet normal 0 1 0
    outer loop
      vertex -2.23515 -89.5 65.879
      vertex -6.35487 -89.5 56.3104
      vertex -6.4728 -89.5 56.446
    endloop
  endfacet
  facet normal 0 1 0
    outer loop
      vertex -2.23515 -89.5 65.879
      vertex -6.24174 -89.5 56.1707
      vertex -6.35487 -89.5 56.3104
    endloop
  endfacet
  facet normal 0 1 0
    outer loop
      vertex -2.23515 -89.5 65.879
      vertex -6.13356 -89.5 56.0271
      vertex -6.24174 -89.5 56.1707
    endloop
  endfacet
  facet normal 0 1 0
    outer loop
      vertex -2.23515 -89.5 65.879
      vertex -6.03046 -89.5 55.8798
      vertex -6.13356 -89.5 56.0271
    endloop
  endfacet
  facet normal 0 1 0
    outer loop
      vertex -2.23515 -89.5 65.879
      vertex -5.93255 -89.5 55.7291
      vertex -6.03046 -89.5 55.8798
    endloop
  endfacet
  facet normal 0 1 0
    outer loop
      vertex -2.23515 -89.5 65.879
      vertex -5.83997 -89.5 55.575
      vertex -5.93255 -89.5 55.7291
    endloop
  endfacet
  facet normal 0 1 0
    outer loop
      vertex -2.23515 -89.5 65.879
      vertex -5.75282 -89.5 55.4178
      vertex -5.83997 -89.5 55.575
    endloop
  endfacet
  facet normal 0 1 0
    outer loop
      vertex 1.17301 -89.5 51.5
      vertex -5.75282 -89.5 55.4178
      vertex -2.23515 -89.5 65.879
    endloop
  endfacet
  facet normal 0 1 0
    outer loop
      vertex -5.75282 -89.5 55.4178
      vertex 1.17301 -89.5 51.5
      vertex -5.67121 -89.5 55.2576
    endloop
  endfacet
  facet normal 0 1 0
    outer loop
      vertex -5.67121 -89.5 55.2576
      vertex 1.17301 -89.5 51.5
      vertex -5.59524 -89.5 55.0947
    endloop
  endfacet
  facet normal 0 1 -0
    outer loop
      vertex -0.95 -89.5 51.5
      vertex -5.59524 -89.5 55.0947
      vertex 1.17301 -89.5 51.5
    endloop
  endfacet
  facet normal 0 1 0
    outer loop
      vertex -5.59524 -89.5 55.0947
      vertex -0.95 -89.5 51.5
      vertex -5.525 -89.5 54.9292
    endloop
  endfacet
  facet normal 0 1 0
    outer loop
      vertex -5.525 -89.5 54.9292
      vertex -0.95 -89.5 51.5
      vertex -5.46058 -89.5 54.7614
    endloop
  endfacet
  facet normal 0 1 0
    outer loop
      vertex -5.46058 -89.5 54.7614
      vertex -0.95 -89.5 51.5
      vertex -5.40206 -89.5 54.5914
    endloop
  endfacet
  facet normal 0 1 0
    outer loop
      vertex -5.40206 -89.5 54.5914
      vertex -0.95 -89.5 51.5
      vertex -5.3495 -89.5 54.4195
    endloop
  endfacet
  facet normal 0 1 0
    outer loop
      vertex -5.3495 -89.5 54.4195
      vertex -0.95 -89.5 51.5
      vertex -5.30298 -89.5 54.2459
    endloop
  endfacet
  facet normal 0 1 0
    outer loop
      vertex -5.30298 -89.5 54.2459
      vertex -0.95 -89.5 51.5
      vertex -5.26254 -89.5 54.0707
    endloop
  endfacet
  facet normal 0 1 0
    outer loop
      vertex -5.22824 -89.5 53.8943
      vertex -0.95 -89.5 51.5
      vertex -5.20012 -89.5 53.7167
    endloop
  endfacet
  facet normal 0 1 0
    outer loop
      vertex -5.20012 -89.5 53.7167
      vertex -0.95 -89.5 51.5
      vertex -5.17821 -89.5 53.5383
    endloop
  endfacet
  facet normal 0 1 0
    outer loop
      vertex -5.17821 -89.5 53.5383
      vertex -0.95 -89.5 51.5
      vertex -5.16254 -89.5 53.3592
    endloop
  endfacet
  facet normal 0 1 0
    outer loop
      vertex -5.16254 -89.5 53.3592
      vertex -0.95 -89.5 51.5
      vertex -5.15314 -89.5 53.1797
    endloop
  endfacet
  facet normal 0 1 0
    outer loop
      vertex -5.15314 -89.5 53.1797
      vertex -0.95 -89.5 51.5
      vertex -5.15 -89.5 53
    endloop
  endfacet
  facet normal 0 1 0
    outer loop
      vertex -5.15 -89.5 53
      vertex -0.95 -89.5 51.5
      vertex -5.15314 -89.5 52.8203
    endloop
  endfacet
  facet normal 0 1 0
    outer loop
      vertex -5.15314 -89.5 52.8203
      vertex -0.95 -89.5 51.5
      vertex -5.16254 -89.5 52.6408
    endloop
  endfacet
  facet normal 0 1 0
    outer loop
      vertex -5.16254 -89.5 52.6408
      vertex -0.95 -89.5 51.5
      vertex -5.17821 -89.5 52.4617
    endloop
  endfacet
  facet normal 0 1 0
    outer loop
      vertex -5.17821 -89.5 52.4617
      vertex -0.95 -89.5 51.5
      vertex -5.20012 -89.5 52.2833
    endloop
  endfacet
  facet normal 0 1 0
    outer loop
      vertex -5.20012 -89.5 52.2833
      vertex -0.95 -89.5 51.5
      vertex -5.22824 -89.5 52.1057
    endloop
  endfacet
  facet normal 0 1 0
    outer loop
      vertex -5.26254 -89.5 54.0707
      vertex -0.95 -89.5 51.5
      vertex -5.22824 -89.5 53.8943
    endloop
  endfacet
  facet normal 0 1 0
    outer loop
      vertex -5.22824 -89.5 52.1057
      vertex -0.95 -89.5 51.5
      vertex -5.26254 -89.5 51.9293
    endloop
  endfacet
  facet normal 0 1 0
    outer loop
      vertex -5.26254 -89.5 51.9293
      vertex -0.95 -89.5 51.5
      vertex -5.30298 -89.5 51.7541
    endloop
  endfacet
  facet normal 0 1 0
    outer loop
      vertex -5.30298 -89.5 51.7541
      vertex -0.95 -89.5 51.5
      vertex -5.3495 -89.5 51.5805
    endloop
  endfacet
  facet normal 0 1 0
    outer loop
      vertex -0.95 -89.5 51.5
      vertex -5.40206 -89.5 51.4086
      vertex -5.3495 -89.5 51.5805
    endloop
  endfacet
  facet normal 0 1 0
    outer loop
      vertex -0.95 -89.5 51.5
      vertex -5.46058 -89.5 51.2386
      vertex -5.40206 -89.5 51.4086
    endloop
  endfacet
  facet normal 0 1 0
    outer loop
      vertex -0.95 -89.5 51.5
      vertex -5.525 -89.5 51.0708
      vertex -5.46058 -89.5 51.2386
    endloop
  endfacet
  facet normal 0 1 0
    outer loop
      vertex -0.95 -89.5 51.5
      vertex -5.59524 -89.5 50.9053
      vertex -5.525 -89.5 51.0708
    endloop
  endfacet
  facet normal 0 1 0
    outer loop
      vertex -0.95 -89.5 51.5
      vertex -5.67121 -89.5 50.7424
      vertex -5.59524 -89.5 50.9053
    endloop
  endfacet
  facet normal 0 1 0
    outer loop
      vertex -0.95 -89.5 51.5
      vertex -5.75282 -89.5 50.5822
      vertex -5.67121 -89.5 50.7424
    endloop
  endfacet
  facet normal 0 1 0
    outer loop
      vertex -0.95 -89.5 51.5
      vertex -5.83997 -89.5 50.425
      vertex -5.75282 -89.5 50.5822
    endloop
  endfacet
  facet normal 0 1 0
    outer loop
      vertex -0.95 -89.5 51.5
      vertex -5.93255 -89.5 50.2709
      vertex -5.83997 -89.5 50.425
    endloop
  endfacet
  facet normal 0 1 0
    outer loop
      vertex -0.95 -89.5 51.5
      vertex -6.03046 -89.5 50.1202
      vertex -5.93255 -89.5 50.2709
    endloop
  endfacet
  facet normal 0 1 -0
    outer loop
      vertex -0.95 -89.5 44.8
      vertex -6.03046 -89.5 50.1202
      vertex -0.95 -89.5 51.5
    endloop
  endfacet
  facet normal 0 1 0
    outer loop
      vertex -6.03046 -89.5 50.1202
      vertex -0.95 -89.5 44.8
      vertex -6.13356 -89.5 49.9729
    endloop
  endfacet
  facet normal 0 1 0
    outer loop
      vertex -6.13356 -89.5 49.9729
      vertex -0.95 -89.5 44.8
      vertex -6.24174 -89.5 49.8293
    endloop
  endfacet
  facet normal 0 1 0
    outer loop
      vertex -6.24174 -89.5 49.8293
      vertex -0.95 -89.5 44.8
      vertex -6.35487 -89.5 49.6896
    endloop
  endfacet
  facet normal 0 1 0
    outer loop
      vertex -6.35487 -89.5 49.6896
      vertex -0.95 -89.5 44.8
      vertex -6.4728 -89.5 49.554
    endloop
  endfacet
  facet normal 0 1 0
    outer loop
      vertex -6.4728 -89.5 49.554
      vertex -0.95 -89.5 44.8
      vertex -6.5954 -89.5 49.4225
    endloop
  endfacet
  facet normal 0 1 0
    outer loop
      vertex -6.5954 -89.5 49.4225
      vertex -0.95 -89.5 44.8
      vertex -6.72251 -89.5 49.2954
    endloop
  endfacet
  facet normal 0 1 0
    outer loop
      vertex -6.72251 -89.5 49.2954
      vertex -0.95 -89.5 44.8
      vertex -6.85398 -89.5 49.1728
    endloop
  endfacet
  facet normal 0 1 0
    outer loop
      vertex -6.85398 -89.5 49.1728
      vertex -0.95 -89.5 44.8
      vertex -6.98964 -89.5 49.0549
    endloop
  endfacet
  facet normal 0 1 0
    outer loop
      vertex -6.98964 -89.5 49.0549
      vertex -0.95 -89.5 44.8
      vertex -7.12934 -89.5 48.9417
    endloop
  endfacet
  facet normal 0 1 0
    outer loop
      vertex -7.12934 -89.5 48.9417
      vertex -0.95 -89.5 44.8
      vertex -7.27291 -89.5 48.8336
    endloop
  endfacet
  facet normal 0 1 0
    outer loop
      vertex -7.27291 -89.5 48.8336
      vertex -0.95 -89.5 44.8
      vertex -7.42016 -89.5 48.7305
    endloop
  endfacet
  facet normal 0 1 0
    outer loop
      vertex -7.42016 -89.5 48.7305
      vertex -0.95 -89.5 44.8
      vertex -7.57092 -89.5 48.6326
    endloop
  endfacet
  facet normal 0 1 0
    outer loop
      vertex -7.57092 -89.5 48.6326
      vertex -0.95 -89.5 44.8
      vertex -7.725 -89.5 48.54
    endloop
  endfacet
  facet normal 0 1 0
    outer loop
      vertex -7.725 -89.5 48.54
      vertex -0.95 -89.5 44.8
      vertex -7.88222 -89.5 48.4528
    endloop
  endfacet
  facet normal 0 1 0
    outer loop
      vertex -7.88222 -89.5 48.4528
      vertex -0.95 -89.5 44.8
      vertex -8.04239 -89.5 48.3712
    endloop
  endfacet
  facet normal 0 1 0
    outer loop
      vertex -10.1203 -89.5 47.8531
      vertex -0.95 -89.5 44.8
      vertex -10.3 -89.5 47.85
    endloop
  endfacet
  facet normal 0 1 0
    outer loop
      vertex -9.94075 -89.5 47.8625
      vertex -0.95 -89.5 44.8
      vertex -10.1203 -89.5 47.8531
    endloop
  endfacet
  facet normal 0 1 0
    outer loop
      vertex -9.76168 -89.5 47.8782
      vertex -0.95 -89.5 44.8
      vertex -9.94075 -89.5 47.8625
    endloop
  endfacet
  facet normal 0 1 0
    outer loop
      vertex -9.58326 -89.5 47.9001
      vertex -0.95 -89.5 44.8
      vertex -9.76168 -89.5 47.8782
    endloop
  endfacet
  facet normal 0 1 0
    outer loop
      vertex -9.40571 -89.5 47.9282
      vertex -0.95 -89.5 44.8
      vertex -9.58326 -89.5 47.9001
    endloop
  endfacet
  facet normal 0 1 0
    outer loop
      vertex -9.22925 -89.5 47.9625
      vertex -0.95 -89.5 44.8
      vertex -9.40571 -89.5 47.9282
    endloop
  endfacet
  facet normal 0 1 0
    outer loop
      vertex -9.0541 -89.5 48.003
      vertex -0.95 -89.5 44.8
      vertex -9.22925 -89.5 47.9625
    endloop
  endfacet
  facet normal 0 1 0
    outer loop
      vertex -8.88047 -89.5 48.0495
      vertex -0.95 -89.5 44.8
      vertex -9.0541 -89.5 48.003
    endloop
  endfacet
  facet normal 0 1 0
    outer loop
      vertex -8.70856 -89.5 48.1021
      vertex -0.95 -89.5 44.8
      vertex -8.88047 -89.5 48.0495
    endloop
  endfacet
  facet normal 0 1 0
    outer loop
      vertex -8.5386 -89.5 48.1606
      vertex -0.95 -89.5 44.8
      vertex -8.70856 -89.5 48.1021
    endloop
  endfacet
  facet normal 0 1 0
    outer loop
      vertex -8.37078 -89.5 48.225
      vertex -0.95 -89.5 44.8
      vertex -8.5386 -89.5 48.1606
    endloop
  endfacet
  facet normal 0 1 0
    outer loop
      vertex -8.20531 -89.5 48.2952
      vertex -0.95 -89.5 44.8
      vertex -8.37078 -89.5 48.225
    endloop
  endfacet
  facet normal 0 1 0
    outer loop
      vertex -8.04239 -89.5 48.3712
      vertex -0.95 -89.5 44.8
      vertex -8.20531 -89.5 48.2952
    endloop
  endfacet
  facet normal 0 1 0
    outer loop
      vertex -2.1994 -89.5 66.2192
      vertex -2.25 -89.5 66.3
      vertex -2.23255 -89.5 66.2997
    endloop
  endfacet
  facet normal 0 1 -0
    outer loop
      vertex -2.24878 -89.5 66.0349
      vertex -2.25 -89.5 66.3
      vertex -2.24726 -89.5 66.0523
    endloop
  endfacet
  facet normal 0 1 0
    outer loop
      vertex -2.19147 -89.5 66.2347
      vertex -2.23255 -89.5 66.2997
      vertex -2.21512 -89.5 66.2988
    endloop
  endfacet
  facet normal 0 1 0
    outer loop
      vertex -2.25 -89.5 66.3
      vertex -2.24513 -89.5 66.0696
      vertex -2.24726 -89.5 66.0523
    endloop
  endfacet
  facet normal 0 1 0
    outer loop
      vertex -2.18301 -89.5 66.25
      vertex -2.21512 -89.5 66.2988
      vertex -2.19773 -89.5 66.2973
    endloop
  endfacet
  facet normal 0 1 0
    outer loop
      vertex -2.25 -89.5 66.3
      vertex -2.23515 -89.5 66.121
      vertex -2.23907 -89.5 66.104
    endloop
  endfacet
  facet normal 0 1 0
    outer loop
      vertex -2.17402 -89.5 66.265
      vertex -2.19773 -89.5 66.2973
      vertex -2.18041 -89.5 66.2951
    endloop
  endfacet
  facet normal 0 1 0
    outer loop
      vertex -2.25 -89.5 66.3
      vertex -2.22553 -89.5 66.1545
      vertex -2.23063 -89.5 66.1378
    endloop
  endfacet
  facet normal 0 1 -0
    outer loop
      vertex -2.16452 -89.5 66.2796
      vertex -2.18041 -89.5 66.2951
      vertex -2.16318 -89.5 66.2924
    endloop
  endfacet
  facet normal 0 1 0
    outer loop
      vertex -2.23255 -89.5 66.2997
      vertex -2.19147 -89.5 66.2347
      vertex -2.1994 -89.5 66.2192
    endloop
  endfacet
  facet normal 0 1 0
    outer loop
      vertex -2.16452 -89.5 66.2796
      vertex -2.16318 -89.5 66.2924
      vertex -2.15646 -89.5 66.2911
    endloop
  endfacet
  facet normal 0 1 0
    outer loop
      vertex -2.18041 -89.5 66.2951
      vertex -2.16452 -89.5 66.2796
      vertex -2.17402 -89.5 66.265
    endloop
  endfacet
  facet normal 0 1 0
    outer loop
      vertex -2.19773 -89.5 66.2973
      vertex -2.17402 -89.5 66.265
      vertex -2.18301 -89.5 66.25
    endloop
  endfacet
  facet normal 0 1 0
    outer loop
      vertex -2.21512 -89.5 66.2988
      vertex -2.18301 -89.5 66.25
      vertex -2.19147 -89.5 66.2347
    endloop
  endfacet
  facet normal 0 1 0
    outer loop
      vertex -2.25 -89.5 66.3
      vertex -2.1994 -89.5 66.2192
      vertex -2.20677 -89.5 66.2034
    endloop
  endfacet
  facet normal 0 1 0
    outer loop
      vertex -2.25 -89.5 66.3
      vertex -2.20677 -89.5 66.2034
      vertex -2.21359 -89.5 66.1873
    endloop
  endfacet
  facet normal 0 1 0
    outer loop
      vertex -2.25 -89.5 66.3
      vertex -2.21359 -89.5 66.1873
      vertex -2.21985 -89.5 66.171
    endloop
  endfacet
  facet normal 0 1 0
    outer loop
      vertex -2.25 -89.5 66.3
      vertex -2.21985 -89.5 66.171
      vertex -2.22553 -89.5 66.1545
    endloop
  endfacet
  facet normal 0 1 0
    outer loop
      vertex -2.25 -89.5 66.3
      vertex -2.23063 -89.5 66.1378
      vertex -2.23515 -89.5 66.121
    endloop
  endfacet
  facet normal 0 1 0
    outer loop
      vertex -2.25 -89.5 66.3
      vertex -2.23907 -89.5 66.104
      vertex -2.2424 -89.5 66.0868
    endloop
  endfacet
  facet normal 0 1 0
    outer loop
      vertex -2.25 -89.5 66.3
      vertex -2.2424 -89.5 66.0868
      vertex -2.24513 -89.5 66.0696
    endloop
  endfacet
  facet normal 0 1 -0
    outer loop
      vertex -2.24969 -89.5 66.0174
      vertex -2.25 -89.5 66.3
      vertex -2.24878 -89.5 66.0349
    endloop
  endfacet
  facet normal 0 1 0
    outer loop
      vertex -2.25 -89.5 66.3
      vertex -2.24969 -89.5 66.0174
      vertex -16.25 -89.5 66.3
    endloop
  endfacet
  facet normal 0 1 -0
    outer loop
      vertex -2.25 -89.5 66
      vertex -16.25 -89.5 66.3
      vertex -2.24969 -89.5 66.0174
    endloop
  endfacet
  facet normal 0 1 0
    outer loop
      vertex -2.24969 -89.5 65.9826
      vertex -16.25 -89.5 66.3
      vertex -2.25 -89.5 66
    endloop
  endfacet
  facet normal 0 1 0
    outer loop
      vertex -2.24878 -89.5 65.9651
      vertex -16.25 -89.5 66.3
      vertex -2.24969 -89.5 65.9826
    endloop
  endfacet
  facet normal 0 1 0
    outer loop
      vertex -2.24726 -89.5 65.9477
      vertex -16.25 -89.5 66.3
      vertex -2.24878 -89.5 65.9651
    endloop
  endfacet
  facet normal 0 1 -0
    outer loop
      vertex -10.1203 -89.5 58.1469
      vertex -16.25 -89.5 66.3
      vertex -2.24726 -89.5 65.9477
    endloop
  endfacet
  facet normal 0 1 -0
    outer loop
      vertex -10.4797 -89.5 58.1469
      vertex -16.25 -89.5 66.3
      vertex -10.3 -89.5 58.15
    endloop
  endfacet
  facet normal 0 1 -0
    outer loop
      vertex -10.6592 -89.5 58.1375
      vertex -16.25 -89.5 66.3
      vertex -10.4797 -89.5 58.1469
    endloop
  endfacet
  facet normal 0 1 -0
    outer loop
      vertex -10.8383 -89.5 58.1218
      vertex -16.25 -89.5 66.3
      vertex -10.6592 -89.5 58.1375
    endloop
  endfacet
  facet normal 0 1 -0
    outer loop
      vertex -11.0167 -89.5 58.0999
      vertex -16.25 -89.5 66.3
      vertex -10.8383 -89.5 58.1218
    endloop
  endfacet
  facet normal 0 1 -0
    outer loop
      vertex -11.1943 -89.5 58.0718
      vertex -16.25 -89.5 66.3
      vertex -11.0167 -89.5 58.0999
    endloop
  endfacet
  facet normal 0 1 -0
    outer loop
      vertex -11.3707 -89.5 58.0375
      vertex -16.25 -89.5 66.3
      vertex -11.1943 -89.5 58.0718
    endloop
  endfacet
  facet normal 0 1 -0
    outer loop
      vertex -11.5459 -89.5 57.997
      vertex -16.25 -89.5 66.3
      vertex -11.3707 -89.5 58.0375
    endloop
  endfacet
  facet normal 0 1 -0
    outer loop
      vertex -11.7195 -89.5 57.9505
      vertex -16.25 -89.5 66.3
      vertex -11.5459 -89.5 57.997
    endloop
  endfacet
  facet normal 0 1 -0
    outer loop
      vertex -11.8914 -89.5 57.8979
      vertex -16.25 -89.5 66.3
      vertex -11.7195 -89.5 57.9505
    endloop
  endfacet
  facet normal 0 1 -0
    outer loop
      vertex -12.0614 -89.5 57.8394
      vertex -16.25 -89.5 66.3
      vertex -11.8914 -89.5 57.8979
    endloop
  endfacet
  facet normal -0 1 0
    outer loop
      vertex -16.7198 -89.5 65.971
      vertex -16.25 -89.5 66.3
      vertex -12.0614 -89.5 57.8394
    endloop
  endfacet
  facet normal 0 1 0
    outer loop
      vertex -16.25 -89.5 66.3
      vertex -16.7198 -89.5 65.971
      vertex -16.2674 -89.5 66.2997
    endloop
  endfacet
  facet normal 0 1 0
    outer loop
      vertex -16.2849 -89.5 66.2988
      vertex -16.7198 -89.5 65.971
      vertex -16.3023 -89.5 66.2973
    endloop
  endfacet
  facet normal 0 1 0
    outer loop
      vertex -16.3023 -89.5 66.2973
      vertex -16.7198 -89.5 65.971
      vertex -16.3196 -89.5 66.2951
    endloop
  endfacet
  facet normal 0 1 0
    outer loop
      vertex -16.3196 -89.5 66.2951
      vertex -16.7198 -89.5 65.971
      vertex -16.3368 -89.5 66.2924
    endloop
  endfacet
  facet normal 0 1 0
    outer loop
      vertex -16.3368 -89.5 66.2924
      vertex -16.7198 -89.5 65.971
      vertex -16.354 -89.5 66.2891
    endloop
  endfacet
  facet normal 0 1 0
    outer loop
      vertex -16.371 -89.5 66.2851
      vertex -16.7198 -89.5 65.971
      vertex -16.3878 -89.5 66.2806
    endloop
  endfacet
  facet normal 0 1 0
    outer loop
      vertex -16.3878 -89.5 66.2806
      vertex -16.7198 -89.5 65.971
      vertex -16.4045 -89.5 66.2755
    endloop
  endfacet
  facet normal 0 1 0
    outer loop
      vertex -16.4045 -89.5 66.2755
      vertex -16.7198 -89.5 65.971
      vertex -16.421 -89.5 66.2698
    endloop
  endfacet
  facet normal 0 1 0
    outer loop
      vertex -16.421 -89.5 66.2698
      vertex -16.7198 -89.5 65.971
      vertex -16.4373 -89.5 66.2636
    endloop
  endfacet
  facet normal 0 1 0
    outer loop
      vertex -16.4534 -89.5 66.2568
      vertex -16.7198 -89.5 65.971
      vertex -16.4692 -89.5 66.2494
    endloop
  endfacet
  facet normal 0 1 0
    outer loop
      vertex -16.4692 -89.5 66.2494
      vertex -16.7198 -89.5 65.971
      vertex -16.4847 -89.5 66.2415
    endloop
  endfacet
  facet normal 0 1 0
    outer loop
      vertex -16.4847 -89.5 66.2415
      vertex -16.7198 -89.5 65.971
      vertex -16.5 -89.5 66.233
    endloop
  endfacet
  facet normal 0 1 0
    outer loop
      vertex -16.515 -89.5 66.224
      vertex -16.7198 -89.5 65.971
      vertex -16.5296 -89.5 66.2145
    endloop
  endfacet
  facet normal 0 1 0
    outer loop
      vertex -16.5296 -89.5 66.2145
      vertex -16.7198 -89.5 65.971
      vertex -16.5439 -89.5 66.2045
    endloop
  endfacet
  facet normal 0 1 0
    outer loop
      vertex -16.5439 -89.5 66.2045
      vertex -16.7198 -89.5 65.971
      vertex -16.5578 -89.5 66.194
    endloop
  endfacet
  facet normal 0 1 0
    outer loop
      vertex -16.5578 -89.5 66.194
      vertex -16.7198 -89.5 65.971
      vertex -16.5714 -89.5 66.183
    endloop
  endfacet
  facet normal 0 1 0
    outer loop
      vertex -16.5846 -89.5 66.1716
      vertex -16.7198 -89.5 65.971
      vertex -16.5973 -89.5 66.1597
    endloop
  endfacet
  facet normal 0 1 0
    outer loop
      vertex -16.5973 -89.5 66.1597
      vertex -16.7198 -89.5 65.971
      vertex -16.6097 -89.5 66.1473
    endloop
  endfacet
  facet normal 0 1 0
    outer loop
      vertex -16.6097 -89.5 66.1473
      vertex -16.7198 -89.5 65.971
      vertex -16.6216 -89.5 66.1346
    endloop
  endfacet
  facet normal 0 1 0
    outer loop
      vertex -16.633 -89.5 66.1214
      vertex -16.7198 -89.5 65.971
      vertex -16.644 -89.5 66.1078
    endloop
  endfacet
  facet normal 0 1 0
    outer loop
      vertex -16.644 -89.5 66.1078
      vertex -16.7198 -89.5 65.971
      vertex -16.6545 -89.5 66.0939
    endloop
  endfacet
  facet normal 0 1 0
    outer loop
      vertex -16.6545 -89.5 66.0939
      vertex -16.7198 -89.5 65.971
      vertex -16.6645 -89.5 66.0796
    endloop
  endfacet
  facet normal 0 1 0
    outer loop
      vertex -16.674 -89.5 66.065
      vertex -16.7198 -89.5 65.971
      vertex -16.683 -89.5 66.05
    endloop
  endfacet
  facet normal 0 1 0
    outer loop
      vertex -10.1203 -89.5 58.1469
      vertex -2.24726 -89.5 65.9477
      vertex -2.24513 -89.5 65.9304
    endloop
  endfacet
  facet normal 0 1 0
    outer loop
      vertex -10.1203 -89.5 58.1469
      vertex -2.24513 -89.5 65.9304
      vertex -2.2424 -89.5 65.9132
    endloop
  endfacet
  facet normal 0 1 0
    outer loop
      vertex -10.1203 -89.5 58.1469
      vertex -2.2424 -89.5 65.9132
      vertex -2.23907 -89.5 65.896
    endloop
  endfacet
  facet normal 0 1 0
    outer loop
      vertex -9.58326 -89.5 58.0999
      vertex -2.23907 -89.5 65.896
      vertex -2.23515 -89.5 65.879
    endloop
  endfacet
  facet normal 0 1 0
    outer loop
      vertex -16.683 -89.5 66.05
      vertex -16.7198 -89.5 65.971
      vertex -16.6915 -89.5 66.0347
    endloop
  endfacet
  facet normal 0 1 0
    outer loop
      vertex -16.6915 -89.5 66.0347
      vertex -16.7198 -89.5 65.971
      vertex -16.6994 -89.5 66.0192
    endloop
  endfacet
  facet normal 0 1 0
    outer loop
      vertex -16.7068 -89.5 66.0034
      vertex -16.7198 -89.5 65.971
      vertex -16.7136 -89.5 65.9873
    endloop
  endfacet
  facet normal 0 1 0
    outer loop
      vertex -16.6994 -89.5 66.0192
      vertex -16.7198 -89.5 65.971
      vertex -16.7068 -89.5 66.0034
    endloop
  endfacet
  facet normal 0 1 0
    outer loop
      vertex -16.6645 -89.5 66.0796
      vertex -16.7198 -89.5 65.971
      vertex -16.674 -89.5 66.065
    endloop
  endfacet
  facet normal 0 1 0
    outer loop
      vertex -16.6216 -89.5 66.1346
      vertex -16.7198 -89.5 65.971
      vertex -16.633 -89.5 66.1214
    endloop
  endfacet
  facet normal 0 1 0
    outer loop
      vertex -16.5714 -89.5 66.183
      vertex -16.7198 -89.5 65.971
      vertex -16.5846 -89.5 66.1716
    endloop
  endfacet
  facet normal 0 1 0
    outer loop
      vertex -16.5 -89.5 66.233
      vertex -16.7198 -89.5 65.971
      vertex -16.515 -89.5 66.224
    endloop
  endfacet
  facet normal 0 1 0
    outer loop
      vertex -16.4373 -89.5 66.2636
      vertex -16.7198 -89.5 65.971
      vertex -16.4534 -89.5 66.2568
    endloop
  endfacet
  facet normal 0 1 0
    outer loop
      vertex -16.354 -89.5 66.2891
      vertex -16.7198 -89.5 65.971
      vertex -16.371 -89.5 66.2851
    endloop
  endfacet
  facet normal 0 1 0
    outer loop
      vertex -16.2674 -89.5 66.2997
      vertex -16.7198 -89.5 65.971
      vertex -16.2849 -89.5 66.2988
    endloop
  endfacet
  facet normal 0 1 -0
    outer loop
      vertex -12.2292 -89.5 57.775
      vertex -16.7198 -89.5 65.971
      vertex -12.0614 -89.5 57.8394
    endloop
  endfacet
  facet normal 0 1 -0
    outer loop
      vertex -12.3947 -89.5 57.7048
      vertex -16.7198 -89.5 65.971
      vertex -12.2292 -89.5 57.775
    endloop
  endfacet
  facet normal 0 1 -0
    outer loop
      vertex -12.5576 -89.5 57.6288
      vertex -16.7198 -89.5 65.971
      vertex -12.3947 -89.5 57.7048
    endloop
  endfacet
  facet normal 0 1 -0
    outer loop
      vertex -12.7178 -89.5 57.5472
      vertex -16.7198 -89.5 65.971
      vertex -12.5576 -89.5 57.6288
    endloop
  endfacet
  facet normal 0 1 -0
    outer loop
      vertex -12.875 -89.5 57.46
      vertex -16.7198 -89.5 65.971
      vertex -12.7178 -89.5 57.5472
    endloop
  endfacet
  facet normal 0 1 -0
    outer loop
      vertex -13.0291 -89.5 57.3674
      vertex -16.7198 -89.5 65.971
      vertex -12.875 -89.5 57.46
    endloop
  endfacet
  facet normal 0 1 -0
    outer loop
      vertex -13.1798 -89.5 57.2695
      vertex -16.7198 -89.5 65.971
      vertex -13.0291 -89.5 57.3674
    endloop
  endfacet
  facet normal 0 1 -0
    outer loop
      vertex -13.3271 -89.5 57.1664
      vertex -16.7198 -89.5 65.971
      vertex -13.1798 -89.5 57.2695
    endloop
  endfacet
  facet normal 0 1 -0
    outer loop
      vertex -13.4707 -89.5 57.0583
      vertex -16.7198 -89.5 65.971
      vertex -13.3271 -89.5 57.1664
    endloop
  endfacet
  facet normal 0 1 -0
    outer loop
      vertex -13.6104 -89.5 56.9451
      vertex -16.7198 -89.5 65.971
      vertex -13.4707 -89.5 57.0583
    endloop
  endfacet
  facet normal 0 1 -0
    outer loop
      vertex -13.746 -89.5 56.8272
      vertex -16.7198 -89.5 65.971
      vertex -13.6104 -89.5 56.9451
    endloop
  endfacet
  facet normal 0 1 -0
    outer loop
      vertex -13.8775 -89.5 56.7046
      vertex -16.7198 -89.5 65.971
      vertex -13.746 -89.5 56.8272
    endloop
  endfacet
  facet normal 0 1 -0
    outer loop
      vertex -14.0046 -89.5 56.5775
      vertex -16.7198 -89.5 65.971
      vertex -13.8775 -89.5 56.7046
    endloop
  endfacet
  facet normal 0 1 -0
    outer loop
      vertex -14.1272 -89.5 56.446
      vertex -16.7198 -89.5 65.971
      vertex -14.0046 -89.5 56.5775
    endloop
  endfacet
  facet normal 0 1 -0
    outer loop
      vertex -14.2451 -89.5 56.3104
      vertex -16.7198 -89.5 65.971
      vertex -14.1272 -89.5 56.446
    endloop
  endfacet
  facet normal 0 1 -0
    outer loop
      vertex -14.3583 -89.5 56.1707
      vertex -16.7198 -89.5 65.971
      vertex -14.2451 -89.5 56.3104
    endloop
  endfacet
  facet normal 0 1 -0
    outer loop
      vertex -14.4664 -89.5 56.0271
      vertex -16.7198 -89.5 65.971
      vertex -14.3583 -89.5 56.1707
    endloop
  endfacet
  facet normal 0 1 -0
    outer loop
      vertex -14.5695 -89.5 55.8798
      vertex -16.7198 -89.5 65.971
      vertex -14.4664 -89.5 56.0271
    endloop
  endfacet
  facet normal 0 1 -0
    outer loop
      vertex -14.6674 -89.5 55.7291
      vertex -16.7198 -89.5 65.971
      vertex -14.5695 -89.5 55.8798
    endloop
  endfacet
  facet normal 0 1 -0
    outer loop
      vertex -14.76 -89.5 55.575
      vertex -16.7198 -89.5 65.971
      vertex -14.6674 -89.5 55.7291
    endloop
  endfacet
  facet normal 0 1 -0
    outer loop
      vertex -14.8472 -89.5 55.4178
      vertex -16.7198 -89.5 65.971
      vertex -14.76 -89.5 55.575
    endloop
  endfacet
  facet normal 0 1 -0
    outer loop
      vertex -14.9288 -89.5 55.2576
      vertex -16.7198 -89.5 65.971
      vertex -14.8472 -89.5 55.4178
    endloop
  endfacet
  facet normal 0 1 0
    outer loop
      vertex -22.65 -89.5 49.8
      vertex -14.9288 -89.5 55.2576
      vertex -15.0048 -89.5 55.0947
    endloop
  endfacet
  facet normal 0 1 0
    outer loop
      vertex -22.65 -89.5 49.8
      vertex -15.0048 -89.5 55.0947
      vertex -15.075 -89.5 54.9292
    endloop
  endfacet
  facet normal 0 1 0
    outer loop
      vertex -22.65 -89.5 49.8
      vertex -15.075 -89.5 54.9292
      vertex -15.1394 -89.5 54.7614
    endloop
  endfacet
  facet normal 0 1 0
    outer loop
      vertex -22.65 -89.5 49.8
      vertex -15.1394 -89.5 54.7614
      vertex -15.1979 -89.5 54.5914
    endloop
  endfacet
  facet normal 0 1 0
    outer loop
      vertex -22.65 -89.5 49.8
      vertex -15.1979 -89.5 54.5914
      vertex -15.2505 -89.5 54.4195
    endloop
  endfacet
  facet normal 0 1 0
    outer loop
      vertex -22.65 -89.5 49.8
      vertex -15.2505 -89.5 54.4195
      vertex -15.297 -89.5 54.2459
    endloop
  endfacet
  facet normal 0 1 0
    outer loop
      vertex -22.65 -89.5 49.8
      vertex -15.297 -89.5 54.2459
      vertex -15.3375 -89.5 54.0707
    endloop
  endfacet
  facet normal 0 1 0
    outer loop
      vertex -22.65 -89.5 49.8
      vertex -15.3375 -89.5 54.0707
      vertex -15.3718 -89.5 53.8943
    endloop
  endfacet
  facet normal 0 1 0
    outer loop
      vertex -22.65 -89.5 49.8
      vertex -15.3718 -89.5 53.8943
      vertex -15.3999 -89.5 53.7167
    endloop
  endfacet
  facet normal 0 1 0
    outer loop
      vertex -22.65 -89.5 49.8
      vertex -15.3999 -89.5 53.7167
      vertex -15.4218 -89.5 53.5383
    endloop
  endfacet
  facet normal 0 1 0
    outer loop
      vertex -22.65 -89.5 49.8
      vertex -15.4218 -89.5 53.5383
      vertex -15.4375 -89.5 53.3592
    endloop
  endfacet
  facet normal 0 1 0
    outer loop
      vertex -22.65 -89.5 49.8
      vertex -15.4375 -89.5 53.3592
      vertex -15.4469 -89.5 53.1797
    endloop
  endfacet
  facet normal 0 1 0
    outer loop
      vertex -22.65 -89.5 49.8
      vertex -15.4469 -89.5 53.1797
      vertex -15.45 -89.5 53
    endloop
  endfacet
  facet normal 0 1 0
    outer loop
      vertex -22.65 -89.5 49.8
      vertex -15.45 -89.5 53
      vertex -15.4469 -89.5 52.8203
    endloop
  endfacet
  facet normal 0 1 0
    outer loop
      vertex -22.65 -89.5 49.8
      vertex -15.4469 -89.5 52.8203
      vertex -15.4375 -89.5 52.6408
    endloop
  endfacet
  facet normal 0 1 0
    outer loop
      vertex -22.65 -89.5 49.8
      vertex -15.4375 -89.5 52.6408
      vertex -15.4218 -89.5 52.4617
    endloop
  endfacet
  facet normal 0 1 0
    outer loop
      vertex -14.9288 -89.5 55.2576
      vertex -22.65 -89.5 49.8
      vertex -16.7198 -89.5 65.971
    endloop
  endfacet
  facet normal 0 1 0
    outer loop
      vertex -15.3999 -89.5 52.2833
      vertex -22.65 -89.5 49.8
      vertex -15.4218 -89.5 52.4617
    endloop
  endfacet
  facet normal 0 1 0
    outer loop
      vertex -15.3718 -89.5 52.1057
      vertex -22.65 -89.5 49.8
      vertex -15.3999 -89.5 52.2833
    endloop
  endfacet
  facet normal 0 1 0
    outer loop
      vertex -15.3375 -89.5 51.9293
      vertex -22.65 -89.5 49.8
      vertex -15.3718 -89.5 52.1057
    endloop
  endfacet
  facet normal 0 1 0
    outer loop
      vertex -15.297 -89.5 51.7541
      vertex -22.65 -89.5 49.8
      vertex -15.3375 -89.5 51.9293
    endloop
  endfacet
  facet normal 0 1 0
    outer loop
      vertex -15.2505 -89.5 51.5805
      vertex -22.65 -89.5 49.8
      vertex -15.297 -89.5 51.7541
    endloop
  endfacet
  facet normal 0 1 0
    outer loop
      vertex -15.1979 -89.5 51.4086
      vertex -22.65 -89.5 49.8
      vertex -15.2505 -89.5 51.5805
    endloop
  endfacet
  facet normal 0 1 0
    outer loop
      vertex -15.1394 -89.5 51.2386
      vertex -22.65 -89.5 49.8
      vertex -15.1979 -89.5 51.4086
    endloop
  endfacet
  facet normal 0 1 0
    outer loop
      vertex -15.075 -89.5 51.0708
      vertex -22.65 -89.5 49.8
      vertex -15.1394 -89.5 51.2386
    endloop
  endfacet
  facet normal 0 1 0
    outer loop
      vertex -15.0048 -89.5 50.9053
      vertex -22.65 -89.5 49.8
      vertex -15.075 -89.5 51.0708
    endloop
  endfacet
  facet normal 0 1 0
    outer loop
      vertex -14.9288 -89.5 50.7424
      vertex -22.65 -89.5 49.8
      vertex -15.0048 -89.5 50.9053
    endloop
  endfacet
  facet normal 0 1 0
    outer loop
      vertex -14.8472 -89.5 50.5822
      vertex -22.65 -89.5 49.8
      vertex -14.9288 -89.5 50.7424
    endloop
  endfacet
  facet normal 0 1 0
    outer loop
      vertex -14.76 -89.5 50.425
      vertex -22.65 -89.5 49.8
      vertex -14.8472 -89.5 50.5822
    endloop
  endfacet
  facet normal 0 1 0
    outer loop
      vertex -14.6674 -89.5 50.2709
      vertex -22.65 -89.5 49.8
      vertex -14.76 -89.5 50.425
    endloop
  endfacet
  facet normal 0 1 0
    outer loop
      vertex -14.5695 -89.5 50.1202
      vertex -22.65 -89.5 49.8
      vertex -14.6674 -89.5 50.2709
    endloop
  endfacet
  facet normal 0 1 0
    outer loop
      vertex -14.4664 -89.5 49.9729
      vertex -22.65 -89.5 49.8
      vertex -14.5695 -89.5 50.1202
    endloop
  endfacet
  facet normal 0 1 0
    outer loop
      vertex -22.65 -89.5 44.8
      vertex -14.4664 -89.5 49.9729
      vertex -14.3583 -89.5 49.8293
    endloop
  endfacet
  facet normal 0 1 0
    outer loop
      vertex -22.65 -89.5 44.8
      vertex -14.3583 -89.5 49.8293
      vertex -14.2451 -89.5 49.6896
    endloop
  endfacet
  facet normal 0 1 0
    outer loop
      vertex -22.65 -89.5 44.8
      vertex -14.2451 -89.5 49.6896
      vertex -14.1272 -89.5 49.554
    endloop
  endfacet
  facet normal 0 1 0
    outer loop
      vertex -22.65 -89.5 44.8
      vertex -14.1272 -89.5 49.554
      vertex -14.0046 -89.5 49.4225
    endloop
  endfacet
  facet normal 0 1 0
    outer loop
      vertex -22.65 -89.5 44.8
      vertex -14.0046 -89.5 49.4225
      vertex -13.8775 -89.5 49.2954
    endloop
  endfacet
  facet normal 0 1 0
    outer loop
      vertex -22.65 -89.5 44.8
      vertex -13.8775 -89.5 49.2954
      vertex -13.746 -89.5 49.1728
    endloop
  endfacet
  facet normal 0 1 0
    outer loop
      vertex -22.65 -89.5 44.8
      vertex -13.746 -89.5 49.1728
      vertex -13.6104 -89.5 49.0549
    endloop
  endfacet
  facet normal 0 1 0
    outer loop
      vertex -22.65 -89.5 44.8
      vertex -13.6104 -89.5 49.0549
      vertex -13.4707 -89.5 48.9417
    endloop
  endfacet
  facet normal 0 1 0
    outer loop
      vertex -22.65 -89.5 44.8
      vertex -13.4707 -89.5 48.9417
      vertex -13.3271 -89.5 48.8336
    endloop
  endfacet
  facet normal 0 1 0
    outer loop
      vertex -22.65 -89.5 44.8
      vertex -13.3271 -89.5 48.8336
      vertex -13.1798 -89.5 48.7305
    endloop
  endfacet
  facet normal 0 1 0
    outer loop
      vertex -22.65 -89.5 44.8
      vertex -13.1798 -89.5 48.7305
      vertex -13.0291 -89.5 48.6326
    endloop
  endfacet
  facet normal 0 1 0
    outer loop
      vertex -22.65 -89.5 44.8
      vertex -13.0291 -89.5 48.6326
      vertex -12.875 -89.5 48.54
    endloop
  endfacet
  facet normal 0 1 0
    outer loop
      vertex -22.65 -89.5 44.8
      vertex -12.875 -89.5 48.54
      vertex -12.7178 -89.5 48.4528
    endloop
  endfacet
  facet normal 0 1 0
    outer loop
      vertex -22.65 -89.5 44.8
      vertex -12.7178 -89.5 48.4528
      vertex -12.5576 -89.5 48.3712
    endloop
  endfacet
  facet normal 0 1 0
    outer loop
      vertex -22.65 -89.5 44.8
      vertex -12.5576 -89.5 48.3712
      vertex -12.3947 -89.5 48.2952
    endloop
  endfacet
  facet normal 0 1 0
    outer loop
      vertex -22.65 -89.5 44.8
      vertex -12.3947 -89.5 48.2952
      vertex -12.2292 -89.5 48.225
    endloop
  endfacet
  facet normal 0 1 0
    outer loop
      vertex -22.65 -89.5 44.8
      vertex -12.2292 -89.5 48.225
      vertex -12.0614 -89.5 48.1606
    endloop
  endfacet
  facet normal 0 1 0
    outer loop
      vertex -22.65 -89.5 44.8
      vertex -12.0614 -89.5 48.1606
      vertex -11.8914 -89.5 48.1021
    endloop
  endfacet
  facet normal 0 1 0
    outer loop
      vertex -22.65 -89.5 44.8
      vertex -11.8914 -89.5 48.1021
      vertex -11.7195 -89.5 48.0495
    endloop
  endfacet
  facet normal 0 1 0
    outer loop
      vertex -22.65 -89.5 44.8
      vertex -11.7195 -89.5 48.0495
      vertex -11.5459 -89.5 48.003
    endloop
  endfacet
  facet normal 0 1 0
    outer loop
      vertex -22.65 -89.5 44.8
      vertex -11.5459 -89.5 48.003
      vertex -11.3707 -89.5 47.9625
    endloop
  endfacet
  facet normal 0 1 0
    outer loop
      vertex -22.65 -89.5 44.8
      vertex -11.3707 -89.5 47.9625
      vertex -11.1943 -89.5 47.9282
    endloop
  endfacet
  facet normal 0 1 0
    outer loop
      vertex -0.95 -89.5 44.8
      vertex -10.4797 -89.5 47.8531
      vertex -10.3 -89.5 47.85
    endloop
  endfacet
  facet normal 0 1 0
    outer loop
      vertex -0.95 -89.5 44.8
      vertex -10.6592 -89.5 47.8625
      vertex -10.4797 -89.5 47.8531
    endloop
  endfacet
  facet normal 0 1 0
    outer loop
      vertex -22.65 -89.5 44.8
      vertex -10.6592 -89.5 47.8625
      vertex -0.95 -89.5 44.8
    endloop
  endfacet
  facet normal 0 1 0
    outer loop
      vertex -10.6592 -89.5 47.8625
      vertex -22.65 -89.5 44.8
      vertex -10.8383 -89.5 47.8782
    endloop
  endfacet
  facet normal 0 1 0
    outer loop
      vertex -10.8383 -89.5 47.8782
      vertex -22.65 -89.5 44.8
      vertex -11.0167 -89.5 47.9001
    endloop
  endfacet
  facet normal 0 1 0
    outer loop
      vertex -11.0167 -89.5 47.9001
      vertex -22.65 -89.5 44.8
      vertex -11.1943 -89.5 47.9282
    endloop
  endfacet
  facet normal 0 1 0
    outer loop
      vertex -14.4664 -89.5 49.9729
      vertex -22.65 -89.5 44.8
      vertex -22.65 -89.5 49.8
    endloop
  endfacet
  facet normal 0 0 0
    outer loop
      vertex -0.95 -89.5 44.8
      vertex 3.55 -89.5 44.8
      vertex -22.65 -89.5 44.8
    endloop
  endfacet
  facet normal 0 0 -1
    outer loop
      vertex -22.65 -94.5 44.8
      vertex 3.55 -89.5 44.8
      vertex 3.55 -94.5 44.8
    endloop
  endfacet
  facet normal -0 0 -1
    outer loop
      vertex 3.55 -89.5 44.8
      vertex -22.65 -94.5 44.8
      vertex -22.65 -89.5 44.8
    endloop
  endfacet
  facet normal -0 0 1
    outer loop
      vertex -16.25 -89.5 66.3
      vertex -2.25 -94.5 66.3
      vertex -2.25 -89.5 66.3
    endloop
  endfacet
  facet normal 0 0 1
    outer loop
      vertex -2.25 -94.5 66.3
      vertex -16.25 -89.5 66.3
      vertex -16.25 -94.5 66.3
    endloop
  endfacet
  facet normal -0.934669 0 0.355518
    outer loop
      vertex -16.7198 -94.5 65.971
      vertex -16.7136 -89.5 65.9873
      vertex -16.7198 -89.5 65.971
    endloop
  endfacet
  facet normal -0.934669 0 0.355518
    outer loop
      vertex -16.7136 -89.5 65.9873
      vertex -16.7198 -94.5 65.971
      vertex -16.7136 -94.5 65.9873
    endloop
  endfacet
  facet normal -0.602752 0 0.797929
    outer loop
      vertex -16.5578 -89.5 66.194
      vertex -16.5439 -94.5 66.2045
      vertex -16.5439 -89.5 66.2045
    endloop
  endfacet
  facet normal -0.602752 0 0.797929
    outer loop
      vertex -16.5439 -94.5 66.2045
      vertex -16.5578 -89.5 66.194
      vertex -16.5578 -94.5 66.194
    endloop
  endfacet
  facet normal -0.42414 0 0.905597
    outer loop
      vertex -16.4692 -89.5 66.2494
      vertex -16.4534 -94.5 66.2568
      vertex -16.4534 -89.5 66.2568
    endloop
  endfacet
  facet normal -0.42414 0 0.905597
    outer loop
      vertex -16.4534 -94.5 66.2568
      vertex -16.4692 -89.5 66.2494
      vertex -16.4692 -94.5 66.2494
    endloop
  endfacet
  facet normal -0.0513607 0 0.99868
    outer loop
      vertex -16.2849 -89.5 66.2988
      vertex -16.2674 -94.5 66.2997
      vertex -16.2674 -89.5 66.2997
    endloop
  endfacet
  facet normal -0.0513607 0 0.99868
    outer loop
      vertex -16.2674 -94.5 66.2997
      vertex -16.2849 -89.5 66.2988
      vertex -16.2849 -94.5 66.2988
    endloop
  endfacet
  facet normal 0.189931 0 0.981797
    outer loop
      vertex -2.16318 -89.5 66.2924
      vertex -2.15646 -94.5 66.2911
      vertex -2.15646 -89.5 66.2911
    endloop
  endfacet
  facet normal 0.189931 0 0.981797
    outer loop
      vertex -2.15646 -94.5 66.2911
      vertex -2.16318 -89.5 66.2924
      vertex -2.16318 -94.5 66.2924
    endloop
  endfacet
  facet normal 0.0171894 0 0.999852
    outer loop
      vertex -2.25 -89.5 66.3
      vertex -2.23255 -94.5 66.2997
      vertex -2.23255 -89.5 66.2997
    endloop
  endfacet
  facet normal 0.0171894 0 0.999852
    outer loop
      vertex -2.23255 -94.5 66.2997
      vertex -2.25 -89.5 66.3
      vertex -2.25 -94.5 66.3
    endloop
  endfacet
  facet normal 0.154814 0 0.987944
    outer loop
      vertex -2.18041 -89.5 66.2951
      vertex -2.16318 -94.5 66.2924
      vertex -2.16318 -89.5 66.2924
    endloop
  endfacet
  facet normal 0.154814 0 0.987944
    outer loop
      vertex -2.16318 -94.5 66.2924
      vertex -2.18041 -89.5 66.2951
      vertex -2.18041 -94.5 66.2951
    endloop
  endfacet
  facet normal -0.545392 0 0.838181
    outer loop
      vertex -16.5296 -89.5 66.2145
      vertex -16.515 -94.5 66.224
      vertex -16.515 -89.5 66.224
    endloop
  endfacet
  facet normal -0.545392 0 0.838181
    outer loop
      vertex -16.515 -94.5 66.224
      vertex -16.5296 -89.5 66.2145
      vertex -16.5296 -94.5 66.2145
    endloop
  endfacet
  facet normal -0.573078 0 0.819501
    outer loop
      vertex -16.5439 -89.5 66.2045
      vertex -16.5296 -94.5 66.2145
      vertex -16.5296 -89.5 66.2145
    endloop
  endfacet
  facet normal -0.573078 0 0.819501
    outer loop
      vertex -16.5296 -94.5 66.2145
      vertex -16.5439 -89.5 66.2045
      vertex -16.5439 -94.5 66.2045
    endloop
  endfacet
  facet normal -0.777511 0 0.628869
    outer loop
      vertex -16.644 -94.5 66.1078
      vertex -16.633 -89.5 66.1214
      vertex -16.644 -89.5 66.1078
    endloop
  endfacet
  facet normal -0.777511 0 0.628869
    outer loop
      vertex -16.633 -89.5 66.1214
      vertex -16.644 -94.5 66.1078
      vertex -16.633 -94.5 66.1214
    endloop
  endfacet
  facet normal -0.756823 0 0.65362
    outer loop
      vertex -16.633 -94.5 66.1214
      vertex -16.6216 -89.5 66.1346
      vertex -16.633 -89.5 66.1214
    endloop
  endfacet
  facet normal -0.756823 0 0.65362
    outer loop
      vertex -16.6216 -89.5 66.1346
      vertex -16.633 -94.5 66.1214
      vertex -16.6216 -94.5 66.1346
    endloop
  endfacet
  facet normal -0.729716 0 0.68375
    outer loop
      vertex -16.6216 -94.5 66.1346
      vertex -16.6097 -89.5 66.1473
      vertex -16.6216 -89.5 66.1346
    endloop
  endfacet
  facet normal -0.729716 0 0.68375
    outer loop
      vertex -16.6097 -89.5 66.1473
      vertex -16.6216 -94.5 66.1346
      vertex -16.6097 -94.5 66.1473
    endloop
  endfacet
  facet normal -0.68375 0 0.729716
    outer loop
      vertex -16.5973 -89.5 66.1597
      vertex -16.5846 -94.5 66.1716
      vertex -16.5846 -89.5 66.1716
    endloop
  endfacet
  facet normal -0.68375 0 0.729716
    outer loop
      vertex -16.5846 -94.5 66.1716
      vertex -16.5973 -89.5 66.1597
      vertex -16.5973 -94.5 66.1597
    endloop
  endfacet
  facet normal -0.485643 0 0.874157
    outer loop
      vertex -16.5 -89.5 66.233
      vertex -16.4847 -94.5 66.2415
      vertex -16.4847 -89.5 66.2415
    endloop
  endfacet
  facet normal -0.485643 0 0.874157
    outer loop
      vertex -16.4847 -94.5 66.2415
      vertex -16.5 -89.5 66.233
      vertex -16.5 -94.5 66.233
    endloop
  endfacet
  facet normal -0.355518 0 0.934669
    outer loop
      vertex -16.4373 -89.5 66.2636
      vertex -16.421 -94.5 66.2698
      vertex -16.421 -89.5 66.2698
    endloop
  endfacet
  facet normal -0.355518 0 0.934669
    outer loop
      vertex -16.421 -94.5 66.2698
      vertex -16.4373 -89.5 66.2636
      vertex -16.4373 -94.5 66.2636
    endloop
  endfacet
  facet normal -0.126152 0 0.992011
    outer loop
      vertex -16.3196 -89.5 66.2951
      vertex -16.3023 -94.5 66.2973
      vertex -16.3023 -89.5 66.2973
    endloop
  endfacet
  facet normal -0.126152 0 0.992011
    outer loop
      vertex -16.3023 -94.5 66.2973
      vertex -16.3196 -89.5 66.2951
      vertex -16.3196 -94.5 66.2951
    endloop
  endfacet
  facet normal -0.292073 0 0.956396
    outer loop
      vertex -16.4045 -89.5 66.2755
      vertex -16.3878 -94.5 66.2806
      vertex -16.3878 -89.5 66.2806
    endloop
  endfacet
  facet normal -0.292073 0 0.956396
    outer loop
      vertex -16.3878 -94.5 66.2806
      vertex -16.4045 -89.5 66.2755
      vertex -16.4045 -94.5 66.2755
    endloop
  endfacet
  facet normal -0.155078 0 0.987902
    outer loop
      vertex -16.3368 -89.5 66.2924
      vertex -16.3196 -94.5 66.2951
      vertex -16.3196 -89.5 66.2951
    endloop
  endfacet
  facet normal -0.155078 0 0.987902
    outer loop
      vertex -16.3196 -94.5 66.2951
      vertex -16.3368 -89.5 66.2924
      vertex -16.3368 -94.5 66.2924
    endloop
  endfacet
  facet normal 0.0515664 0 0.99867
    outer loop
      vertex -2.23255 -89.5 66.2997
      vertex -2.21512 -94.5 66.2988
      vertex -2.21512 -89.5 66.2988
    endloop
  endfacet
  facet normal 0.0515664 0 0.99867
    outer loop
      vertex -2.21512 -94.5 66.2988
      vertex -2.23255 -89.5 66.2997
      vertex -2.23255 -94.5 66.2997
    endloop
  endfacet
  facet normal 0.0859374 0 0.996301
    outer loop
      vertex -2.21512 -89.5 66.2988
      vertex -2.19773 -94.5 66.2973
      vertex -2.19773 -89.5 66.2973
    endloop
  endfacet
  facet normal 0.0859374 0 0.996301
    outer loop
      vertex -2.19773 -94.5 66.2973
      vertex -2.21512 -89.5 66.2988
      vertex -2.21512 -94.5 66.2988
    endloop
  endfacet
  facet normal -0.921204 0 0.38908
    outer loop
      vertex -16.7136 -94.5 65.9873
      vertex -16.7068 -89.5 66.0034
      vertex -16.7136 -89.5 65.9873
    endloop
  endfacet
  facet normal -0.921204 0 0.38908
    outer loop
      vertex -16.7068 -89.5 66.0034
      vertex -16.7136 -94.5 65.9873
      vertex -16.7068 -94.5 66.0034
    endloop
  endfacet
  facet normal -0.707107 0 0.707107
    outer loop
      vertex -16.6097 -89.5 66.1473
      vertex -16.5973 -94.5 66.1597
      vertex -16.5973 -89.5 66.1597
    endloop
  endfacet
  facet normal -0.707107 0 0.707107
    outer loop
      vertex -16.5973 -94.5 66.1597
      vertex -16.6097 -89.5 66.1473
      vertex -16.6097 -94.5 66.1473
    endloop
  endfacet
  facet normal -0.65362 0 0.756823
    outer loop
      vertex -16.5846 -89.5 66.1716
      vertex -16.5714 -94.5 66.183
      vertex -16.5714 -89.5 66.183
    endloop
  endfacet
  facet normal -0.65362 0 0.756823
    outer loop
      vertex -16.5714 -94.5 66.183
      vertex -16.5846 -89.5 66.1716
      vertex -16.5846 -94.5 66.1716
    endloop
  endfacet
  facet normal -0.454098 0 0.890952
    outer loop
      vertex -16.4847 -89.5 66.2415
      vertex -16.4692 -94.5 66.2494
      vertex -16.4692 -89.5 66.2494
    endloop
  endfacet
  facet normal -0.454098 0 0.890952
    outer loop
      vertex -16.4692 -94.5 66.2494
      vertex -16.4847 -89.5 66.2415
      vertex -16.4847 -94.5 66.2415
    endloop
  endfacet
  facet normal -0.514496 0 0.857493
    outer loop
      vertex -16.515 -89.5 66.224
      vertex -16.5 -94.5 66.233
      vertex -16.5 -89.5 66.233
    endloop
  endfacet
  facet normal -0.514496 0 0.857493
    outer loop
      vertex -16.5 -94.5 66.233
      vertex -16.515 -89.5 66.224
      vertex -16.515 -94.5 66.224
    endloop
  endfacet
  facet normal -0.38908 0 0.921204
    outer loop
      vertex -16.4534 -89.5 66.2568
      vertex -16.4373 -94.5 66.2636
      vertex -16.4373 -89.5 66.2636
    endloop
  endfacet
  facet normal -0.38908 0 0.921204
    outer loop
      vertex -16.4373 -94.5 66.2636
      vertex -16.4534 -89.5 66.2568
      vertex -16.4534 -94.5 66.2568
    endloop
  endfacet
  facet normal -0.32652 0 0.94519
    outer loop
      vertex -16.421 -89.5 66.2698
      vertex -16.4045 -94.5 66.2755
      vertex -16.4045 -89.5 66.2755
    endloop
  endfacet
  facet normal -0.32652 0 0.94519
    outer loop
      vertex -16.4045 -94.5 66.2755
      vertex -16.421 -89.5 66.2698
      vertex -16.421 -94.5 66.2698
    endloop
  endfacet
  facet normal -0.0172388 0 0.999851
    outer loop
      vertex -16.2674 -89.5 66.2997
      vertex -16.25 -94.5 66.3
      vertex -16.25 -89.5 66.3
    endloop
  endfacet
  facet normal -0.0172388 0 0.999851
    outer loop
      vertex -16.25 -94.5 66.3
      vertex -16.2674 -89.5 66.2997
      vertex -16.2674 -94.5 66.2997
    endloop
  endfacet
  facet normal -0.0858883 0 0.996305
    outer loop
      vertex -16.3023 -89.5 66.2973
      vertex -16.2849 -94.5 66.2988
      vertex -16.2849 -89.5 66.2988
    endloop
  endfacet
  facet normal -0.0858883 0 0.996305
    outer loop
      vertex -16.2849 -94.5 66.2988
      vertex -16.3023 -89.5 66.2973
      vertex -16.3023 -94.5 66.2973
    endloop
  endfacet
  facet normal -0.258736 0 0.965948
    outer loop
      vertex -16.3878 -89.5 66.2806
      vertex -16.371 -94.5 66.2851
      vertex -16.371 -89.5 66.2851
    endloop
  endfacet
  facet normal -0.258736 0 0.965948
    outer loop
      vertex -16.371 -94.5 66.2851
      vertex -16.3878 -89.5 66.2806
      vertex -16.3878 -94.5 66.2806
    endloop
  endfacet
  facet normal -0.229039 0 0.973417
    outer loop
      vertex -16.371 -89.5 66.2851
      vertex -16.354 -94.5 66.2891
      vertex -16.354 -89.5 66.2891
    endloop
  endfacet
  facet normal -0.229039 0 0.973417
    outer loop
      vertex -16.354 -94.5 66.2891
      vertex -16.371 -89.5 66.2851
      vertex -16.371 -94.5 66.2851
    endloop
  endfacet
  facet normal 0.126008 0 0.992029
    outer loop
      vertex -2.19773 -89.5 66.2973
      vertex -2.18041 -94.5 66.2951
      vertex -2.18041 -89.5 66.2951
    endloop
  endfacet
  facet normal 0.126008 0 0.992029
    outer loop
      vertex -2.18041 -94.5 66.2951
      vertex -2.19773 -89.5 66.2973
      vertex -2.19773 -94.5 66.2973
    endloop
  endfacet
  facet normal -0.905597 0 0.42414
    outer loop
      vertex -16.7068 -94.5 66.0034
      vertex -16.6994 -89.5 66.0192
      vertex -16.7068 -89.5 66.0034
    endloop
  endfacet
  facet normal -0.905597 0 0.42414
    outer loop
      vertex -16.6994 -89.5 66.0192
      vertex -16.7068 -94.5 66.0034
      vertex -16.6994 -94.5 66.0192
    endloop
  endfacet
  facet normal -0.874157 0 0.485643
    outer loop
      vertex -16.6915 -94.5 66.0347
      vertex -16.683 -89.5 66.05
      vertex -16.6915 -89.5 66.0347
    endloop
  endfacet
  facet normal -0.874157 0 0.485643
    outer loop
      vertex -16.683 -89.5 66.05
      vertex -16.6915 -94.5 66.0347
      vertex -16.683 -94.5 66.05
    endloop
  endfacet
  facet normal -0.628869 0 0.777511
    outer loop
      vertex -16.5714 -89.5 66.183
      vertex -16.5578 -94.5 66.194
      vertex -16.5578 -89.5 66.194
    endloop
  endfacet
  facet normal -0.628869 0 0.777511
    outer loop
      vertex -16.5578 -94.5 66.194
      vertex -16.5714 -89.5 66.183
      vertex -16.5714 -94.5 66.183
    endloop
  endfacet
  facet normal -0.188424 0 0.982088
    outer loop
      vertex -16.354 -89.5 66.2891
      vertex -16.3368 -94.5 66.2924
      vertex -16.3368 -89.5 66.2924
    endloop
  endfacet
  facet normal -0.188424 0 0.982088
    outer loop
      vertex -16.3368 -94.5 66.2924
      vertex -16.354 -89.5 66.2891
      vertex -16.354 -94.5 66.2891
    endloop
  endfacet
  facet normal -0.890952 0 0.454098
    outer loop
      vertex -16.6994 -94.5 66.0192
      vertex -16.6915 -89.5 66.0347
      vertex -16.6994 -89.5 66.0192
    endloop
  endfacet
  facet normal -0.890952 0 0.454098
    outer loop
      vertex -16.6915 -89.5 66.0347
      vertex -16.6994 -94.5 66.0192
      vertex -16.6915 -94.5 66.0347
    endloop
  endfacet
  facet normal -0.838181 0 0.545392
    outer loop
      vertex -16.674 -94.5 66.065
      vertex -16.6645 -89.5 66.0796
      vertex -16.674 -89.5 66.065
    endloop
  endfacet
  facet normal -0.838181 0 0.545392
    outer loop
      vertex -16.6645 -89.5 66.0796
      vertex -16.674 -94.5 66.065
      vertex -16.6645 -94.5 66.0796
    endloop
  endfacet
  facet normal -0.857493 0 0.514496
    outer loop
      vertex -16.683 -94.5 66.05
      vertex -16.674 -89.5 66.065
      vertex -16.683 -89.5 66.05
    endloop
  endfacet
  facet normal -0.857493 0 0.514496
    outer loop
      vertex -16.674 -89.5 66.065
      vertex -16.683 -94.5 66.05
      vertex -16.674 -94.5 66.065
    endloop
  endfacet
  facet normal -0.819501 0 0.573078
    outer loop
      vertex -16.6645 -94.5 66.0796
      vertex -16.6545 -89.5 66.0939
      vertex -16.6645 -89.5 66.0796
    endloop
  endfacet
  facet normal -0.819501 0 0.573078
    outer loop
      vertex -16.6545 -89.5 66.0939
      vertex -16.6645 -94.5 66.0796
      vertex -16.6545 -94.5 66.0939
    endloop
  endfacet
  facet normal -0.797929 0 0.602752
    outer loop
      vertex -16.6545 -94.5 66.0939
      vertex -16.644 -89.5 66.1078
      vertex -16.6545 -89.5 66.0939
    endloop
  endfacet
  facet normal -0.797929 0 0.602752
    outer loop
      vertex -16.644 -89.5 66.1078
      vertex -16.6545 -94.5 66.0939
      vertex -16.644 -94.5 66.1078
    endloop
  endfacet
  facet normal -0.999847 0 -0.0174709
    outer loop
      vertex -5.15 -94.5 53
      vertex -5.15314 -89.5 53.1797
      vertex -5.15 -89.5 53
    endloop
  endfacet
  facet normal -0.999847 -0 -0.0174709
    outer loop
      vertex -5.15314 -89.5 53.1797
      vertex -5.15 -94.5 53
      vertex -5.15314 -94.5 53.1797
    endloop
  endfacet
  facet normal -0.358271 0 -0.933618
    outer loop
      vertex -8.5386 -94.5 57.8394
      vertex -8.37078 -89.5 57.775
      vertex -8.37078 -94.5 57.775
    endloop
  endfacet
  facet normal -0.358271 0 -0.933618
    outer loop
      vertex -8.37078 -89.5 57.775
      vertex -8.5386 -94.5 57.8394
      vertex -8.5386 -89.5 57.8394
    endloop
  endfacet
  facet normal 0.390493 0 -0.920606
    outer loop
      vertex -12.3947 -94.5 57.7048
      vertex -12.2292 -89.5 57.775
      vertex -12.2292 -94.5 57.775
    endloop
  endfacet
  facet normal 0.390493 0 -0.920606
    outer loop
      vertex -12.2292 -89.5 57.775
      vertex -12.3947 -94.5 57.7048
      vertex -12.3947 -89.5 57.7048
    endloop
  endfacet
  facet normal -0.998632 0 0.052296
    outer loop
      vertex -5.16254 -94.5 52.6408
      vertex -5.15314 -89.5 52.8203
      vertex -5.16254 -89.5 52.6408
    endloop
  endfacet
  facet normal -0.998632 0 0.052296
    outer loop
      vertex -5.15314 -89.5 52.8203
      vertex -5.16254 -94.5 52.6408
      vertex -5.15314 -94.5 52.8203
    endloop
  endfacet
  facet normal -0.891042 0 -0.45392
    outer loop
      vertex -5.67121 -94.5 55.2576
      vertex -5.75282 -89.5 55.4178
      vertex -5.67121 -89.5 55.2576
    endloop
  endfacet
  facet normal -0.891042 -0 -0.45392
    outer loop
      vertex -5.75282 -89.5 55.4178
      vertex -5.67121 -94.5 55.2576
      vertex -5.75282 -94.5 55.4178
    endloop
  endfacet
  facet normal -0.515117 0 -0.85712
    outer loop
      vertex -7.725 -94.5 57.46
      vertex -7.57092 -89.5 57.3674
      vertex -7.57092 -94.5 57.3674
    endloop
  endfacet
  facet normal -0.515117 0 -0.85712
    outer loop
      vertex -7.57092 -89.5 57.3674
      vertex -7.725 -94.5 57.46
      vertex -7.725 -89.5 57.46
    endloop
  endfacet
  facet normal 0.992549 -0 0.121843
    outer loop
      vertex -15.4218 -94.5 52.4617
      vertex -15.3999 -89.5 52.2833
      vertex -15.4218 -89.5 52.4617
    endloop
  endfacet
  facet normal 0.992549 0 0.121843
    outer loop
      vertex -15.3999 -89.5 52.2833
      vertex -15.4218 -94.5 52.4617
      vertex -15.3999 -94.5 52.2833
    endloop
  endfacet
  facet normal -0.798717 0 -0.601707
    outer loop
      vertex -6.13356 -94.5 56.0271
      vertex -6.24174 -89.5 56.1707
      vertex -6.13356 -89.5 56.0271
    endloop
  endfacet
  facet normal -0.798717 -0 -0.601707
    outer loop
      vertex -6.24174 -89.5 56.1707
      vertex -6.13356 -94.5 56.0271
      vertex -6.24174 -94.5 56.1707
    endloop
  endfacet
  facet normal 0.0172484 0 -0.999851
    outer loop
      vertex -10.4797 -94.5 58.1469
      vertex -10.3 -89.5 58.15
      vertex -10.3 -94.5 58.15
    endloop
  endfacet
  facet normal 0.0172484 0 -0.999851
    outer loop
      vertex -10.3 -89.5 58.15
      vertex -10.4797 -94.5 58.1469
      vertex -10.4797 -89.5 58.1469
    endloop
  endfacet
  facet normal -0.292585 0 -0.95624
    outer loop
      vertex -8.88047 -94.5 57.9505
      vertex -8.70856 -89.5 57.8979
      vertex -8.70856 -94.5 57.8979
    endloop
  endfacet
  facet normal -0.292585 0 -0.95624
    outer loop
      vertex -8.70856 -89.5 57.8979
      vertex -8.88047 -94.5 57.9505
      vertex -8.88047 -89.5 57.9505
    endloop
  endfacet
  facet normal -0.15632 0 -0.987707
    outer loop
      vertex -9.58326 -94.5 58.0999
      vertex -9.40571 -89.5 58.0718
      vertex -9.40571 -94.5 58.0718
    endloop
  endfacet
  facet normal -0.15632 0 -0.987707
    outer loop
      vertex -9.40571 -89.5 58.0718
      vertex -9.58326 -94.5 58.0999
      vertex -9.58326 -89.5 58.0999
    endloop
  endfacet
  facet normal 0.999851 -0 0.0172484
    outer loop
      vertex -15.45 -94.5 53
      vertex -15.4469 -89.5 52.8203
      vertex -15.45 -89.5 53
    endloop
  endfacet
  facet normal 0.999851 0 0.0172484
    outer loop
      vertex -15.4469 -89.5 52.8203
      vertex -15.45 -94.5 53
      vertex -15.4469 -94.5 52.8203
    endloop
  endfacet
  facet normal 0.857149 0 -0.515068
    outer loop
      vertex -14.6674 -94.5 55.7291
      vertex -14.76 -89.5 55.575
      vertex -14.6674 -89.5 55.7291
    endloop
  endfacet
  facet normal 0.857149 0 -0.515068
    outer loop
      vertex -14.76 -89.5 55.575
      vertex -14.6674 -94.5 55.7291
      vertex -14.76 -94.5 55.575
    endloop
  endfacet
  facet normal -0.933566 0 0.358405
    outer loop
      vertex -5.525 -94.5 51.0708
      vertex -5.46058 -89.5 51.2386
      vertex -5.525 -89.5 51.0708
    endloop
  endfacet
  facet normal -0.933566 0 0.358405
    outer loop
      vertex -5.46058 -89.5 51.2386
      vertex -5.525 -94.5 51.0708
      vertex -5.46058 -94.5 51.2386
    endloop
  endfacet
  facet normal -0.97438 0 -0.224908
    outer loop
      vertex -5.26254 -94.5 54.0707
      vertex -5.30298 -89.5 54.2459
      vertex -5.26254 -89.5 54.0707
    endloop
  endfacet
  facet normal -0.97438 -0 -0.224908
    outer loop
      vertex -5.30298 -89.5 54.2459
      vertex -5.26254 -94.5 54.0707
      vertex -5.30298 -94.5 54.2459
    endloop
  endfacet
  facet normal -0.90629 0 -0.422657
    outer loop
      vertex -5.59524 -94.5 55.0947
      vertex -5.67121 -89.5 55.2576
      vertex -5.59524 -89.5 55.0947
    endloop
  endfacet
  facet normal -0.90629 -0 -0.422657
    outer loop
      vertex -5.67121 -89.5 55.2576
      vertex -5.59524 -94.5 55.0947
      vertex -5.67121 -94.5 55.2576
    endloop
  endfacet
  facet normal -0.682005 0 -0.731347
    outer loop
      vertex -6.85398 -94.5 56.8272
      vertex -6.72251 -89.5 56.7046
      vertex -6.72251 -94.5 56.7046
    endloop
  endfacet
  facet normal -0.682005 0 -0.731347
    outer loop
      vertex -6.72251 -89.5 56.7046
      vertex -6.85398 -94.5 56.8272
      vertex -6.85398 -89.5 56.8272
    endloop
  endfacet
  facet normal -0.777137 0 -0.629331
    outer loop
      vertex -6.24174 -94.5 56.1707
      vertex -6.35487 -89.5 56.3104
      vertex -6.24174 -89.5 56.1707
    endloop
  endfacet
  facet normal -0.777137 -0 -0.629331
    outer loop
      vertex -6.35487 -89.5 56.3104
      vertex -6.24174 -94.5 56.1707
      vertex -6.35487 -94.5 56.3104
    endloop
  endfacet
  facet normal -0.258694 0 -0.965959
    outer loop
      vertex -9.0541 -94.5 57.997
      vertex -8.88047 -89.5 57.9505
      vertex -8.88047 -94.5 57.9505
    endloop
  endfacet
  facet normal -0.258694 0 -0.965959
    outer loop
      vertex -8.88047 -89.5 57.9505
      vertex -9.0541 -94.5 57.997
      vertex -9.0541 -89.5 57.997
    endloop
  endfacet
  facet normal -0.12183 0 -0.992551
    outer loop
      vertex -9.76168 -94.5 58.1218
      vertex -9.58326 -89.5 58.0999
      vertex -9.58326 -94.5 58.0999
    endloop
  endfacet
  facet normal -0.12183 0 -0.992551
    outer loop
      vertex -9.58326 -89.5 58.0999
      vertex -9.76168 -94.5 58.1218
      vertex -9.76168 -89.5 58.1218
    endloop
  endfacet
  facet normal -0.453943 0 -0.891031
    outer loop
      vertex -8.04239 -94.5 57.6288
      vertex -7.88222 -89.5 57.5472
      vertex -7.88222 -94.5 57.5472
    endloop
  endfacet
  facet normal -0.453943 0 -0.891031
    outer loop
      vertex -7.88222 -89.5 57.5472
      vertex -8.04239 -94.5 57.6288
      vertex -8.04239 -89.5 57.6288
    endloop
  endfacet
  facet normal -0.485029 0 -0.874498
    outer loop
      vertex -7.88222 -94.5 57.5472
      vertex -7.725 -89.5 57.46
      vertex -7.725 -94.5 57.46
    endloop
  endfacet
  facet normal -0.485029 0 -0.874498
    outer loop
      vertex -7.725 -89.5 57.46
      vertex -7.88222 -94.5 57.5472
      vertex -7.88222 -89.5 57.5472
    endloop
  endfacet
  facet normal -0.544621 0 -0.838682
    outer loop
      vertex -7.57092 -94.5 57.3674
      vertex -7.42016 -89.5 57.2695
      vertex -7.42016 -94.5 57.2695
    endloop
  endfacet
  facet normal -0.544621 0 -0.838682
    outer loop
      vertex -7.42016 -89.5 57.2695
      vertex -7.57092 -94.5 57.3674
      vertex -7.57092 -89.5 57.3674
    endloop
  endfacet
  facet normal 0.998632 0 -0.052296
    outer loop
      vertex -15.4375 -94.5 53.3592
      vertex -15.4469 -89.5 53.1797
      vertex -15.4375 -89.5 53.3592
    endloop
  endfacet
  facet normal 0.998632 0 -0.052296
    outer loop
      vertex -15.4469 -89.5 53.1797
      vertex -15.4375 -94.5 53.3592
      vertex -15.4469 -94.5 53.1797
    endloop
  endfacet
  facet normal 0.965948 0 -0.258736
    outer loop
      vertex -15.2505 -94.5 54.4195
      vertex -15.297 -89.5 54.2459
      vertex -15.2505 -89.5 54.4195
    endloop
  endfacet
  facet normal 0.965948 0 -0.258736
    outer loop
      vertex -15.297 -89.5 54.2459
      vertex -15.2505 -94.5 54.4195
      vertex -15.297 -94.5 54.2459
    endloop
  endfacet
  facet normal 0.987713 0 -0.156277
    outer loop
      vertex -15.3718 -94.5 53.8943
      vertex -15.3999 -89.5 53.7167
      vertex -15.3718 -89.5 53.8943
    endloop
  endfacet
  facet normal 0.987713 0 -0.156277
    outer loop
      vertex -15.3999 -89.5 53.7167
      vertex -15.3718 -94.5 53.8943
      vertex -15.3999 -94.5 53.7167
    endloop
  endfacet
  facet normal 0.974307 0 -0.225225
    outer loop
      vertex -15.297 -94.5 54.2459
      vertex -15.3375 -89.5 54.0707
      vertex -15.297 -89.5 54.2459
    endloop
  endfacet
  facet normal 0.974307 0 -0.225225
    outer loop
      vertex -15.3375 -89.5 54.0707
      vertex -15.297 -94.5 54.2459
      vertex -15.3375 -94.5 54.0707
    endloop
  endfacet
  facet normal 0.891065 0 -0.453876
    outer loop
      vertex -14.8472 -94.5 55.4178
      vertex -14.9288 -89.5 55.2576
      vertex -14.8472 -89.5 55.4178
    endloop
  endfacet
  facet normal 0.891065 0 -0.453876
    outer loop
      vertex -14.9288 -89.5 55.2576
      vertex -14.8472 -94.5 55.4178
      vertex -14.9288 -94.5 55.2576
    endloop
  endfacet
  facet normal 0.325391 0 -0.94558
    outer loop
      vertex -12.0614 -94.5 57.8394
      vertex -11.8914 -89.5 57.8979
      vertex -11.8914 -94.5 57.8979
    endloop
  endfacet
  facet normal 0.325391 0 -0.94558
    outer loop
      vertex -11.8914 -89.5 57.8979
      vertex -12.0614 -94.5 57.8394
      vertex -12.0614 -89.5 57.8394
    endloop
  endfacet
  facet normal 0.681922 0 -0.731425
    outer loop
      vertex -13.8775 -94.5 56.7046
      vertex -13.746 -89.5 56.8272
      vertex -13.746 -94.5 56.8272
    endloop
  endfacet
  facet normal 0.681922 0 -0.731425
    outer loop
      vertex -13.746 -89.5 56.8272
      vertex -13.8775 -94.5 56.7046
      vertex -13.8775 -89.5 56.7046
    endloop
  endfacet
  facet normal -0.857198 0 0.514986
    outer loop
      vertex -5.93255 -94.5 50.2709
      vertex -5.83997 -89.5 50.425
      vertex -5.93255 -89.5 50.2709
    endloop
  endfacet
  facet normal -0.857198 0 0.514986
    outer loop
      vertex -5.83997 -89.5 50.425
      vertex -5.93255 -94.5 50.2709
      vertex -5.83997 -94.5 50.425
    endloop
  endfacet
  facet normal 0.99618 -0 0.0873256
    outer loop
      vertex -15.4375 -94.5 52.6408
      vertex -15.4218 -89.5 52.4617
      vertex -15.4375 -89.5 52.6408
    endloop
  endfacet
  facet normal 0.99618 0 0.0873256
    outer loop
      vertex -15.4218 -89.5 52.4617
      vertex -15.4375 -94.5 52.6408
      vertex -15.4218 -94.5 52.4617
    endloop
  endfacet
  facet normal -0.358271 0 0.933618
    outer loop
      vertex -8.5386 -89.5 48.1606
      vertex -8.37078 -94.5 48.225
      vertex -8.37078 -89.5 48.225
    endloop
  endfacet
  facet normal -0.358271 0 0.933618
    outer loop
      vertex -8.37078 -94.5 48.225
      vertex -8.5386 -89.5 48.1606
      vertex -8.5386 -94.5 48.1606
    endloop
  endfacet
  facet normal -0.96592 0 -0.25884
    outer loop
      vertex -5.30298 -94.5 54.2459
      vertex -5.3495 -89.5 54.4195
      vertex -5.30298 -89.5 54.2459
    endloop
  endfacet
  facet normal -0.96592 -0 -0.25884
    outer loop
      vertex -5.3495 -89.5 54.4195
      vertex -5.30298 -94.5 54.2459
      vertex -5.3495 -94.5 54.4195
    endloop
  endfacet
  facet normal -0.933566 0 -0.358405
    outer loop
      vertex -5.46058 -94.5 54.7614
      vertex -5.525 -89.5 54.9292
      vertex -5.46058 -89.5 54.7614
    endloop
  endfacet
  facet normal -0.933566 -0 -0.358405
    outer loop
      vertex -5.525 -89.5 54.9292
      vertex -5.46058 -94.5 54.7614
      vertex -5.525 -94.5 54.9292
    endloop
  endfacet
  facet normal -0.857198 0 -0.514986
    outer loop
      vertex -5.83997 -94.5 55.575
      vertex -5.93255 -89.5 55.7291
      vertex -5.83997 -89.5 55.575
    endloop
  endfacet
  facet normal -0.857198 -0 -0.514986
    outer loop
      vertex -5.93255 -89.5 55.7291
      vertex -5.83997 -94.5 55.575
      vertex -5.93255 -94.5 55.7291
    endloop
  endfacet
  facet normal -0.87459 0 -0.484863
    outer loop
      vertex -5.75282 -94.5 55.4178
      vertex -5.83997 -89.5 55.575
      vertex -5.75282 -89.5 55.4178
    endloop
  endfacet
  facet normal -0.87459 -0 -0.484863
    outer loop
      vertex -5.83997 -89.5 55.575
      vertex -5.75282 -94.5 55.4178
      vertex -5.83997 -94.5 55.575
    endloop
  endfacet
  facet normal -0.819258 0 -0.573425
    outer loop
      vertex -6.03046 -94.5 55.8798
      vertex -6.13356 -89.5 56.0271
      vertex -6.03046 -89.5 55.8798
    endloop
  endfacet
  facet normal -0.819258 -0 -0.573425
    outer loop
      vertex -6.13356 -89.5 56.0271
      vertex -6.03046 -94.5 55.8798
      vertex -6.13356 -94.5 56.0271
    endloop
  endfacet
  facet normal -0.707079 0 -0.707135
    outer loop
      vertex -6.72251 -94.5 56.7046
      vertex -6.5954 -89.5 56.5775
      vertex -6.5954 -94.5 56.5775
    endloop
  endfacet
  facet normal -0.707079 0 -0.707135
    outer loop
      vertex -6.5954 -89.5 56.5775
      vertex -6.72251 -94.5 56.7046
      vertex -6.72251 -89.5 56.7046
    endloop
  endfacet
  facet normal -0.731425 0 -0.681922
    outer loop
      vertex -6.4728 -94.5 56.446
      vertex -6.5954 -89.5 56.5775
      vertex -6.4728 -89.5 56.446
    endloop
  endfacet
  facet normal -0.731425 -0 -0.681922
    outer loop
      vertex -6.5954 -89.5 56.5775
      vertex -6.4728 -94.5 56.446
      vertex -6.5954 -94.5 56.5775
    endloop
  endfacet
  facet normal -0.754559 0 -0.656232
    outer loop
      vertex -6.35487 -94.5 56.3104
      vertex -6.4728 -89.5 56.446
      vertex -6.35487 -89.5 56.3104
    endloop
  endfacet
  facet normal -0.754559 -0 -0.656232
    outer loop
      vertex -6.4728 -89.5 56.446
      vertex -6.35487 -94.5 56.3104
      vertex -6.4728 -94.5 56.446
    endloop
  endfacet
  facet normal -0.0522815 0 -0.998632
    outer loop
      vertex -10.1203 -94.5 58.1469
      vertex -9.94075 -89.5 58.1375
      vertex -9.94075 -94.5 58.1375
    endloop
  endfacet
  facet normal -0.0522815 0 -0.998632
    outer loop
      vertex -9.94075 -89.5 58.1375
      vertex -10.1203 -94.5 58.1469
      vertex -10.1203 -89.5 58.1469
    endloop
  endfacet
  facet normal -0.0873402 0 -0.996179
    outer loop
      vertex -9.94075 -94.5 58.1375
      vertex -9.76168 -89.5 58.1218
      vertex -9.76168 -94.5 58.1218
    endloop
  endfacet
  facet normal -0.0873402 0 -0.996179
    outer loop
      vertex -9.76168 -89.5 58.1218
      vertex -9.94075 -94.5 58.1375
      vertex -9.94075 -89.5 58.1375
    endloop
  endfacet
  facet normal -0.0172484 0 -0.999851
    outer loop
      vertex -10.3 -94.5 58.15
      vertex -10.1203 -89.5 58.1469
      vertex -10.1203 -94.5 58.1469
    endloop
  endfacet
  facet normal -0.0172484 0 -0.999851
    outer loop
      vertex -10.1203 -89.5 58.1469
      vertex -10.3 -94.5 58.15
      vertex -10.3 -89.5 58.15
    endloop
  endfacet
  facet normal -0.190807 0 -0.981628
    outer loop
      vertex -9.40571 -94.5 58.0718
      vertex -9.22925 -89.5 58.0375
      vertex -9.22925 -94.5 58.0375
    endloop
  endfacet
  facet normal -0.190807 0 -0.981628
    outer loop
      vertex -9.22925 -89.5 58.0375
      vertex -9.40571 -94.5 58.0718
      vertex -9.40571 -89.5 58.0718
    endloop
  endfacet
  facet normal -0.390553 0 -0.920581
    outer loop
      vertex -8.37078 -94.5 57.775
      vertex -8.20531 -89.5 57.7048
      vertex -8.20531 -94.5 57.7048
    endloop
  endfacet
  facet normal -0.390553 0 -0.920581
    outer loop
      vertex -8.20531 -89.5 57.7048
      vertex -8.37078 -94.5 57.775
      vertex -8.37078 -89.5 57.775
    endloop
  endfacet
  facet normal -0.573556 0 -0.819167
    outer loop
      vertex -7.42016 -94.5 57.2695
      vertex -7.27291 -89.5 57.1664
      vertex -7.27291 -94.5 57.1664
    endloop
  endfacet
  facet normal -0.573556 0 -0.819167
    outer loop
      vertex -7.27291 -89.5 57.1664
      vertex -7.42016 -94.5 57.2695
      vertex -7.42016 -89.5 57.2695
    endloop
  endfacet
  facet normal -0.655972 0 -0.754785
    outer loop
      vertex -6.98964 -94.5 56.9451
      vertex -6.85398 -89.5 56.8272
      vertex -6.85398 -94.5 56.8272
    endloop
  endfacet
  facet normal -0.655972 0 -0.754785
    outer loop
      vertex -6.85398 -89.5 56.8272
      vertex -6.98964 -94.5 56.9451
      vertex -6.98964 -89.5 56.9451
    endloop
  endfacet
  facet normal -0.601504 0 -0.79887
    outer loop
      vertex -7.27291 -94.5 57.1664
      vertex -7.12934 -89.5 57.0583
      vertex -7.12934 -94.5 57.0583
    endloop
  endfacet
  facet normal -0.601504 0 -0.79887
    outer loop
      vertex -7.12934 -89.5 57.0583
      vertex -7.27291 -94.5 57.1664
      vertex -7.27291 -89.5 57.1664
    endloop
  endfacet
  facet normal 0.999851 0 -0.0172484
    outer loop
      vertex -15.4469 -94.5 53.1797
      vertex -15.45 -89.5 53
      vertex -15.4469 -89.5 53.1797
    endloop
  endfacet
  facet normal 0.999851 0 -0.0172484
    outer loop
      vertex -15.45 -89.5 53
      vertex -15.4469 -94.5 53.1797
      vertex -15.45 -94.5 53
    endloop
  endfacet
  facet normal 0.992549 0 -0.121843
    outer loop
      vertex -15.3999 -94.5 53.7167
      vertex -15.4218 -89.5 53.5383
      vertex -15.3999 -89.5 53.7167
    endloop
  endfacet
  facet normal 0.992549 0 -0.121843
    outer loop
      vertex -15.4218 -89.5 53.5383
      vertex -15.3999 -94.5 53.7167
      vertex -15.4218 -94.5 53.5383
    endloop
  endfacet
  facet normal 0.981615 0 -0.19087
    outer loop
      vertex -15.3375 -94.5 54.0707
      vertex -15.3718 -89.5 53.8943
      vertex -15.3375 -89.5 54.0707
    endloop
  endfacet
  facet normal 0.981615 0 -0.19087
    outer loop
      vertex -15.3718 -89.5 53.8943
      vertex -15.3375 -94.5 54.0707
      vertex -15.3718 -94.5 53.8943
    endloop
  endfacet
  facet normal 0.933603 0 -0.358308
    outer loop
      vertex -15.075 -94.5 54.9292
      vertex -15.1394 -89.5 54.7614
      vertex -15.075 -89.5 54.9292
    endloop
  endfacet
  facet normal 0.933603 0 -0.358308
    outer loop
      vertex -15.1394 -89.5 54.7614
      vertex -15.075 -94.5 54.9292
      vertex -15.1394 -94.5 54.7614
    endloop
  endfacet
  facet normal 0.906226 0 -0.422794
    outer loop
      vertex -14.9288 -94.5 55.2576
      vertex -15.0048 -89.5 55.0947
      vertex -14.9288 -89.5 55.2576
    endloop
  endfacet
  facet normal 0.906226 0 -0.422794
    outer loop
      vertex -15.0048 -89.5 55.0947
      vertex -14.9288 -94.5 55.2576
      vertex -15.0048 -94.5 55.0947
    endloop
  endfacet
  facet normal 0.874472 0 -0.485076
    outer loop
      vertex -14.76 -94.5 55.575
      vertex -14.8472 -89.5 55.4178
      vertex -14.76 -89.5 55.575
    endloop
  endfacet
  facet normal 0.874472 0 -0.485076
    outer loop
      vertex -14.8472 -89.5 55.4178
      vertex -14.76 -94.5 55.575
      vertex -14.8472 -94.5 55.4178
    endloop
  endfacet
  facet normal 0.798931 0 -0.601423
    outer loop
      vertex -14.3583 -94.5 56.1707
      vertex -14.4664 -89.5 56.0271
      vertex -14.3583 -89.5 56.1707
    endloop
  endfacet
  facet normal 0.798931 0 -0.601423
    outer loop
      vertex -14.4664 -89.5 56.0271
      vertex -14.3583 -94.5 56.1707
      vertex -14.4664 -94.5 56.0271
    endloop
  endfacet
  facet normal 0.819258 0 -0.573425
    outer loop
      vertex -14.4664 -94.5 56.0271
      vertex -14.5695 -89.5 55.8798
      vertex -14.4664 -89.5 56.0271
    endloop
  endfacet
  facet normal 0.819258 0 -0.573425
    outer loop
      vertex -14.5695 -89.5 55.8798
      vertex -14.4664 -94.5 56.0271
      vertex -14.5695 -94.5 55.8798
    endloop
  endfacet
  facet normal 0.838583 0 -0.544773
    outer loop
      vertex -14.5695 -94.5 55.8798
      vertex -14.6674 -89.5 55.7291
      vertex -14.5695 -89.5 55.8798
    endloop
  endfacet
  facet normal 0.838583 0 -0.544773
    outer loop
      vertex -14.6674 -89.5 55.7291
      vertex -14.5695 -94.5 55.8798
      vertex -14.6674 -94.5 55.7291
    endloop
  endfacet
  facet normal 0.754641 0 -0.656137
    outer loop
      vertex -14.1272 -94.5 56.446
      vertex -14.2451 -89.5 56.3104
      vertex -14.1272 -89.5 56.446
    endloop
  endfacet
  facet normal 0.754641 0 -0.656137
    outer loop
      vertex -14.2451 -89.5 56.3104
      vertex -14.1272 -94.5 56.446
      vertex -14.2451 -94.5 56.3104
    endloop
  endfacet
  facet normal 0.358308 0 -0.933603
    outer loop
      vertex -12.2292 -94.5 57.775
      vertex -12.0614 -89.5 57.8394
      vertex -12.0614 -94.5 57.8394
    endloop
  endfacet
  facet normal 0.358308 0 -0.933603
    outer loop
      vertex -12.0614 -89.5 57.8394
      vertex -12.2292 -94.5 57.775
      vertex -12.2292 -89.5 57.775
    endloop
  endfacet
  facet normal 0.258736 0 -0.965948
    outer loop
      vertex -11.7195 -94.5 57.9505
      vertex -11.5459 -89.5 57.997
      vertex -11.5459 -94.5 57.997
    endloop
  endfacet
  facet normal 0.258736 0 -0.965948
    outer loop
      vertex -11.5459 -89.5 57.997
      vertex -11.7195 -94.5 57.9505
      vertex -11.7195 -89.5 57.9505
    endloop
  endfacet
  facet normal 0.225225 0 -0.974307
    outer loop
      vertex -11.5459 -94.5 57.997
      vertex -11.3707 -89.5 58.0375
      vertex -11.3707 -94.5 58.0375
    endloop
  endfacet
  facet normal 0.225225 0 -0.974307
    outer loop
      vertex -11.3707 -89.5 58.0375
      vertex -11.5459 -94.5 57.997
      vertex -11.5459 -89.5 57.997
    endloop
  endfacet
  facet normal 0.156277 0 -0.987713
    outer loop
      vertex -11.1943 -94.5 58.0718
      vertex -11.0167 -89.5 58.0999
      vertex -11.0167 -94.5 58.0999
    endloop
  endfacet
  facet normal 0.156277 0 -0.987713
    outer loop
      vertex -11.0167 -89.5 58.0999
      vertex -11.1943 -94.5 58.0718
      vertex -11.1943 -89.5 58.0718
    endloop
  endfacet
  facet normal 0.052296 0 -0.998632
    outer loop
      vertex -10.6592 -94.5 58.1375
      vertex -10.4797 -89.5 58.1469
      vertex -10.4797 -94.5 58.1469
    endloop
  endfacet
  facet normal 0.052296 0 -0.998632
    outer loop
      vertex -10.4797 -89.5 58.1469
      vertex -10.6592 -94.5 58.1375
      vertex -10.6592 -89.5 58.1375
    endloop
  endfacet
  facet normal 0.121843 0 -0.992549
    outer loop
      vertex -11.0167 -94.5 58.0999
      vertex -10.8383 -89.5 58.1218
      vertex -10.8383 -94.5 58.1218
    endloop
  endfacet
  facet normal 0.121843 0 -0.992549
    outer loop
      vertex -10.8383 -89.5 58.1218
      vertex -11.0167 -94.5 58.0999
      vertex -11.0167 -89.5 58.0999
    endloop
  endfacet
  facet normal 0.573425 0 -0.819258
    outer loop
      vertex -13.3271 -94.5 57.1664
      vertex -13.1798 -89.5 57.2695
      vertex -13.1798 -94.5 57.2695
    endloop
  endfacet
  facet normal 0.573425 0 -0.819258
    outer loop
      vertex -13.1798 -89.5 57.2695
      vertex -13.3271 -94.5 57.1664
      vertex -13.3271 -89.5 57.1664
    endloop
  endfacet
  facet normal 0.515068 0 -0.857149
    outer loop
      vertex -13.0291 -94.5 57.3674
      vertex -12.875 -89.5 57.46
      vertex -12.875 -94.5 57.46
    endloop
  endfacet
  facet normal 0.515068 0 -0.857149
    outer loop
      vertex -12.875 -89.5 57.46
      vertex -13.0291 -94.5 57.3674
      vertex -13.0291 -89.5 57.3674
    endloop
  endfacet
  facet normal 0.422794 0 -0.906226
    outer loop
      vertex -12.5576 -94.5 57.6288
      vertex -12.3947 -89.5 57.7048
      vertex -12.3947 -94.5 57.7048
    endloop
  endfacet
  facet normal 0.422794 0 -0.906226
    outer loop
      vertex -12.3947 -89.5 57.7048
      vertex -12.5576 -94.5 57.6288
      vertex -12.5576 -89.5 57.6288
    endloop
  endfacet
  facet normal 0.485076 0 -0.874472
    outer loop
      vertex -12.875 -94.5 57.46
      vertex -12.7178 -89.5 57.5472
      vertex -12.7178 -94.5 57.5472
    endloop
  endfacet
  facet normal 0.485076 0 -0.874472
    outer loop
      vertex -12.7178 -89.5 57.5472
      vertex -12.875 -94.5 57.46
      vertex -12.875 -89.5 57.46
    endloop
  endfacet
  facet normal 0.601423 0 -0.798931
    outer loop
      vertex -13.4707 -94.5 57.0583
      vertex -13.3271 -89.5 57.1664
      vertex -13.3271 -94.5 57.1664
    endloop
  endfacet
  facet normal 0.601423 0 -0.798931
    outer loop
      vertex -13.3271 -89.5 57.1664
      vertex -13.4707 -94.5 57.0583
      vertex -13.4707 -89.5 57.0583
    endloop
  endfacet
  facet normal 0.656137 0 -0.754641
    outer loop
      vertex -13.746 -94.5 56.8272
      vertex -13.6104 -89.5 56.9451
      vertex -13.6104 -94.5 56.9451
    endloop
  endfacet
  facet normal 0.656137 0 -0.754641
    outer loop
      vertex -13.6104 -89.5 56.9451
      vertex -13.746 -94.5 56.8272
      vertex -13.746 -89.5 56.8272
    endloop
  endfacet
  facet normal 0.731425 0 -0.681922
    outer loop
      vertex -14.0046 -94.5 56.5775
      vertex -14.1272 -89.5 56.446
      vertex -14.0046 -89.5 56.5775
    endloop
  endfacet
  facet normal 0.731425 0 -0.681922
    outer loop
      vertex -14.1272 -89.5 56.446
      vertex -14.0046 -94.5 56.5775
      vertex -14.1272 -94.5 56.446
    endloop
  endfacet
  facet normal -0.453943 0 0.891031
    outer loop
      vertex -8.04239 -89.5 48.3712
      vertex -7.88222 -94.5 48.4528
      vertex -7.88222 -89.5 48.4528
    endloop
  endfacet
  facet normal -0.453943 0 0.891031
    outer loop
      vertex -7.88222 -94.5 48.4528
      vertex -8.04239 -89.5 48.3712
      vertex -8.04239 -94.5 48.3712
    endloop
  endfacet
  facet normal -0.777137 0 0.629331
    outer loop
      vertex -6.35487 -94.5 49.6896
      vertex -6.24174 -89.5 49.8293
      vertex -6.35487 -89.5 49.6896
    endloop
  endfacet
  facet normal -0.777137 0 0.629331
    outer loop
      vertex -6.24174 -89.5 49.8293
      vertex -6.35487 -94.5 49.6896
      vertex -6.24174 -94.5 49.8293
    endloop
  endfacet
  facet normal 0.681922 0 0.731425
    outer loop
      vertex -13.8775 -89.5 49.2954
      vertex -13.746 -94.5 49.1728
      vertex -13.746 -89.5 49.1728
    endloop
  endfacet
  facet normal 0.681922 0 0.731425
    outer loop
      vertex -13.746 -94.5 49.1728
      vertex -13.8775 -89.5 49.2954
      vertex -13.8775 -94.5 49.2954
    endloop
  endfacet
  facet normal 0.906226 -0 0.422794
    outer loop
      vertex -15.0048 -94.5 50.9053
      vertex -14.9288 -89.5 50.7424
      vertex -15.0048 -89.5 50.9053
    endloop
  endfacet
  facet normal 0.906226 0 0.422794
    outer loop
      vertex -14.9288 -89.5 50.7424
      vertex -15.0048 -94.5 50.9053
      vertex -14.9288 -94.5 50.7424
    endloop
  endfacet
  facet normal 0.987713 -0 0.156277
    outer loop
      vertex -15.3999 -94.5 52.2833
      vertex -15.3718 -89.5 52.1057
      vertex -15.3999 -89.5 52.2833
    endloop
  endfacet
  facet normal 0.987713 0 0.156277
    outer loop
      vertex -15.3718 -89.5 52.1057
      vertex -15.3999 -94.5 52.2833
      vertex -15.3718 -94.5 52.1057
    endloop
  endfacet
  facet normal 0.956235 -0 0.2926
    outer loop
      vertex -15.2505 -94.5 51.5805
      vertex -15.1979 -89.5 51.4086
      vertex -15.2505 -89.5 51.5805
    endloop
  endfacet
  facet normal 0.956235 0 0.2926
    outer loop
      vertex -15.1979 -89.5 51.4086
      vertex -15.2505 -94.5 51.5805
      vertex -15.1979 -94.5 51.4086
    endloop
  endfacet
  facet normal -0.0873402 0 0.996179
    outer loop
      vertex -9.94075 -89.5 47.8625
      vertex -9.76168 -94.5 47.8782
      vertex -9.76168 -89.5 47.8782
    endloop
  endfacet
  facet normal -0.0873402 0 0.996179
    outer loop
      vertex -9.76168 -94.5 47.8782
      vertex -9.94075 -89.5 47.8625
      vertex -9.94075 -94.5 47.8625
    endloop
  endfacet
  facet normal -0.0172484 0 0.999851
    outer loop
      vertex -10.3 -89.5 47.85
      vertex -10.1203 -94.5 47.8531
      vertex -10.1203 -89.5 47.8531
    endloop
  endfacet
  facet normal -0.0172484 0 0.999851
    outer loop
      vertex -10.1203 -94.5 47.8531
      vertex -10.3 -89.5 47.85
      vertex -10.3 -94.5 47.85
    endloop
  endfacet
  facet normal -0.0522815 0 0.998632
    outer loop
      vertex -10.1203 -89.5 47.8531
      vertex -9.94075 -94.5 47.8625
      vertex -9.94075 -89.5 47.8625
    endloop
  endfacet
  facet normal -0.0522815 0 0.998632
    outer loop
      vertex -9.94075 -94.5 47.8625
      vertex -10.1203 -89.5 47.8531
      vertex -10.1203 -94.5 47.8531
    endloop
  endfacet
  facet normal -0.292585 0 0.95624
    outer loop
      vertex -8.88047 -89.5 48.0495
      vertex -8.70856 -94.5 48.1021
      vertex -8.70856 -89.5 48.1021
    endloop
  endfacet
  facet normal -0.292585 0 0.95624
    outer loop
      vertex -8.70856 -94.5 48.1021
      vertex -8.88047 -89.5 48.0495
      vertex -8.88047 -94.5 48.0495
    endloop
  endfacet
  facet normal -0.15632 0 0.987707
    outer loop
      vertex -9.58326 -89.5 47.9001
      vertex -9.40571 -94.5 47.9282
      vertex -9.40571 -89.5 47.9282
    endloop
  endfacet
  facet normal -0.15632 0 0.987707
    outer loop
      vertex -9.40571 -94.5 47.9282
      vertex -9.58326 -89.5 47.9001
      vertex -9.58326 -94.5 47.9001
    endloop
  endfacet
  facet normal -0.992543 0 -0.121898
    outer loop
      vertex -5.17821 -94.5 53.5383
      vertex -5.20012 -89.5 53.7167
      vertex -5.17821 -89.5 53.5383
    endloop
  endfacet
  facet normal -0.992543 -0 -0.121898
    outer loop
      vertex -5.20012 -89.5 53.7167
      vertex -5.17821 -94.5 53.5383
      vertex -5.20012 -94.5 53.7167
    endloop
  endfacet
  facet normal -0.981615 0 -0.19087
    outer loop
      vertex -5.22824 -94.5 53.8943
      vertex -5.26254 -89.5 54.0707
      vertex -5.22824 -89.5 53.8943
    endloop
  endfacet
  facet normal -0.981615 -0 -0.19087
    outer loop
      vertex -5.26254 -89.5 54.0707
      vertex -5.22824 -94.5 53.8943
      vertex -5.26254 -94.5 54.0707
    endloop
  endfacet
  facet normal -0.945545 0 -0.32549
    outer loop
      vertex -5.40206 -94.5 54.5914
      vertex -5.46058 -89.5 54.7614
      vertex -5.40206 -89.5 54.5914
    endloop
  endfacet
  facet normal -0.945545 -0 -0.32549
    outer loop
      vertex -5.46058 -89.5 54.7614
      vertex -5.40206 -94.5 54.5914
      vertex -5.46058 -94.5 54.7614
    endloop
  endfacet
  facet normal -0.920526 0 -0.390681
    outer loop
      vertex -5.525 -94.5 54.9292
      vertex -5.59524 -89.5 55.0947
      vertex -5.525 -89.5 54.9292
    endloop
  endfacet
  facet normal -0.920526 -0 -0.390681
    outer loop
      vertex -5.59524 -89.5 55.0947
      vertex -5.525 -94.5 54.9292
      vertex -5.59524 -94.5 55.0947
    endloop
  endfacet
  facet normal -0.838558 0 -0.544812
    outer loop
      vertex -5.93255 -94.5 55.7291
      vertex -6.03046 -89.5 55.8798
      vertex -5.93255 -89.5 55.7291
    endloop
  endfacet
  facet normal -0.838558 -0 -0.544812
    outer loop
      vertex -6.03046 -89.5 55.8798
      vertex -5.93255 -94.5 55.7291
      vertex -6.03046 -94.5 55.8798
    endloop
  endfacet
  facet normal -0.325459 0 -0.945556
    outer loop
      vertex -8.70856 -94.5 57.8979
      vertex -8.5386 -89.5 57.8394
      vertex -8.5386 -94.5 57.8394
    endloop
  endfacet
  facet normal -0.325459 0 -0.945556
    outer loop
      vertex -8.5386 -89.5 57.8394
      vertex -8.70856 -94.5 57.8979
      vertex -8.70856 -89.5 57.8979
    endloop
  endfacet
  facet normal -0.225286 0 -0.974293
    outer loop
      vertex -9.22925 -94.5 58.0375
      vertex -9.0541 -89.5 57.997
      vertex -9.0541 -94.5 57.997
    endloop
  endfacet
  facet normal -0.225286 0 -0.974293
    outer loop
      vertex -9.0541 -89.5 57.997
      vertex -9.22925 -94.5 58.0375
      vertex -9.22925 -89.5 58.0375
    endloop
  endfacet
  facet normal -0.422751 0 -0.906246
    outer loop
      vertex -8.20531 -94.5 57.7048
      vertex -8.04239 -89.5 57.6288
      vertex -8.04239 -94.5 57.6288
    endloop
  endfacet
  facet normal -0.422751 0 -0.906246
    outer loop
      vertex -8.04239 -89.5 57.6288
      vertex -8.20531 -94.5 57.7048
      vertex -8.20531 -89.5 57.7048
    endloop
  endfacet
  facet normal -0.629566 0 -0.776947
    outer loop
      vertex -7.12934 -94.5 57.0583
      vertex -6.98964 -89.5 56.9451
      vertex -6.98964 -94.5 56.9451
    endloop
  endfacet
  facet normal -0.629566 0 -0.776947
    outer loop
      vertex -6.98964 -89.5 56.9451
      vertex -7.12934 -94.5 57.0583
      vertex -7.12934 -89.5 57.0583
    endloop
  endfacet
  facet normal 0.99618 0 -0.0873256
    outer loop
      vertex -15.4218 -94.5 53.5383
      vertex -15.4375 -89.5 53.3592
      vertex -15.4218 -89.5 53.5383
    endloop
  endfacet
  facet normal 0.99618 0 -0.0873256
    outer loop
      vertex -15.4375 -89.5 53.3592
      vertex -15.4218 -94.5 53.5383
      vertex -15.4375 -94.5 53.3592
    endloop
  endfacet
  facet normal 0.956235 0 -0.2926
    outer loop
      vertex -15.1979 -94.5 54.5914
      vertex -15.2505 -89.5 54.4195
      vertex -15.1979 -89.5 54.5914
    endloop
  endfacet
  facet normal 0.956235 0 -0.2926
    outer loop
      vertex -15.2505 -89.5 54.4195
      vertex -15.1979 -94.5 54.5914
      vertex -15.2505 -94.5 54.4195
    endloop
  endfacet
  facet normal 0.94558 0 -0.325391
    outer loop
      vertex -15.1394 -94.5 54.7614
      vertex -15.1979 -89.5 54.5914
      vertex -15.1394 -89.5 54.7614
    endloop
  endfacet
  facet normal 0.94558 0 -0.325391
    outer loop
      vertex -15.1979 -89.5 54.5914
      vertex -15.1394 -94.5 54.7614
      vertex -15.1979 -94.5 54.5914
    endloop
  endfacet
  facet normal 0.920606 0 -0.390493
    outer loop
      vertex -15.0048 -94.5 55.0947
      vertex -15.075 -89.5 54.9292
      vertex -15.0048 -89.5 55.0947
    endloop
  endfacet
  facet normal 0.920606 0 -0.390493
    outer loop
      vertex -15.075 -89.5 54.9292
      vertex -15.0048 -94.5 55.0947
      vertex -15.075 -94.5 54.9292
    endloop
  endfacet
  facet normal 0.776947 0 -0.629566
    outer loop
      vertex -14.2451 -94.5 56.3104
      vertex -14.3583 -89.5 56.1707
      vertex -14.2451 -89.5 56.3104
    endloop
  endfacet
  facet normal 0.776947 0 -0.629566
    outer loop
      vertex -14.3583 -89.5 56.1707
      vertex -14.2451 -94.5 56.3104
      vertex -14.3583 -94.5 56.1707
    endloop
  endfacet
  facet normal 0.2926 0 -0.956235
    outer loop
      vertex -11.8914 -94.5 57.8979
      vertex -11.7195 -89.5 57.9505
      vertex -11.7195 -94.5 57.9505
    endloop
  endfacet
  facet normal 0.2926 0 -0.956235
    outer loop
      vertex -11.7195 -89.5 57.9505
      vertex -11.8914 -94.5 57.8979
      vertex -11.8914 -89.5 57.8979
    endloop
  endfacet
  facet normal 0.19087 0 -0.981615
    outer loop
      vertex -11.3707 -94.5 58.0375
      vertex -11.1943 -89.5 58.0718
      vertex -11.1943 -94.5 58.0718
    endloop
  endfacet
  facet normal 0.19087 0 -0.981615
    outer loop
      vertex -11.1943 -89.5 58.0718
      vertex -11.3707 -94.5 58.0375
      vertex -11.3707 -89.5 58.0375
    endloop
  endfacet
  facet normal 0.0873256 0 -0.99618
    outer loop
      vertex -10.8383 -94.5 58.1218
      vertex -10.6592 -89.5 58.1375
      vertex -10.6592 -94.5 58.1375
    endloop
  endfacet
  facet normal 0.0873256 0 -0.99618
    outer loop
      vertex -10.6592 -89.5 58.1375
      vertex -10.8383 -94.5 58.1218
      vertex -10.8383 -89.5 58.1218
    endloop
  endfacet
  facet normal 0.544773 0 -0.838583
    outer loop
      vertex -13.1798 -94.5 57.2695
      vertex -13.0291 -89.5 57.3674
      vertex -13.0291 -94.5 57.3674
    endloop
  endfacet
  facet normal 0.544773 0 -0.838583
    outer loop
      vertex -13.0291 -89.5 57.3674
      vertex -13.1798 -94.5 57.2695
      vertex -13.1798 -89.5 57.2695
    endloop
  endfacet
  facet normal 0.453876 0 -0.891065
    outer loop
      vertex -12.7178 -94.5 57.5472
      vertex -12.5576 -89.5 57.6288
      vertex -12.5576 -94.5 57.6288
    endloop
  endfacet
  facet normal 0.453876 0 -0.891065
    outer loop
      vertex -12.5576 -89.5 57.6288
      vertex -12.7178 -94.5 57.5472
      vertex -12.7178 -89.5 57.5472
    endloop
  endfacet
  facet normal 0.629566 0 -0.776947
    outer loop
      vertex -13.6104 -94.5 56.9451
      vertex -13.4707 -89.5 57.0583
      vertex -13.4707 -94.5 57.0583
    endloop
  endfacet
  facet normal 0.629566 0 -0.776947
    outer loop
      vertex -13.4707 -89.5 57.0583
      vertex -13.6104 -94.5 56.9451
      vertex -13.6104 -89.5 56.9451
    endloop
  endfacet
  facet normal 0.707107 0 -0.707107
    outer loop
      vertex -14.0046 -94.5 56.5775
      vertex -13.8775 -89.5 56.7046
      vertex -13.8775 -94.5 56.7046
    endloop
  endfacet
  facet normal 0.707107 0 -0.707107
    outer loop
      vertex -13.8775 -89.5 56.7046
      vertex -14.0046 -94.5 56.5775
      vertex -14.0046 -89.5 56.5775
    endloop
  endfacet
  facet normal -0.999847 0 0.0174709
    outer loop
      vertex -5.15314 -94.5 52.8203
      vertex -5.15 -89.5 53
      vertex -5.15314 -89.5 52.8203
    endloop
  endfacet
  facet normal -0.999847 0 0.0174709
    outer loop
      vertex -5.15 -89.5 53
      vertex -5.15314 -94.5 52.8203
      vertex -5.15 -94.5 53
    endloop
  endfacet
  facet normal -0.992543 0 0.121898
    outer loop
      vertex -5.20012 -94.5 52.2833
      vertex -5.17821 -89.5 52.4617
      vertex -5.20012 -89.5 52.2833
    endloop
  endfacet
  facet normal -0.992543 0 0.121898
    outer loop
      vertex -5.17821 -89.5 52.4617
      vertex -5.20012 -94.5 52.2833
      vertex -5.17821 -94.5 52.4617
    endloop
  endfacet
  facet normal -0.996194 0 0.0871601
    outer loop
      vertex -5.17821 -94.5 52.4617
      vertex -5.16254 -89.5 52.6408
      vertex -5.17821 -89.5 52.4617
    endloop
  endfacet
  facet normal -0.996194 0 0.0871601
    outer loop
      vertex -5.16254 -89.5 52.6408
      vertex -5.17821 -94.5 52.4617
      vertex -5.16254 -94.5 52.6408
    endloop
  endfacet
  facet normal -0.97438 0 0.224908
    outer loop
      vertex -5.30298 -94.5 51.7541
      vertex -5.26254 -89.5 51.9293
      vertex -5.30298 -89.5 51.7541
    endloop
  endfacet
  facet normal -0.97438 0 0.224908
    outer loop
      vertex -5.26254 -89.5 51.9293
      vertex -5.30298 -94.5 51.7541
      vertex -5.26254 -94.5 51.9293
    endloop
  endfacet
  facet normal -0.96592 0 0.25884
    outer loop
      vertex -5.3495 -94.5 51.5805
      vertex -5.30298 -89.5 51.7541
      vertex -5.3495 -89.5 51.5805
    endloop
  endfacet
  facet normal -0.96592 0 0.25884
    outer loop
      vertex -5.30298 -89.5 51.7541
      vertex -5.3495 -94.5 51.5805
      vertex -5.30298 -94.5 51.7541
    endloop
  endfacet
  facet normal -0.87459 0 0.484863
    outer loop
      vertex -5.83997 -94.5 50.425
      vertex -5.75282 -89.5 50.5822
      vertex -5.83997 -89.5 50.425
    endloop
  endfacet
  facet normal -0.87459 0 0.484863
    outer loop
      vertex -5.75282 -89.5 50.5822
      vertex -5.83997 -94.5 50.425
      vertex -5.75282 -94.5 50.5822
    endloop
  endfacet
  facet normal -0.90629 0 0.422657
    outer loop
      vertex -5.67121 -94.5 50.7424
      vertex -5.59524 -89.5 50.9053
      vertex -5.67121 -89.5 50.7424
    endloop
  endfacet
  facet normal -0.90629 0 0.422657
    outer loop
      vertex -5.59524 -89.5 50.9053
      vertex -5.67121 -94.5 50.7424
      vertex -5.59524 -94.5 50.9053
    endloop
  endfacet
  facet normal -0.731425 0 0.681922
    outer loop
      vertex -6.5954 -94.5 49.4225
      vertex -6.4728 -89.5 49.554
      vertex -6.5954 -89.5 49.4225
    endloop
  endfacet
  facet normal -0.731425 0 0.681922
    outer loop
      vertex -6.4728 -89.5 49.554
      vertex -6.5954 -94.5 49.4225
      vertex -6.4728 -94.5 49.554
    endloop
  endfacet
  facet normal -0.754559 0 0.656232
    outer loop
      vertex -6.4728 -94.5 49.554
      vertex -6.35487 -89.5 49.6896
      vertex -6.4728 -89.5 49.554
    endloop
  endfacet
  facet normal -0.754559 0 0.656232
    outer loop
      vertex -6.35487 -89.5 49.6896
      vertex -6.4728 -94.5 49.554
      vertex -6.35487 -94.5 49.6896
    endloop
  endfacet
  facet normal 0.485076 0 0.874472
    outer loop
      vertex -12.875 -89.5 48.54
      vertex -12.7178 -94.5 48.4528
      vertex -12.7178 -89.5 48.4528
    endloop
  endfacet
  facet normal 0.485076 0 0.874472
    outer loop
      vertex -12.7178 -94.5 48.4528
      vertex -12.875 -89.5 48.54
      vertex -12.875 -94.5 48.54
    endloop
  endfacet
  facet normal 0.2926 0 0.956235
    outer loop
      vertex -11.8914 -89.5 48.1021
      vertex -11.7195 -94.5 48.0495
      vertex -11.7195 -89.5 48.0495
    endloop
  endfacet
  facet normal 0.2926 0 0.956235
    outer loop
      vertex -11.7195 -94.5 48.0495
      vertex -11.8914 -89.5 48.1021
      vertex -11.8914 -94.5 48.1021
    endloop
  endfacet
  facet normal 0.998632 -0 0.052296
    outer loop
      vertex -15.4469 -94.5 52.8203
      vertex -15.4375 -89.5 52.6408
      vertex -15.4469 -89.5 52.8203
    endloop
  endfacet
  facet normal 0.998632 0 0.052296
    outer loop
      vertex -15.4375 -89.5 52.6408
      vertex -15.4469 -94.5 52.8203
      vertex -15.4375 -94.5 52.6408
    endloop
  endfacet
  facet normal 0.94558 -0 0.325391
    outer loop
      vertex -15.1979 -94.5 51.4086
      vertex -15.1394 -89.5 51.2386
      vertex -15.1979 -89.5 51.4086
    endloop
  endfacet
  facet normal 0.94558 0 0.325391
    outer loop
      vertex -15.1394 -89.5 51.2386
      vertex -15.1979 -94.5 51.4086
      vertex -15.1394 -94.5 51.2386
    endloop
  endfacet
  facet normal 0.965948 -0 0.258736
    outer loop
      vertex -15.297 -94.5 51.7541
      vertex -15.2505 -89.5 51.5805
      vertex -15.297 -89.5 51.7541
    endloop
  endfacet
  facet normal 0.965948 0 0.258736
    outer loop
      vertex -15.2505 -89.5 51.5805
      vertex -15.297 -94.5 51.7541
      vertex -15.2505 -94.5 51.5805
    endloop
  endfacet
  facet normal -0.12183 0 0.992551
    outer loop
      vertex -9.76168 -89.5 47.8782
      vertex -9.58326 -94.5 47.9001
      vertex -9.58326 -89.5 47.9001
    endloop
  endfacet
  facet normal -0.12183 0 0.992551
    outer loop
      vertex -9.58326 -94.5 47.9001
      vertex -9.76168 -89.5 47.8782
      vertex -9.76168 -94.5 47.8782
    endloop
  endfacet
  facet normal -0.258694 0 0.965959
    outer loop
      vertex -9.0541 -89.5 48.003
      vertex -8.88047 -94.5 48.0495
      vertex -8.88047 -89.5 48.0495
    endloop
  endfacet
  facet normal -0.258694 0 0.965959
    outer loop
      vertex -8.88047 -94.5 48.0495
      vertex -9.0541 -89.5 48.003
      vertex -9.0541 -94.5 48.003
    endloop
  endfacet
  facet normal -0.325459 0 0.945556
    outer loop
      vertex -8.70856 -89.5 48.1021
      vertex -8.5386 -94.5 48.1606
      vertex -8.5386 -89.5 48.1606
    endloop
  endfacet
  facet normal -0.325459 0 0.945556
    outer loop
      vertex -8.5386 -94.5 48.1606
      vertex -8.70856 -89.5 48.1021
      vertex -8.70856 -94.5 48.1021
    endloop
  endfacet
  facet normal -0.190807 0 0.981628
    outer loop
      vertex -9.40571 -89.5 47.9282
      vertex -9.22925 -94.5 47.9625
      vertex -9.22925 -89.5 47.9625
    endloop
  endfacet
  facet normal -0.190807 0 0.981628
    outer loop
      vertex -9.22925 -94.5 47.9625
      vertex -9.40571 -89.5 47.9282
      vertex -9.40571 -94.5 47.9282
    endloop
  endfacet
  facet normal -0.390553 0 0.920581
    outer loop
      vertex -8.37078 -89.5 48.225
      vertex -8.20531 -94.5 48.2952
      vertex -8.20531 -89.5 48.2952
    endloop
  endfacet
  facet normal -0.390553 0 0.920581
    outer loop
      vertex -8.20531 -94.5 48.2952
      vertex -8.37078 -89.5 48.225
      vertex -8.37078 -94.5 48.225
    endloop
  endfacet
  facet normal -0.422751 0 0.906246
    outer loop
      vertex -8.20531 -89.5 48.2952
      vertex -8.04239 -94.5 48.3712
      vertex -8.04239 -89.5 48.3712
    endloop
  endfacet
  facet normal -0.422751 0 0.906246
    outer loop
      vertex -8.04239 -94.5 48.3712
      vertex -8.20531 -89.5 48.2952
      vertex -8.20531 -94.5 48.2952
    endloop
  endfacet
  facet normal -0.998632 0 -0.052296
    outer loop
      vertex -5.15314 -94.5 53.1797
      vertex -5.16254 -89.5 53.3592
      vertex -5.15314 -89.5 53.1797
    endloop
  endfacet
  facet normal -0.998632 -0 -0.052296
    outer loop
      vertex -5.16254 -89.5 53.3592
      vertex -5.15314 -94.5 53.1797
      vertex -5.16254 -94.5 53.3592
    endloop
  endfacet
  facet normal -0.987696 0 -0.156385
    outer loop
      vertex -5.20012 -94.5 53.7167
      vertex -5.22824 -89.5 53.8943
      vertex -5.20012 -89.5 53.7167
    endloop
  endfacet
  facet normal -0.987696 -0 -0.156385
    outer loop
      vertex -5.22824 -89.5 53.8943
      vertex -5.20012 -94.5 53.7167
      vertex -5.22824 -94.5 53.8943
    endloop
  endfacet
  facet normal -0.956297 0 -0.292397
    outer loop
      vertex -5.3495 -94.5 54.4195
      vertex -5.40206 -89.5 54.5914
      vertex -5.3495 -89.5 54.4195
    endloop
  endfacet
  facet normal -0.956297 -0 -0.292397
    outer loop
      vertex -5.40206 -89.5 54.5914
      vertex -5.3495 -94.5 54.4195
      vertex -5.40206 -94.5 54.5914
    endloop
  endfacet
  facet normal -0.981615 0 0.19087
    outer loop
      vertex -5.26254 -94.5 51.9293
      vertex -5.22824 -89.5 52.1057
      vertex -5.26254 -89.5 51.9293
    endloop
  endfacet
  facet normal -0.981615 0 0.19087
    outer loop
      vertex -5.22824 -89.5 52.1057
      vertex -5.26254 -94.5 51.9293
      vertex -5.22824 -94.5 52.1057
    endloop
  endfacet
  facet normal -0.987696 0 0.156385
    outer loop
      vertex -5.22824 -94.5 52.1057
      vertex -5.20012 -89.5 52.2833
      vertex -5.22824 -89.5 52.1057
    endloop
  endfacet
  facet normal -0.987696 0 0.156385
    outer loop
      vertex -5.20012 -89.5 52.2833
      vertex -5.22824 -94.5 52.1057
      vertex -5.20012 -94.5 52.2833
    endloop
  endfacet
  facet normal -0.945545 0 0.32549
    outer loop
      vertex -5.46058 -94.5 51.2386
      vertex -5.40206 -89.5 51.4086
      vertex -5.46058 -89.5 51.2386
    endloop
  endfacet
  facet normal -0.945545 0 0.32549
    outer loop
      vertex -5.40206 -89.5 51.4086
      vertex -5.46058 -94.5 51.2386
      vertex -5.40206 -94.5 51.4086
    endloop
  endfacet
  facet normal -0.956297 0 0.292397
    outer loop
      vertex -5.40206 -94.5 51.4086
      vertex -5.3495 -89.5 51.5805
      vertex -5.40206 -89.5 51.4086
    endloop
  endfacet
  facet normal -0.956297 0 0.292397
    outer loop
      vertex -5.3495 -89.5 51.5805
      vertex -5.40206 -94.5 51.4086
      vertex -5.3495 -94.5 51.5805
    endloop
  endfacet
  facet normal -0.891042 0 0.45392
    outer loop
      vertex -5.75282 -94.5 50.5822
      vertex -5.67121 -89.5 50.7424
      vertex -5.75282 -89.5 50.5822
    endloop
  endfacet
  facet normal -0.891042 0 0.45392
    outer loop
      vertex -5.67121 -89.5 50.7424
      vertex -5.75282 -94.5 50.5822
      vertex -5.67121 -94.5 50.7424
    endloop
  endfacet
  facet normal -0.485029 0 0.874498
    outer loop
      vertex -7.88222 -89.5 48.4528
      vertex -7.725 -94.5 48.54
      vertex -7.725 -89.5 48.54
    endloop
  endfacet
  facet normal -0.485029 0 0.874498
    outer loop
      vertex -7.725 -94.5 48.54
      vertex -7.88222 -89.5 48.4528
      vertex -7.88222 -94.5 48.4528
    endloop
  endfacet
  facet normal -0.544621 0 0.838682
    outer loop
      vertex -7.57092 -89.5 48.6326
      vertex -7.42016 -94.5 48.7305
      vertex -7.42016 -89.5 48.7305
    endloop
  endfacet
  facet normal -0.544621 0 0.838682
    outer loop
      vertex -7.42016 -94.5 48.7305
      vertex -7.57092 -89.5 48.6326
      vertex -7.57092 -94.5 48.6326
    endloop
  endfacet
  facet normal -0.573556 0 0.819167
    outer loop
      vertex -7.42016 -89.5 48.7305
      vertex -7.27291 -94.5 48.8336
      vertex -7.27291 -89.5 48.8336
    endloop
  endfacet
  facet normal -0.573556 0 0.819167
    outer loop
      vertex -7.27291 -94.5 48.8336
      vertex -7.42016 -89.5 48.7305
      vertex -7.42016 -94.5 48.7305
    endloop
  endfacet
  facet normal -0.682005 0 0.731347
    outer loop
      vertex -6.85398 -89.5 49.1728
      vertex -6.72251 -94.5 49.2954
      vertex -6.72251 -89.5 49.2954
    endloop
  endfacet
  facet normal -0.682005 0 0.731347
    outer loop
      vertex -6.72251 -94.5 49.2954
      vertex -6.85398 -89.5 49.1728
      vertex -6.85398 -94.5 49.1728
    endloop
  endfacet
  facet normal -0.707079 0 0.707135
    outer loop
      vertex -6.72251 -94.5 49.2954
      vertex -6.5954 -89.5 49.4225
      vertex -6.72251 -89.5 49.2954
    endloop
  endfacet
  facet normal -0.707079 0 0.707135
    outer loop
      vertex -6.5954 -89.5 49.4225
      vertex -6.72251 -94.5 49.2954
      vertex -6.5954 -94.5 49.4225
    endloop
  endfacet
  facet normal -0.629566 0 0.776947
    outer loop
      vertex -7.12934 -89.5 48.9417
      vertex -6.98964 -94.5 49.0549
      vertex -6.98964 -89.5 49.0549
    endloop
  endfacet
  facet normal -0.629566 0 0.776947
    outer loop
      vertex -6.98964 -94.5 49.0549
      vertex -7.12934 -89.5 48.9417
      vertex -7.12934 -94.5 48.9417
    endloop
  endfacet
  facet normal -0.798717 0 0.601707
    outer loop
      vertex -6.24174 -94.5 49.8293
      vertex -6.13356 -89.5 49.9729
      vertex -6.24174 -89.5 49.8293
    endloop
  endfacet
  facet normal -0.798717 0 0.601707
    outer loop
      vertex -6.13356 -89.5 49.9729
      vertex -6.24174 -94.5 49.8293
      vertex -6.13356 -94.5 49.9729
    endloop
  endfacet
  facet normal -0.819258 0 0.573425
    outer loop
      vertex -6.13356 -94.5 49.9729
      vertex -6.03046 -89.5 50.1202
      vertex -6.13356 -89.5 49.9729
    endloop
  endfacet
  facet normal -0.819258 0 0.573425
    outer loop
      vertex -6.03046 -89.5 50.1202
      vertex -6.13356 -94.5 49.9729
      vertex -6.03046 -94.5 50.1202
    endloop
  endfacet
  facet normal -0.838558 0 0.544812
    outer loop
      vertex -6.03046 -94.5 50.1202
      vertex -5.93255 -89.5 50.2709
      vertex -6.03046 -89.5 50.1202
    endloop
  endfacet
  facet normal -0.838558 0 0.544812
    outer loop
      vertex -5.93255 -89.5 50.2709
      vertex -6.03046 -94.5 50.1202
      vertex -5.93255 -94.5 50.2709
    endloop
  endfacet
  facet normal 0.656137 0 0.754641
    outer loop
      vertex -13.746 -89.5 49.1728
      vertex -13.6104 -94.5 49.0549
      vertex -13.6104 -89.5 49.0549
    endloop
  endfacet
  facet normal 0.656137 0 0.754641
    outer loop
      vertex -13.6104 -94.5 49.0549
      vertex -13.746 -89.5 49.1728
      vertex -13.746 -94.5 49.1728
    endloop
  endfacet
  facet normal 0.601423 0 0.798931
    outer loop
      vertex -13.4707 -89.5 48.9417
      vertex -13.3271 -94.5 48.8336
      vertex -13.3271 -89.5 48.8336
    endloop
  endfacet
  facet normal 0.601423 0 0.798931
    outer loop
      vertex -13.3271 -94.5 48.8336
      vertex -13.4707 -89.5 48.9417
      vertex -13.4707 -94.5 48.9417
    endloop
  endfacet
  facet normal 0.629566 0 0.776947
    outer loop
      vertex -13.6104 -89.5 49.0549
      vertex -13.4707 -94.5 48.9417
      vertex -13.4707 -89.5 48.9417
    endloop
  endfacet
  facet normal 0.629566 0 0.776947
    outer loop
      vertex -13.4707 -94.5 48.9417
      vertex -13.6104 -89.5 49.0549
      vertex -13.6104 -94.5 49.0549
    endloop
  endfacet
  facet normal 0.891065 -0 0.453876
    outer loop
      vertex -14.9288 -94.5 50.7424
      vertex -14.8472 -89.5 50.5822
      vertex -14.9288 -89.5 50.7424
    endloop
  endfacet
  facet normal 0.891065 0 0.453876
    outer loop
      vertex -14.8472 -89.5 50.5822
      vertex -14.9288 -94.5 50.7424
      vertex -14.8472 -94.5 50.5822
    endloop
  endfacet
  facet normal 0.857149 -0 0.515068
    outer loop
      vertex -14.76 -94.5 50.425
      vertex -14.6674 -89.5 50.2709
      vertex -14.76 -89.5 50.425
    endloop
  endfacet
  facet normal 0.857149 0 0.515068
    outer loop
      vertex -14.6674 -89.5 50.2709
      vertex -14.76 -94.5 50.425
      vertex -14.6674 -94.5 50.2709
    endloop
  endfacet
  facet normal 0.798931 -0 0.601423
    outer loop
      vertex -14.4664 -94.5 49.9729
      vertex -14.3583 -89.5 49.8293
      vertex -14.4664 -89.5 49.9729
    endloop
  endfacet
  facet normal 0.798931 0 0.601423
    outer loop
      vertex -14.3583 -89.5 49.8293
      vertex -14.4664 -94.5 49.9729
      vertex -14.3583 -94.5 49.8293
    endloop
  endfacet
  facet normal 0.981615 -0 0.19087
    outer loop
      vertex -15.3718 -94.5 52.1057
      vertex -15.3375 -89.5 51.9293
      vertex -15.3718 -89.5 52.1057
    endloop
  endfacet
  facet normal 0.981615 0 0.19087
    outer loop
      vertex -15.3375 -89.5 51.9293
      vertex -15.3718 -94.5 52.1057
      vertex -15.3375 -94.5 51.9293
    endloop
  endfacet
  facet normal 0.933603 -0 0.358308
    outer loop
      vertex -15.1394 -94.5 51.2386
      vertex -15.075 -89.5 51.0708
      vertex -15.1394 -89.5 51.2386
    endloop
  endfacet
  facet normal 0.933603 0 0.358308
    outer loop
      vertex -15.075 -89.5 51.0708
      vertex -15.1394 -94.5 51.2386
      vertex -15.075 -94.5 51.0708
    endloop
  endfacet
  facet normal 0.920606 -0 0.390493
    outer loop
      vertex -15.075 -94.5 51.0708
      vertex -15.0048 -89.5 50.9053
      vertex -15.075 -89.5 51.0708
    endloop
  endfacet
  facet normal 0.920606 0 0.390493
    outer loop
      vertex -15.0048 -89.5 50.9053
      vertex -15.075 -94.5 51.0708
      vertex -15.0048 -94.5 50.9053
    endloop
  endfacet
  facet normal -0.225286 0 0.974293
    outer loop
      vertex -9.22925 -89.5 47.9625
      vertex -9.0541 -94.5 48.003
      vertex -9.0541 -89.5 48.003
    endloop
  endfacet
  facet normal -0.225286 0 0.974293
    outer loop
      vertex -9.0541 -94.5 48.003
      vertex -9.22925 -89.5 47.9625
      vertex -9.22925 -94.5 47.9625
    endloop
  endfacet
  facet normal -0.996194 0 -0.0871601
    outer loop
      vertex -5.16254 -94.5 53.3592
      vertex -5.17821 -89.5 53.5383
      vertex -5.16254 -89.5 53.3592
    endloop
  endfacet
  facet normal -0.996194 -0 -0.0871601
    outer loop
      vertex -5.17821 -89.5 53.5383
      vertex -5.16254 -94.5 53.3592
      vertex -5.17821 -94.5 53.5383
    endloop
  endfacet
  facet normal -0.920526 0 0.390681
    outer loop
      vertex -5.59524 -94.5 50.9053
      vertex -5.525 -89.5 51.0708
      vertex -5.59524 -89.5 50.9053
    endloop
  endfacet
  facet normal -0.920526 0 0.390681
    outer loop
      vertex -5.525 -89.5 51.0708
      vertex -5.59524 -94.5 50.9053
      vertex -5.525 -94.5 51.0708
    endloop
  endfacet
  facet normal -0.515117 0 0.85712
    outer loop
      vertex -7.725 -89.5 48.54
      vertex -7.57092 -94.5 48.6326
      vertex -7.57092 -89.5 48.6326
    endloop
  endfacet
  facet normal -0.515117 0 0.85712
    outer loop
      vertex -7.57092 -94.5 48.6326
      vertex -7.725 -89.5 48.54
      vertex -7.725 -94.5 48.54
    endloop
  endfacet
  facet normal -0.601504 0 0.79887
    outer loop
      vertex -7.27291 -89.5 48.8336
      vertex -7.12934 -94.5 48.9417
      vertex -7.12934 -89.5 48.9417
    endloop
  endfacet
  facet normal -0.601504 0 0.79887
    outer loop
      vertex -7.12934 -94.5 48.9417
      vertex -7.27291 -89.5 48.8336
      vertex -7.27291 -94.5 48.8336
    endloop
  endfacet
  facet normal -0.655972 0 0.754785
    outer loop
      vertex -6.98964 -89.5 49.0549
      vertex -6.85398 -94.5 49.1728
      vertex -6.85398 -89.5 49.1728
    endloop
  endfacet
  facet normal -0.655972 0 0.754785
    outer loop
      vertex -6.85398 -94.5 49.1728
      vertex -6.98964 -89.5 49.0549
      vertex -6.98964 -94.5 49.0549
    endloop
  endfacet
  facet normal 0.573425 0 0.819258
    outer loop
      vertex -13.3271 -89.5 48.8336
      vertex -13.1798 -94.5 48.7305
      vertex -13.1798 -89.5 48.7305
    endloop
  endfacet
  facet normal 0.573425 0 0.819258
    outer loop
      vertex -13.1798 -94.5 48.7305
      vertex -13.3271 -89.5 48.8336
      vertex -13.3271 -94.5 48.8336
    endloop
  endfacet
  facet normal 0.544773 0 0.838583
    outer loop
      vertex -13.1798 -89.5 48.7305
      vertex -13.0291 -94.5 48.6326
      vertex -13.0291 -89.5 48.6326
    endloop
  endfacet
  facet normal 0.544773 0 0.838583
    outer loop
      vertex -13.0291 -94.5 48.6326
      vertex -13.1798 -89.5 48.7305
      vertex -13.1798 -94.5 48.7305
    endloop
  endfacet
  facet normal 0.515068 0 0.857149
    outer loop
      vertex -13.0291 -89.5 48.6326
      vertex -12.875 -94.5 48.54
      vertex -12.875 -89.5 48.54
    endloop
  endfacet
  facet normal 0.515068 0 0.857149
    outer loop
      vertex -12.875 -94.5 48.54
      vertex -13.0291 -89.5 48.6326
      vertex -13.0291 -94.5 48.6326
    endloop
  endfacet
  facet normal 0.422794 0 0.906226
    outer loop
      vertex -12.5576 -89.5 48.3712
      vertex -12.3947 -94.5 48.2952
      vertex -12.3947 -89.5 48.2952
    endloop
  endfacet
  facet normal 0.422794 0 0.906226
    outer loop
      vertex -12.3947 -94.5 48.2952
      vertex -12.5576 -89.5 48.3712
      vertex -12.5576 -94.5 48.3712
    endloop
  endfacet
  facet normal 0.358308 0 0.933603
    outer loop
      vertex -12.2292 -89.5 48.225
      vertex -12.0614 -94.5 48.1606
      vertex -12.0614 -89.5 48.1606
    endloop
  endfacet
  facet normal 0.358308 0 0.933603
    outer loop
      vertex -12.0614 -94.5 48.1606
      vertex -12.2292 -89.5 48.225
      vertex -12.2292 -94.5 48.225
    endloop
  endfacet
  facet normal 0.325391 0 0.94558
    outer loop
      vertex -12.0614 -89.5 48.1606
      vertex -11.8914 -94.5 48.1021
      vertex -11.8914 -89.5 48.1021
    endloop
  endfacet
  facet normal 0.325391 0 0.94558
    outer loop
      vertex -11.8914 -94.5 48.1021
      vertex -12.0614 -89.5 48.1606
      vertex -12.0614 -94.5 48.1606
    endloop
  endfacet
  facet normal 0.052296 0 0.998632
    outer loop
      vertex -10.6592 -89.5 47.8625
      vertex -10.4797 -94.5 47.8531
      vertex -10.4797 -89.5 47.8531
    endloop
  endfacet
  facet normal 0.052296 0 0.998632
    outer loop
      vertex -10.4797 -94.5 47.8531
      vertex -10.6592 -89.5 47.8625
      vertex -10.6592 -94.5 47.8625
    endloop
  endfacet
  facet normal 0.258736 0 0.965948
    outer loop
      vertex -11.7195 -89.5 48.0495
      vertex -11.5459 -94.5 48.003
      vertex -11.5459 -89.5 48.003
    endloop
  endfacet
  facet normal 0.258736 0 0.965948
    outer loop
      vertex -11.5459 -94.5 48.003
      vertex -11.7195 -89.5 48.0495
      vertex -11.7195 -94.5 48.0495
    endloop
  endfacet
  facet normal 0.156277 0 0.987713
    outer loop
      vertex -11.1943 -89.5 47.9282
      vertex -11.0167 -94.5 47.9001
      vertex -11.0167 -89.5 47.9001
    endloop
  endfacet
  facet normal 0.156277 0 0.987713
    outer loop
      vertex -11.0167 -94.5 47.9001
      vertex -11.1943 -89.5 47.9282
      vertex -11.1943 -94.5 47.9282
    endloop
  endfacet
  facet normal 0.874472 -0 0.485076
    outer loop
      vertex -14.8472 -94.5 50.5822
      vertex -14.76 -89.5 50.425
      vertex -14.8472 -89.5 50.5822
    endloop
  endfacet
  facet normal 0.874472 0 0.485076
    outer loop
      vertex -14.76 -89.5 50.425
      vertex -14.8472 -94.5 50.5822
      vertex -14.76 -94.5 50.425
    endloop
  endfacet
  facet normal 0.838583 -0 0.544773
    outer loop
      vertex -14.6674 -94.5 50.2709
      vertex -14.5695 -89.5 50.1202
      vertex -14.6674 -89.5 50.2709
    endloop
  endfacet
  facet normal 0.838583 0 0.544773
    outer loop
      vertex -14.5695 -89.5 50.1202
      vertex -14.6674 -94.5 50.2709
      vertex -14.5695 -94.5 50.1202
    endloop
  endfacet
  facet normal 0.819258 -0 0.573425
    outer loop
      vertex -14.5695 -94.5 50.1202
      vertex -14.4664 -89.5 49.9729
      vertex -14.5695 -89.5 50.1202
    endloop
  endfacet
  facet normal 0.819258 0 0.573425
    outer loop
      vertex -14.4664 -89.5 49.9729
      vertex -14.5695 -94.5 50.1202
      vertex -14.4664 -94.5 49.9729
    endloop
  endfacet
  facet normal 0.754641 -0 0.656137
    outer loop
      vertex -14.2451 -94.5 49.6896
      vertex -14.1272 -89.5 49.554
      vertex -14.2451 -89.5 49.6896
    endloop
  endfacet
  facet normal 0.754641 0 0.656137
    outer loop
      vertex -14.1272 -89.5 49.554
      vertex -14.2451 -94.5 49.6896
      vertex -14.1272 -94.5 49.554
    endloop
  endfacet
  facet normal 0.974307 -0 0.225225
    outer loop
      vertex -15.3375 -94.5 51.9293
      vertex -15.297 -89.5 51.7541
      vertex -15.3375 -89.5 51.9293
    endloop
  endfacet
  facet normal 0.974307 0 0.225225
    outer loop
      vertex -15.297 -89.5 51.7541
      vertex -15.3375 -94.5 51.9293
      vertex -15.297 -94.5 51.7541
    endloop
  endfacet
  facet normal 0.453876 0 0.891065
    outer loop
      vertex -12.7178 -89.5 48.4528
      vertex -12.5576 -94.5 48.3712
      vertex -12.5576 -89.5 48.3712
    endloop
  endfacet
  facet normal 0.453876 0 0.891065
    outer loop
      vertex -12.5576 -94.5 48.3712
      vertex -12.7178 -89.5 48.4528
      vertex -12.7178 -94.5 48.4528
    endloop
  endfacet
  facet normal 0.390493 0 0.920606
    outer loop
      vertex -12.3947 -89.5 48.2952
      vertex -12.2292 -94.5 48.225
      vertex -12.2292 -89.5 48.225
    endloop
  endfacet
  facet normal 0.390493 0 0.920606
    outer loop
      vertex -12.2292 -94.5 48.225
      vertex -12.3947 -89.5 48.2952
      vertex -12.3947 -94.5 48.2952
    endloop
  endfacet
  facet normal 0.0172484 0 0.999851
    outer loop
      vertex -10.4797 -89.5 47.8531
      vertex -10.3 -94.5 47.85
      vertex -10.3 -89.5 47.85
    endloop
  endfacet
  facet normal 0.0172484 0 0.999851
    outer loop
      vertex -10.3 -94.5 47.85
      vertex -10.4797 -89.5 47.8531
      vertex -10.4797 -94.5 47.8531
    endloop
  endfacet
  facet normal 0.121843 0 0.992549
    outer loop
      vertex -11.0167 -89.5 47.9001
      vertex -10.8383 -94.5 47.8782
      vertex -10.8383 -89.5 47.8782
    endloop
  endfacet
  facet normal 0.121843 0 0.992549
    outer loop
      vertex -10.8383 -94.5 47.8782
      vertex -11.0167 -89.5 47.9001
      vertex -11.0167 -94.5 47.9001
    endloop
  endfacet
  facet normal 0.0873256 0 0.99618
    outer loop
      vertex -10.8383 -89.5 47.8782
      vertex -10.6592 -94.5 47.8625
      vertex -10.6592 -89.5 47.8625
    endloop
  endfacet
  facet normal 0.0873256 0 0.99618
    outer loop
      vertex -10.6592 -94.5 47.8625
      vertex -10.8383 -89.5 47.8782
      vertex -10.8383 -94.5 47.8782
    endloop
  endfacet
  facet normal 0.225225 0 0.974307
    outer loop
      vertex -11.5459 -89.5 48.003
      vertex -11.3707 -94.5 47.9625
      vertex -11.3707 -89.5 47.9625
    endloop
  endfacet
  facet normal 0.225225 0 0.974307
    outer loop
      vertex -11.3707 -94.5 47.9625
      vertex -11.5459 -89.5 48.003
      vertex -11.5459 -94.5 48.003
    endloop
  endfacet
  facet normal 0.19087 0 0.981615
    outer loop
      vertex -11.3707 -89.5 47.9625
      vertex -11.1943 -94.5 47.9282
      vertex -11.1943 -89.5 47.9282
    endloop
  endfacet
  facet normal 0.19087 0 0.981615
    outer loop
      vertex -11.1943 -94.5 47.9282
      vertex -11.3707 -89.5 47.9625
      vertex -11.3707 -94.5 47.9625
    endloop
  endfacet
  facet normal 0.776947 -0 0.629566
    outer loop
      vertex -14.3583 -94.5 49.8293
      vertex -14.2451 -89.5 49.6896
      vertex -14.3583 -89.5 49.8293
    endloop
  endfacet
  facet normal 0.776947 0 0.629566
    outer loop
      vertex -14.2451 -89.5 49.6896
      vertex -14.3583 -94.5 49.8293
      vertex -14.2451 -94.5 49.6896
    endloop
  endfacet
  facet normal 0.731425 -0 0.681922
    outer loop
      vertex -14.1272 -94.5 49.554
      vertex -14.0046 -89.5 49.4225
      vertex -14.1272 -89.5 49.554
    endloop
  endfacet
  facet normal 0.731425 0 0.681922
    outer loop
      vertex -14.0046 -89.5 49.4225
      vertex -14.1272 -94.5 49.554
      vertex -14.0046 -94.5 49.4225
    endloop
  endfacet
  facet normal 0.707107 -0 0.707107
    outer loop
      vertex -14.0046 -94.5 49.4225
      vertex -13.8775 -89.5 49.2954
      vertex -14.0046 -89.5 49.4225
    endloop
  endfacet
  facet normal 0.707107 0 0.707107
    outer loop
      vertex -13.8775 -89.5 49.2954
      vertex -14.0046 -94.5 49.4225
      vertex -13.8775 -94.5 49.2954
    endloop
  endfacet
  facet normal 0 -1 0
    outer loop
      vertex 14.1909 -104.446 44.8
      vertex 28.9504 -104.446 51.8453
      vertex 14.1909 -104.446 51.8453
    endloop
  endfacet
  facet normal 0 -1 0
    outer loop
      vertex 28.9504 -104.446 51.8453
      vertex 29.2877 -104.446 44.8
      vertex 31.5989 -104.446 50.7099
    endloop
  endfacet
  facet normal 0 -1 -0
    outer loop
      vertex 28.9504 -104.446 51.8453
      vertex 14.1909 -104.446 44.8
      vertex 29.2877 -104.446 44.8
    endloop
  endfacet
  facet normal 0 -1 -0
    outer loop
      vertex 31.5989 -104.446 50.7099
      vertex 29.2877 -104.446 44.8
      vertex 31.5989 -104.446 45.7908
    endloop
  endfacet
  facet normal -0.123956 -0.992288 0
    outer loop
      vertex 13.8053 -104.398 44.8
      vertex 11.1636 -104.068 50.7099
      vertex 11.1636 -104.068 45.7908
    endloop
  endfacet
  facet normal -0.123909 -0.992294 2.1204e-05
    outer loop
      vertex 11.1636 -104.068 50.7099
      vertex 13.8053 -104.398 44.8
      vertex 14.1909 -104.446 51.8453
    endloop
  endfacet
  facet normal -0.123528 -0.992341 -0
    outer loop
      vertex 14.1909 -104.446 51.8453
      vertex 13.8053 -104.398 44.8
      vertex 14.1909 -104.446 44.8
    endloop
  endfacet
  facet normal 0 -1 0
    outer loop
      vertex 8.13634 -104.068 45.7908
      vertex 11.1636 -104.068 50.7099
      vertex 8.13634 -104.068 50.7099
    endloop
  endfacet
  facet normal 0 -1 -0
    outer loop
      vertex 11.1636 -104.068 50.7099
      vertex 8.13634 -104.068 45.7908
      vertex 11.1636 -104.068 45.7908
    endloop
  endfacet
  facet normal 0.164269 -0.986416 0.000178658
    outer loop
      vertex 5.86564 -104.446 51.5
      vertex 8.13634 -104.068 50.7099
      vertex 6.5562 -104.331 51.5
    endloop
  endfacet
  facet normal 0.164209 -0.986426 0
    outer loop
      vertex 5.86564 -104.446 51.5
      vertex 8.13634 -104.068 45.7908
      vertex 8.13634 -104.068 50.7099
    endloop
  endfacet
  facet normal 0.164209 -0.986426 0
    outer loop
      vertex 5.86564 -104.446 44.8
      vertex 8.13634 -104.068 45.7908
      vertex 5.86564 -104.446 51.5
    endloop
  endfacet
  facet normal 0.163752 -0.986501 0.00107654
    outer loop
      vertex 8.13634 -104.068 45.7908
      vertex 5.86564 -104.446 44.8
      vertex 6.15481 -104.398 44.8
    endloop
  endfacet
  facet normal 0 -1 0
    outer loop
      vertex 3.75 -104.446 47.8
      vertex 5.86564 -104.446 51.5
      vertex 3.75 -104.446 51.5
    endloop
  endfacet
  facet normal 0 -1 0
    outer loop
      vertex 5.86564 -104.446 44.8
      vertex 3.75 -104.446 47.8
      vertex 3.75 -104.446 44.8
    endloop
  endfacet
  facet normal 0 -1 0
    outer loop
      vertex 3.75 -104.446 47.8
      vertex 5.86564 -104.446 44.8
      vertex 5.86564 -104.446 51.5
    endloop
  endfacet
  facet normal 0 0 0
    outer loop
      vertex 2.83838 -104.446 44.8
      vertex 5.86564 -104.446 44.8
      vertex 3.75 -104.446 44.8
    endloop
  endfacet
  facet normal 0.394016 0 0.919104
    outer loop
      vertex 28.9504 -99.5269 51.8453
      vertex 31.5989 -104.446 50.7099
      vertex 31.5989 -99.5269 50.7099
    endloop
  endfacet
  facet normal 0.394016 0 0.919104
    outer loop
      vertex 31.5989 -104.446 50.7099
      vertex 28.9504 -99.5269 51.8453
      vertex 28.9504 -104.446 51.8453
    endloop
  endfacet
  facet normal 0 1 -0
    outer loop
      vertex 11.1636 -100.283 45.7908
      vertex 8.13634 -100.283 50.7099
      vertex 11.1636 -100.283 50.7099
    endloop
  endfacet
  facet normal 0 1 0
    outer loop
      vertex 8.13634 -100.283 50.7099
      vertex 11.1636 -100.283 45.7908
      vertex 8.13634 -100.283 45.7908
    endloop
  endfacet
  facet normal 0.316121 0.948719 0.000618417
    outer loop
      vertex 8.13634 -100.283 50.7099
      vertex 5.86564 -99.5269 51.5
      vertex 6.5562 -99.757 51.5
    endloop
  endfacet
  facet normal 0.315927 0.948784 -0
    outer loop
      vertex 8.13634 -100.283 45.7908
      vertex 5.86564 -99.5269 51.5
      vertex 8.13634 -100.283 50.7099
    endloop
  endfacet
  facet normal 0.316257 0.948673 -0.000841172
    outer loop
      vertex 5.86564 -99.5269 44.8
      vertex 8.13634 -100.283 45.7908
      vertex 6.15481 -99.6233 44.8
    endloop
  endfacet
  facet normal 0.315927 0.948784 0
    outer loop
      vertex 8.13634 -100.283 45.7908
      vertex 5.86564 -99.5269 44.8
      vertex 5.86564 -99.5269 51.5
    endloop
  endfacet
  facet normal 0 1 0
    outer loop
      vertex 5.86564 -99.5269 51.5
      vertex 3.75 -99.5269 47.8
      vertex 3.75 -99.5269 51.5
    endloop
  endfacet
  facet normal 0 1 -0
    outer loop
      vertex 5.86564 -99.5269 44.8
      vertex 3.75 -99.5269 47.8
      vertex 5.86564 -99.5269 51.5
    endloop
  endfacet
  facet normal 0 1 0
    outer loop
      vertex 3.75 -99.5269 44.8
      vertex 3.75 -99.5269 47.8
      vertex 5.86564 -99.5269 44.8
    endloop
  endfacet
  facet normal 0 0 0
    outer loop
      vertex 5.86564 -99.5269 44.8
      vertex 2.83838 -99.5269 44.8
      vertex 3.75 -99.5269 44.8
    endloop
  endfacet
  facet normal -0.242312 0.970198 -1.29834e-05
    outer loop
      vertex 13.8053 -99.6233 44.8
      vertex 11.1636 -100.283 50.7099
      vertex 14.1909 -99.5269 51.8453
    endloop
  endfacet
  facet normal -0.242536 0.970143 0
    outer loop
      vertex 13.8053 -99.6233 44.8
      vertex 14.1909 -99.5269 51.8453
      vertex 14.1909 -99.5269 44.8
    endloop
  endfacet
  facet normal -0.242285 0.970205 0
    outer loop
      vertex 11.1636 -100.283 50.7099
      vertex 13.8053 -99.6233 44.8
      vertex 11.1636 -100.283 45.7908
    endloop
  endfacet
  facet normal 0.242485 0.970155 -0
    outer loop
      vertex 18.7323 -100.662 44.8
      vertex 14.1909 -99.5269 51.8453
      vertex 18.7323 -100.662 51.8453
    endloop
  endfacet
  facet normal 0.242485 0.970155 0
    outer loop
      vertex 14.1909 -99.5269 51.8453
      vertex 18.7323 -100.662 44.8
      vertex 14.1909 -99.5269 44.8
    endloop
  endfacet
  facet normal 0 1 -0
    outer loop
      vertex 24.0302 -100.662 44.8
      vertex 18.7323 -100.662 51.8453
      vertex 24.0302 -100.662 51.8453
    endloop
  endfacet
  facet normal 0 1 0
    outer loop
      vertex 18.7323 -100.662 51.8453
      vertex 24.0302 -100.662 44.8
      vertex 18.7323 -100.662 44.8
    endloop
  endfacet
  facet normal -0.224797 0.974406 0
    outer loop
      vertex 28.9504 -99.5269 44.8
      vertex 24.0302 -100.662 51.8453
      vertex 28.9504 -99.5269 51.8453
    endloop
  endfacet
  facet normal -0.224797 0.974406 0
    outer loop
      vertex 24.0302 -100.662 51.8453
      vertex 28.9504 -99.5269 44.8
      vertex 24.0302 -100.662 44.8
    endloop
  endfacet
  facet normal 0 1 0
    outer loop
      vertex 29.2877 -99.5269 44.8
      vertex 31.5989 -99.5269 50.7099
      vertex 31.5989 -99.5269 45.7908
    endloop
  endfacet
  facet normal 0 1 0
    outer loop
      vertex 28.9504 -99.5269 44.8
      vertex 31.5989 -99.5269 50.7099
      vertex 29.2877 -99.5269 44.8
    endloop
  endfacet
  facet normal 0 1 0
    outer loop
      vertex 31.5989 -99.5269 50.7099
      vertex 28.9504 -99.5269 44.8
      vertex 28.9504 -99.5269 51.8453
    endloop
  endfacet
  facet normal -0 0 1
    outer loop
      vertex 24.0302 -100.662 51.8453
      vertex 28.9504 -104.446 51.8453
      vertex 28.9504 -99.5269 51.8453
    endloop
  endfacet
  facet normal 0 0 1
    outer loop
      vertex 14.1909 -104.446 51.8453
      vertex 24.0302 -100.662 51.8453
      vertex 18.7323 -100.662 51.8453
    endloop
  endfacet
  facet normal 0 0 1
    outer loop
      vertex 14.1909 -104.446 51.8453
      vertex 18.7323 -100.662 51.8453
      vertex 14.1909 -99.5269 51.8453
    endloop
  endfacet
  facet normal 0 0 1
    outer loop
      vertex 24.0302 -100.662 51.8453
      vertex 14.1909 -104.446 51.8453
      vertex 28.9504 -104.446 51.8453
    endloop
  endfacet
  facet normal -0.351168 0 0.936313
    outer loop
      vertex 11.1636 -100.283 50.7099
      vertex 14.1909 -104.446 51.8453
      vertex 14.1909 -99.5269 51.8453
    endloop
  endfacet
  facet normal -0.351168 0 0.936313
    outer loop
      vertex 14.1909 -104.446 51.8453
      vertex 11.1636 -100.283 50.7099
      vertex 11.1636 -104.068 50.7099
    endloop
  endfacet
  facet normal -0 0 1
    outer loop
      vertex 8.13634 -100.283 50.7099
      vertex 11.1636 -104.068 50.7099
      vertex 11.1636 -100.283 50.7099
    endloop
  endfacet
  facet normal 0 0 1
    outer loop
      vertex 11.1636 -104.068 50.7099
      vertex 8.13634 -100.283 50.7099
      vertex 8.13634 -104.068 50.7099
    endloop
  endfacet
  facet normal 0.447227 -0 0.89442
    outer loop
      vertex 6.5562 -104.331 51.5
      vertex 8.13634 -100.283 50.7099
      vertex 6.5562 -99.757 51.5
    endloop
  endfacet
  facet normal 0.447227 0 0.89442
    outer loop
      vertex 8.13634 -100.283 50.7099
      vertex 6.5562 -104.331 51.5
      vertex 8.13634 -104.068 50.7099
    endloop
  endfacet
  facet normal 0.447226 0 -0.894421
    outer loop
      vertex 6.15481 -104.398 44.8
      vertex 8.13634 -100.283 45.7908
      vertex 8.13634 -104.068 45.7908
    endloop
  endfacet
  facet normal 0.447226 0 -0.894421
    outer loop
      vertex 8.13634 -100.283 45.7908
      vertex 6.15481 -104.398 44.8
      vertex 6.15481 -99.6233 44.8
    endloop
  endfacet
  facet normal 0 0 -1
    outer loop
      vertex 8.13634 -104.068 45.7908
      vertex 11.1636 -100.283 45.7908
      vertex 11.1636 -104.068 45.7908
    endloop
  endfacet
  facet normal -0 0 -1
    outer loop
      vertex 11.1636 -100.283 45.7908
      vertex 8.13634 -104.068 45.7908
      vertex 8.13634 -100.283 45.7908
    endloop
  endfacet
  facet normal -0.351174 -0 -0.93631
    outer loop
      vertex 11.1636 -100.283 45.7908
      vertex 13.8053 -104.398 44.8
      vertex 11.1636 -104.068 45.7908
    endloop
  endfacet
  facet normal -0.351174 0 -0.93631
    outer loop
      vertex 13.8053 -104.398 44.8
      vertex 11.1636 -100.283 45.7908
      vertex 13.8053 -99.6233 44.8
    endloop
  endfacet
  facet normal 0.394015 0 -0.919104
    outer loop
      vertex 29.2877 -104.446 44.8
      vertex 31.5989 -99.5269 45.7908
      vertex 31.5989 -104.446 45.7908
    endloop
  endfacet
  facet normal 0.394015 0 -0.919104
    outer loop
      vertex 31.5989 -99.5269 45.7908
      vertex 29.2877 -104.446 44.8
      vertex 29.2877 -99.5269 44.8
    endloop
  endfacet
  facet normal 1 -0 0
    outer loop
      vertex 31.5989 -104.446 50.7099
      vertex 31.5989 -99.5269 45.7908
      vertex 31.5989 -99.5269 50.7099
    endloop
  endfacet
  facet normal 1 0 0
    outer loop
      vertex 31.5989 -99.5269 45.7908
      vertex 31.5989 -104.446 50.7099
      vertex 31.5989 -104.446 45.7908
    endloop
  endfacet
  facet normal 0 0 -1
    outer loop
      vertex 5.86564 -104.446 44.8
      vertex 6.15481 -99.6233 44.8
      vertex 6.15481 -104.398 44.8
    endloop
  endfacet
  facet normal 0 0 -1
    outer loop
      vertex 5.86564 -104.446 44.8
      vertex 5.86564 -99.5269 44.8
      vertex 6.15481 -99.6233 44.8
    endloop
  endfacet
  facet normal 0 0 -1
    outer loop
      vertex 2.83838 -104.446 44.8
      vertex 5.86564 -99.5269 44.8
      vertex 5.86564 -104.446 44.8
    endloop
  endfacet
  facet normal -0 0 -1
    outer loop
      vertex 5.86564 -99.5269 44.8
      vertex 2.83838 -104.446 44.8
      vertex 2.83838 -99.5269 44.8
    endloop
  endfacet
  facet normal 0 0 -1
    outer loop
      vertex 29.2877 -104.446 44.8
      vertex 28.9504 -99.5269 44.8
      vertex 29.2877 -99.5269 44.8
    endloop
  endfacet
  facet normal 0 0 -1
    outer loop
      vertex 29.2877 -104.446 44.8
      vertex 24.0302 -100.662 44.8
      vertex 28.9504 -99.5269 44.8
    endloop
  endfacet
  facet normal 0 0 -1
    outer loop
      vertex 14.1909 -104.446 44.8
      vertex 24.0302 -100.662 44.8
      vertex 29.2877 -104.446 44.8
    endloop
  endfacet
  facet normal -0 0 -1
    outer loop
      vertex 24.0302 -100.662 44.8
      vertex 14.1909 -104.446 44.8
      vertex 18.7323 -100.662 44.8
    endloop
  endfacet
  facet normal 0 0 -1
    outer loop
      vertex 14.1909 -104.446 44.8
      vertex 14.1909 -99.5269 44.8
      vertex 18.7323 -100.662 44.8
    endloop
  endfacet
  facet normal 0 0 -1
    outer loop
      vertex 13.8053 -99.6233 44.8
      vertex 14.1909 -104.446 44.8
      vertex 13.8053 -104.398 44.8
    endloop
  endfacet
  facet normal 0 0 -1
    outer loop
      vertex 14.1909 -104.446 44.8
      vertex 13.8053 -99.6233 44.8
      vertex 14.1909 -99.5269 44.8
    endloop
  endfacet
  facet normal 0 0 1
    outer loop
      vertex 5.86564 -104.446 51.5
      vertex 6.5562 -99.757 51.5
      vertex 5.86564 -99.5269 51.5
    endloop
  endfacet
  facet normal 0 0 1
    outer loop
      vertex 6.5562 -99.757 51.5
      vertex 5.86564 -104.446 51.5
      vertex 6.5562 -104.331 51.5
    endloop
  endfacet
  facet normal -0 0 1
    outer loop
      vertex 3.75 -99.5269 51.5
      vertex 5.86564 -104.446 51.5
      vertex 5.86564 -99.5269 51.5
    endloop
  endfacet
  facet normal 0 0 1
    outer loop
      vertex 5.86564 -104.446 51.5
      vertex 3.75 -99.5269 51.5
      vertex 3.75 -104.446 51.5
    endloop
  endfacet
  facet normal 0.0171894 0 0.999852
    outer loop
      vertex -1.75 -44.5 66.5
      vertex -1.73255 -109.5 66.4997
      vertex -1.73255 -44.5 66.4997
    endloop
  endfacet
  facet normal 0.0171894 0 0.999852
    outer loop
      vertex -1.73255 -109.5 66.4997
      vertex -1.75 -44.5 66.5
      vertex -1.75 -109.5 66.5
    endloop
  endfacet
  facet normal 0 0 0
    outer loop
      vertex 3.75 -99.5269 47.8
      vertex 3.75 -44.5361 47.8
      vertex 3.75 -44.5 47.8
    endloop
  endfacet
  facet normal 0 0 -1
    outer loop
      vertex 3.75 -44.5361 47.8
      vertex 3.55 -44.5361 47.8
      vertex 3.75 -44.5 47.8
    endloop
  endfacet
  facet normal 0 0 -1
    outer loop
      vertex 2.05 -44.5 47.8
      vertex 3.55 -44.5361 47.8
      vertex 2.05 -44.5361 47.8
    endloop
  endfacet
  facet normal 0 0 -1
    outer loop
      vertex 3.55 -44.5361 47.8
      vertex 2.05 -44.5 47.8
      vertex 3.75 -44.5 47.8
    endloop
  endfacet
  facet normal 0.943852 0 0.330368
    outer loop
      vertex -1.28015 -44.5 66.171
      vertex 3.75 -48 51.8
      vertex 3.75 -44.5 51.8
    endloop
  endfacet
  facet normal 0.943852 -0 0.330368
    outer loop
      vertex -1.28015 -109.5 66.171
      vertex 3.75 -48 51.8
      vertex -1.28015 -44.5 66.171
    endloop
  endfacet
  facet normal 0.943852 0 0.330368
    outer loop
      vertex 3.75 -48 51.8
      vertex -1.28015 -109.5 66.171
      vertex 3.75 -109.5 51.8
    endloop
  endfacet
  facet normal 0 0 0
    outer loop
      vertex 3.75 -48 51.8
      vertex 3.75 -109.5 51.8
      vertex 3.75 -44.5 51.8
    endloop
  endfacet
  facet normal 1 0 0
    outer loop
      vertex 3.75 -44.5 51.8
      vertex 3.75 -99.5269 51.5
      vertex 3.75 -44.5 47.8
    endloop
  endfacet
  facet normal 1 -0 0
    outer loop
      vertex 3.75 -109.5 51.8
      vertex 3.75 -99.5269 51.5
      vertex 3.75 -44.5 51.8
    endloop
  endfacet
  facet normal 1 0 0
    outer loop
      vertex 3.75 -99.5269 51.5
      vertex 3.75 -109.5 51.8
      vertex 3.75 -104.446 51.5
    endloop
  endfacet
  facet normal 1 0 0
    outer loop
      vertex 3.75 -109.5 47.8
      vertex 3.75 -104.446 51.5
      vertex 3.75 -109.5 51.8
    endloop
  endfacet
  facet normal 1 0 0
    outer loop
      vertex 3.75 -104.446 51.5
      vertex 3.75 -109.5 47.8
      vertex 3.75 -104.446 47.8
    endloop
  endfacet
  facet normal 1 0 0
    outer loop
      vertex 3.75 -44.5 47.8
      vertex 3.75 -99.5269 51.5
      vertex 3.75 -99.5269 47.8
    endloop
  endfacet
  facet normal -0.97443 0 -0.224692
    outer loop
      vertex -2.23515 -109.5 65.879
      vertex -2.23907 -94.5 65.896
      vertex -2.23515 -94.5 65.879
    endloop
  endfacet
  facet normal -0.97443 -0 -0.224692
    outer loop
      vertex -2.23907 -94.5 65.896
      vertex -2.23515 -109.5 65.879
      vertex -2.23907 -109.5 65.896
    endloop
  endfacet
  facet normal -0.97443 0 -0.224692
    outer loop
      vertex -2.23907 -89.5 65.896
      vertex -2.23515 -49.5473 65.879
      vertex -2.23515 -89.5 65.879
    endloop
  endfacet
  facet normal -0.97443 0 -0.224692
    outer loop
      vertex -2.23515 -49.5473 65.879
      vertex -2.23907 -89.5 65.896
      vertex -2.23907 -49.5454 65.896
    endloop
  endfacet
  facet normal -0.973041 0 -0.230633
    outer loop
      vertex 1.17301 -109.5 51.5
      vertex -2.23515 -94.5 65.879
      vertex 1.17301 -94.5 51.5
    endloop
  endfacet
  facet normal -0.973041 -0 -0.230633
    outer loop
      vertex -2.23515 -94.5 65.879
      vertex 1.17301 -109.5 51.5
      vertex -2.23515 -109.5 65.879
    endloop
  endfacet
  facet normal -0.973031 -0.00456769 -0.230628
    outer loop
      vertex 2.05 -44.5 47.8
      vertex 1.96044 -44.5021 48.1779
      vertex 1.93149 -44.5 48.3
    endloop
  endfacet
  facet normal -0.973046 -0.000926932 -0.230611
    outer loop
      vertex 2.05 -44.5 47.8
      vertex 1.98936 -44.5085 48.0559
      vertex 1.96044 -44.5021 48.1779
    endloop
  endfacet
  facet normal -0.973052 -6.91246e-05 -0.230584
    outer loop
      vertex 2.05 -44.5 47.8
      vertex 2.0182 -44.5192 47.9342
      vertex 1.98936 -44.5085 48.0559
    endloop
  endfacet
  facet normal -0.973058 9.71138e-05 -0.230562
    outer loop
      vertex 2.05 -44.5 47.8
      vertex 2.04694 -44.5341 47.8129
      vertex 2.0182 -44.5192 47.9342
    endloop
  endfacet
  facet normal -0.973 0 -0.230805
    outer loop
      vertex 2.04694 -44.5341 47.8129
      vertex 2.05 -44.5 47.8
      vertex 2.05 -44.5361 47.8
    endloop
  endfacet
  facet normal -0.973041 0 -0.230633
    outer loop
      vertex -2.23515 -89.5 65.879
      vertex 1.17301 -51.1625 51.5
      vertex 1.17301 -89.5 51.5
    endloop
  endfacet
  facet normal -0.973041 0 -0.230633
    outer loop
      vertex 1.17301 -51.1625 51.5
      vertex -2.23515 -89.5 65.879
      vertex -2.23515 -49.5473 65.879
    endloop
  endfacet
  facet normal -0.0859864 0 0.996296
    outer loop
      vertex -1.80226 -44.5 66.4973
      vertex -1.78488 -109.5 66.4988
      vertex -1.78488 -44.5 66.4988
    endloop
  endfacet
  facet normal -0.0859864 0 0.996296
    outer loop
      vertex -1.78488 -109.5 66.4988
      vertex -1.80226 -44.5 66.4973
      vertex -1.80226 -109.5 66.4973
    endloop
  endfacet
  facet normal -0.389696 0 0.920944
    outer loop
      vertex -1.95337 -44.5 66.4568
      vertex -1.9373 -109.5 66.4636
      vertex -1.9373 -44.5 66.4636
    endloop
  endfacet
  facet normal -0.389696 0 0.920944
    outer loop
      vertex -1.9373 -109.5 66.4636
      vertex -1.95337 -44.5 66.4568
      vertex -1.95337 -109.5 66.4568
    endloop
  endfacet
  facet normal -0.999841 0 -0.0178133
    outer loop
      vertex -2.24969 -109.5 65.9826
      vertex -2.25 -94.5 66
      vertex -2.24969 -94.5 65.9826
    endloop
  endfacet
  facet normal -0.999841 -0 -0.0178133
    outer loop
      vertex -2.25 -94.5 66
      vertex -2.24969 -109.5 65.9826
      vertex -2.25 -109.5 66
    endloop
  endfacet
  facet normal -0.999841 0 -0.0178133
    outer loop
      vertex -2.25 -89.5 66
      vertex -2.24969 -49.5357 65.9826
      vertex -2.24969 -89.5 65.9826
    endloop
  endfacet
  facet normal -0.999841 0 -0.0178133
    outer loop
      vertex -2.24969 -49.5357 65.9826
      vertex -2.25 -89.5 66
      vertex -2.25 -49.5337 66
    endloop
  endfacet
  facet normal -0.998651 0 -0.0519298
    outer loop
      vertex -2.24878 -109.5 65.9651
      vertex -2.24969 -94.5 65.9826
      vertex -2.24878 -94.5 65.9651
    endloop
  endfacet
  facet normal -0.998651 -0 -0.0519298
    outer loop
      vertex -2.24969 -94.5 65.9826
      vertex -2.24878 -109.5 65.9651
      vertex -2.24969 -109.5 65.9826
    endloop
  endfacet
  facet normal -0.998651 0 -0.0519298
    outer loop
      vertex -2.24969 -89.5 65.9826
      vertex -2.24878 -49.5376 65.9651
      vertex -2.24878 -89.5 65.9651
    endloop
  endfacet
  facet normal -0.998651 0 -0.0519298
    outer loop
      vertex -2.24878 -49.5376 65.9651
      vertex -2.24969 -89.5 65.9826
      vertex -2.24969 -49.5357 65.9826
    endloop
  endfacet
  facet normal -0.125937 0 0.992038
    outer loop
      vertex -1.81959 -44.5 66.4951
      vertex -1.80226 -109.5 66.4973
      vertex -1.80226 -44.5 66.4973
    endloop
  endfacet
  facet normal -0.125937 0 0.992038
    outer loop
      vertex -1.80226 -109.5 66.4973
      vertex -1.81959 -44.5 66.4951
      vertex -1.81959 -109.5 66.4951
    endloop
  endfacet
  facet normal -0.257877 0 0.966178
    outer loop
      vertex -1.88782 -44.5 66.4806
      vertex -1.87096 -109.5 66.4851
      vertex -1.87096 -44.5 66.4851
    endloop
  endfacet
  facet normal -0.257877 0 0.966178
    outer loop
      vertex -1.87096 -109.5 66.4851
      vertex -1.88782 -44.5 66.4806
      vertex -1.88782 -109.5 66.4806
    endloop
  endfacet
  facet normal -0.32652 0 0.94519
    outer loop
      vertex -1.92101 -44.5 66.4698
      vertex -1.90451 -109.5 66.4755
      vertex -1.90451 -44.5 66.4755
    endloop
  endfacet
  facet normal -0.32652 0 0.94519
    outer loop
      vertex -1.90451 -109.5 66.4755
      vertex -1.92101 -44.5 66.4698
      vertex -1.92101 -109.5 66.4698
    endloop
  endfacet
  facet normal -0.292233 0 0.956347
    outer loop
      vertex -1.90451 -44.5 66.4755
      vertex -1.88782 -109.5 66.4806
      vertex -1.88782 -44.5 66.4806
    endloop
  endfacet
  facet normal -0.292233 0 0.956347
    outer loop
      vertex -1.88782 -109.5 66.4806
      vertex -1.90451 -44.5 66.4755
      vertex -1.90451 -109.5 66.4755
    endloop
  endfacet
  facet normal 0.933523 -0 0.358519
    outer loop
      vertex -1.28641 -109.5 66.1873
      vertex -1.28015 -44.5 66.171
      vertex -1.28641 -44.5 66.1873
    endloop
  endfacet
  facet normal 0.933523 0 0.358519
    outer loop
      vertex -1.28015 -44.5 66.171
      vertex -1.28641 -109.5 66.1873
      vertex -1.28015 -109.5 66.171
    endloop
  endfacet
  facet normal 0.755406 -0 0.655257
    outer loop
      vertex -1.37843 -109.5 66.3346
      vertex -1.36698 -44.5 66.3214
      vertex -1.37843 -44.5 66.3346
    endloop
  endfacet
  facet normal 0.755406 0 0.655257
    outer loop
      vertex -1.36698 -44.5 66.3214
      vertex -1.37843 -109.5 66.3346
      vertex -1.36698 -109.5 66.3214
    endloop
  endfacet
  facet normal -0.992506 0 0.122199
    outer loop
      vertex -2.24726 -109.5 66.0523
      vertex -2.24513 -94.5 66.0696
      vertex -2.24726 -94.5 66.0523
    endloop
  endfacet
  facet normal -0.992506 0 0.122199
    outer loop
      vertex -2.24513 -94.5 66.0696
      vertex -2.24726 -109.5 66.0523
      vertex -2.24513 -109.5 66.0696
    endloop
  endfacet
  facet normal -0.992506 0 0.122199
    outer loop
      vertex -2.24513 -89.5 66.0696
      vertex -2.24726 -49.5278 66.0523
      vertex -2.24726 -89.5 66.0523
    endloop
  endfacet
  facet normal -0.992506 0 0.122199
    outer loop
      vertex -2.24726 -49.5278 66.0523
      vertex -2.24513 -89.5 66.0696
      vertex -2.24513 -49.5259 66.0696
    endloop
  endfacet
  facet normal -0.682032 0 0.731322
    outer loop
      vertex -2.09733 -44.5 66.3597
      vertex -2.08457 -109.5 66.3716
      vertex -2.08457 -44.5 66.3716
    endloop
  endfacet
  facet normal -0.682032 0 0.731322
    outer loop
      vertex -2.08457 -109.5 66.3716
      vertex -2.09733 -44.5 66.3597
      vertex -2.09733 -109.5 66.3597
    endloop
  endfacet
  facet normal -0.0515664 0 0.99867
    outer loop
      vertex -1.78488 -44.5 66.4988
      vertex -1.76745 -109.5 66.4997
      vertex -1.76745 -44.5 66.4997
    endloop
  endfacet
  facet normal -0.0515664 0 0.99867
    outer loop
      vertex -1.76745 -109.5 66.4997
      vertex -1.78488 -44.5 66.4988
      vertex -1.78488 -109.5 66.4988
    endloop
  endfacet
  facet normal -0.154814 0 0.987944
    outer loop
      vertex -1.83682 -44.5 66.4924
      vertex -1.81959 -109.5 66.4951
      vertex -1.81959 -44.5 66.4951
    endloop
  endfacet
  facet normal -0.154814 0 0.987944
    outer loop
      vertex -1.81959 -109.5 66.4951
      vertex -1.83682 -44.5 66.4924
      vertex -1.83682 -109.5 66.4924
    endloop
  endfacet
  facet normal -0.452706 0 0.89166
    outer loop
      vertex -1.98474 -44.5 66.4415
      vertex -1.96918 -109.5 66.4494
      vertex -1.96918 -44.5 66.4494
    endloop
  endfacet
  facet normal -0.452706 0 0.89166
    outer loop
      vertex -1.96918 -109.5 66.4494
      vertex -1.98474 -44.5 66.4415
      vertex -1.98474 -109.5 66.4415
    endloop
  endfacet
  facet normal -0.355709 0 0.934597
    outer loop
      vertex -1.9373 -44.5 66.4636
      vertex -1.92101 -109.5 66.4698
      vertex -1.92101 -44.5 66.4698
    endloop
  endfacet
  facet normal -0.355709 0 0.934597
    outer loop
      vertex -1.92101 -109.5 66.4698
      vertex -1.9373 -44.5 66.4636
      vertex -1.9373 -109.5 66.4636
    endloop
  endfacet
  facet normal 0.0515664 0 0.99867
    outer loop
      vertex -1.73255 -44.5 66.4997
      vertex -1.71512 -109.5 66.4988
      vertex -1.71512 -44.5 66.4988
    endloop
  endfacet
  facet normal 0.0515664 0 0.99867
    outer loop
      vertex -1.71512 -109.5 66.4988
      vertex -1.73255 -44.5 66.4997
      vertex -1.73255 -109.5 66.4997
    endloop
  endfacet
  facet normal 0.126008 0 0.992029
    outer loop
      vertex -1.69773 -44.5 66.4973
      vertex -1.68041 -109.5 66.4951
      vertex -1.68041 -44.5 66.4951
    endloop
  endfacet
  facet normal 0.126008 0 0.992029
    outer loop
      vertex -1.68041 -109.5 66.4951
      vertex -1.69773 -44.5 66.4973
      vertex -1.69773 -109.5 66.4973
    endloop
  endfacet
  facet normal 0.0859374 0 0.996301
    outer loop
      vertex -1.71512 -44.5 66.4988
      vertex -1.69773 -109.5 66.4973
      vertex -1.69773 -44.5 66.4973
    endloop
  endfacet
  facet normal 0.0859374 0 0.996301
    outer loop
      vertex -1.69773 -109.5 66.4973
      vertex -1.71512 -44.5 66.4988
      vertex -1.71512 -109.5 66.4988
    endloop
  endfacet
  facet normal 0.875127 -0 0.483894
    outer loop
      vertex -1.31699 -109.5 66.25
      vertex -1.30853 -44.5 66.2347
      vertex -1.31699 -44.5 66.25
    endloop
  endfacet
  facet normal 0.875127 0 0.483894
    outer loop
      vertex -1.30853 -44.5 66.2347
      vertex -1.31699 -109.5 66.25
      vertex -1.30853 -109.5 66.2347
    endloop
  endfacet
  facet normal 0.890254 -0 0.455465
    outer loop
      vertex -1.30853 -109.5 66.2347
      vertex -1.3006 -44.5 66.2192
      vertex -1.30853 -44.5 66.2347
    endloop
  endfacet
  facet normal 0.890254 0 0.455465
    outer loop
      vertex -1.3006 -44.5 66.2192
      vertex -1.30853 -109.5 66.2347
      vertex -1.3006 -109.5 66.2192
    endloop
  endfacet
  facet normal 0.70882 -0 0.70539
    outer loop
      vertex -1.40267 -109.5 66.3597
      vertex -1.39033 -44.5 66.3473
      vertex -1.40267 -44.5 66.3597
    endloop
  endfacet
  facet normal 0.70882 0 0.70539
    outer loop
      vertex -1.39033 -44.5 66.3473
      vertex -1.40267 -109.5 66.3597
      vertex -1.39033 -109.5 66.3473
    endloop
  endfacet
  facet normal 0.601649 0 0.798761
    outer loop
      vertex -1.45611 -44.5 66.4045
      vertex -1.44217 -109.5 66.394
      vertex -1.44217 -44.5 66.394
    endloop
  endfacet
  facet normal 0.601649 0 0.798761
    outer loop
      vertex -1.44217 -109.5 66.394
      vertex -1.45611 -44.5 66.4045
      vertex -1.45611 -109.5 66.4045
    endloop
  endfacet
  facet normal 0.838181 -0 0.545392
    outer loop
      vertex -1.33548 -109.5 66.2796
      vertex -1.32598 -44.5 66.265
      vertex -1.33548 -44.5 66.2796
    endloop
  endfacet
  facet normal 0.838181 0 0.545392
    outer loop
      vertex -1.32598 -44.5 66.265
      vertex -1.33548 -109.5 66.2796
      vertex -1.32598 -109.5 66.265
    endloop
  endfacet
  facet normal 0.797929 -0 0.602752
    outer loop
      vertex -1.35599 -109.5 66.3078
      vertex -1.34549 -44.5 66.2939
      vertex -1.35599 -44.5 66.3078
    endloop
  endfacet
  facet normal 0.797929 0 0.602752
    outer loop
      vertex -1.34549 -44.5 66.2939
      vertex -1.35599 -109.5 66.3078
      vertex -1.34549 -109.5 66.2939
    endloop
  endfacet
  facet normal 0.544344 0 0.838862
    outer loop
      vertex -1.48504 -44.5 66.424
      vertex -1.4704 -109.5 66.4145
      vertex -1.4704 -44.5 66.4145
    endloop
  endfacet
  facet normal 0.544344 0 0.838862
    outer loop
      vertex -1.4704 -109.5 66.4145
      vertex -1.48504 -44.5 66.424
      vertex -1.48504 -109.5 66.424
    endloop
  endfacet
  facet normal -0.98177 0 0.190075
    outer loop
      vertex -2.2424 -109.5 66.0868
      vertex -2.23907 -94.5 66.104
      vertex -2.2424 -94.5 66.0868
    endloop
  endfacet
  facet normal -0.98177 0 0.190075
    outer loop
      vertex -2.23907 -94.5 66.104
      vertex -2.2424 -109.5 66.0868
      vertex -2.23907 -109.5 66.104
    endloop
  endfacet
  facet normal -0.98177 0 0.190075
    outer loop
      vertex -2.23907 -89.5 66.104
      vertex -2.2424 -49.5239 66.0868
      vertex -2.2424 -89.5 66.0868
    endloop
  endfacet
  facet normal -0.98177 0 0.190075
    outer loop
      vertex -2.2424 -49.5239 66.0868
      vertex -2.23907 -89.5 66.104
      vertex -2.23907 -49.522 66.104
    endloop
  endfacet
  facet normal -0.987637 0 0.156759
    outer loop
      vertex -2.24513 -109.5 66.0696
      vertex -2.2424 -94.5 66.0868
      vertex -2.24513 -94.5 66.0696
    endloop
  endfacet
  facet normal -0.987637 0 0.156759
    outer loop
      vertex -2.2424 -94.5 66.0868
      vertex -2.24513 -109.5 66.0696
      vertex -2.2424 -109.5 66.0868
    endloop
  endfacet
  facet normal -0.987637 0 0.156759
    outer loop
      vertex -2.2424 -89.5 66.0868
      vertex -2.24513 -49.5259 66.0696
      vertex -2.24513 -89.5 66.0696
    endloop
  endfacet
  facet normal -0.987637 0 0.156759
    outer loop
      vertex -2.24513 -49.5259 66.0696
      vertex -2.2424 -89.5 66.0868
      vertex -2.2424 -49.5239 66.0868
    endloop
  endfacet
  facet normal -0.996206 0 0.0870249
    outer loop
      vertex -2.24878 -109.5 66.0349
      vertex -2.24726 -94.5 66.0523
      vertex -2.24878 -94.5 66.0349
    endloop
  endfacet
  facet normal -0.996206 0 0.0870249
    outer loop
      vertex -2.24726 -94.5 66.0523
      vertex -2.24878 -109.5 66.0349
      vertex -2.24726 -109.5 66.0523
    endloop
  endfacet
  facet normal -0.996206 0 0.0870249
    outer loop
      vertex -2.24726 -89.5 66.0523
      vertex -2.24878 -49.5298 66.0349
      vertex -2.24878 -89.5 66.0349
    endloop
  endfacet
  facet normal -0.996206 0 0.0870249
    outer loop
      vertex -2.24878 -49.5298 66.0349
      vertex -2.24726 -89.5 66.0523
      vertex -2.24726 -49.5278 66.0523
    endloop
  endfacet
  facet normal -0.996206 0 -0.0870249
    outer loop
      vertex -2.24726 -109.5 65.9477
      vertex -2.24878 -94.5 65.9651
      vertex -2.24726 -94.5 65.9477
    endloop
  endfacet
  facet normal -0.996206 -0 -0.0870249
    outer loop
      vertex -2.24878 -94.5 65.9651
      vertex -2.24726 -109.5 65.9477
      vertex -2.24878 -109.5 65.9651
    endloop
  endfacet
  facet normal -0.996206 0 -0.0870249
    outer loop
      vertex -2.24878 -89.5 65.9651
      vertex -2.24726 -49.5396 65.9477
      vertex -2.24726 -89.5 65.9477
    endloop
  endfacet
  facet normal -0.996206 0 -0.0870249
    outer loop
      vertex -2.24726 -49.5396 65.9477
      vertex -2.24878 -89.5 65.9651
      vertex -2.24878 -49.5376 65.9651
    endloop
  endfacet
  facet normal -0.992506 0 -0.122199
    outer loop
      vertex -2.24513 -109.5 65.9304
      vertex -2.24726 -94.5 65.9477
      vertex -2.24513 -94.5 65.9304
    endloop
  endfacet
  facet normal -0.992506 -0 -0.122199
    outer loop
      vertex -2.24726 -94.5 65.9477
      vertex -2.24513 -109.5 65.9304
      vertex -2.24726 -109.5 65.9477
    endloop
  endfacet
  facet normal -0.992506 0 -0.122199
    outer loop
      vertex -2.24726 -89.5 65.9477
      vertex -2.24513 -49.5415 65.9304
      vertex -2.24513 -89.5 65.9304
    endloop
  endfacet
  facet normal -0.992506 0 -0.122199
    outer loop
      vertex -2.24513 -49.5415 65.9304
      vertex -2.24726 -89.5 65.9477
      vertex -2.24726 -49.5396 65.9477
    endloop
  endfacet
  facet normal -0.77807 0 0.628177
    outer loop
      vertex -2.144 -109.5 66.3078
      vertex -2.13302 -44.5 66.3214
      vertex -2.144 -44.5 66.3078
    endloop
  endfacet
  facet normal -0.77807 0 0.628177
    outer loop
      vertex -2.13302 -44.5 66.3214
      vertex -2.144 -109.5 66.3078
      vertex -2.13302 -109.5 66.3214
    endloop
  endfacet
  facet normal -0.0171894 0 0.999852
    outer loop
      vertex -1.76745 -44.5 66.4997
      vertex -1.75 -109.5 66.5
      vertex -1.75 -44.5 66.5
    endloop
  endfacet
  facet normal -0.0171894 0 0.999852
    outer loop
      vertex -1.75 -109.5 66.5
      vertex -1.76745 -44.5 66.4997
      vertex -1.76745 -109.5 66.4997
    endloop
  endfacet
  facet normal -0.229039 0 0.973417
    outer loop
      vertex -1.87096 -44.5 66.4851
      vertex -1.85396 -109.5 66.4891
      vertex -1.85396 -44.5 66.4891
    endloop
  endfacet
  facet normal -0.229039 0 0.973417
    outer loop
      vertex -1.85396 -109.5 66.4891
      vertex -1.87096 -44.5 66.4851
      vertex -1.87096 -109.5 66.4851
    endloop
  endfacet
  facet normal -0.18906 0 0.981966
    outer loop
      vertex -1.85396 -44.5 66.4891
      vertex -1.83682 -109.5 66.4924
      vertex -1.83682 -44.5 66.4924
    endloop
  endfacet
  facet normal -0.18906 0 0.981966
    outer loop
      vertex -1.83682 -109.5 66.4924
      vertex -1.85396 -44.5 66.4891
      vertex -1.85396 -109.5 66.4891
    endloop
  endfacet
  facet normal -0.42392 0 0.9057
    outer loop
      vertex -1.96918 -44.5 66.4494
      vertex -1.95337 -109.5 66.4568
      vertex -1.95337 -44.5 66.4568
    endloop
  endfacet
  facet normal -0.42392 0 0.9057
    outer loop
      vertex -1.95337 -109.5 66.4568
      vertex -1.96918 -44.5 66.4494
      vertex -1.96918 -109.5 66.4494
    endloop
  endfacet
  facet normal 0.154814 0 0.987944
    outer loop
      vertex -1.68041 -44.5 66.4951
      vertex -1.66318 -109.5 66.4924
      vertex -1.66318 -44.5 66.4924
    endloop
  endfacet
  facet normal 0.154814 0 0.987944
    outer loop
      vertex -1.66318 -109.5 66.4924
      vertex -1.68041 -44.5 66.4951
      vertex -1.68041 -109.5 66.4951
    endloop
  endfacet
  facet normal 0.229039 0 0.973417
    outer loop
      vertex -1.64604 -44.5 66.4891
      vertex -1.62904 -109.5 66.4851
      vertex -1.62904 -44.5 66.4851
    endloop
  endfacet
  facet normal 0.229039 0 0.973417
    outer loop
      vertex -1.62904 -109.5 66.4851
      vertex -1.64604 -44.5 66.4891
      vertex -1.64604 -109.5 66.4891
    endloop
  endfacet
  facet normal 0.32652 0 0.94519
    outer loop
      vertex -1.59549 -44.5 66.4755
      vertex -1.57899 -109.5 66.4698
      vertex -1.57899 -44.5 66.4698
    endloop
  endfacet
  facet normal 0.32652 0 0.94519
    outer loop
      vertex -1.57899 -109.5 66.4698
      vertex -1.59549 -44.5 66.4755
      vertex -1.59549 -109.5 66.4755
    endloop
  endfacet
  facet normal 0.292233 0 0.956347
    outer loop
      vertex -1.61218 -44.5 66.4806
      vertex -1.59549 -109.5 66.4755
      vertex -1.59549 -44.5 66.4755
    endloop
  endfacet
  facet normal 0.292233 0 0.956347
    outer loop
      vertex -1.59549 -109.5 66.4755
      vertex -1.61218 -44.5 66.4806
      vertex -1.61218 -109.5 66.4806
    endloop
  endfacet
  facet normal 0.920794 -0 0.39005
    outer loop
      vertex -1.29323 -109.5 66.2034
      vertex -1.28641 -44.5 66.1873
      vertex -1.29323 -44.5 66.2034
    endloop
  endfacet
  facet normal 0.920794 0 0.39005
    outer loop
      vertex -1.28641 -44.5 66.1873
      vertex -1.29323 -109.5 66.2034
      vertex -1.28641 -109.5 66.1873
    endloop
  endfacet
  facet normal 0.777791 -0 0.628523
    outer loop
      vertex -1.36698 -109.5 66.3214
      vertex -1.35599 -44.5 66.3078
      vertex -1.36698 -44.5 66.3214
    endloop
  endfacet
  facet normal 0.777791 0 0.628523
    outer loop
      vertex -1.35599 -44.5 66.3078
      vertex -1.36698 -109.5 66.3214
      vertex -1.35599 -109.5 66.3078
    endloop
  endfacet
  facet normal 0.729716 -0 0.68375
    outer loop
      vertex -1.39033 -109.5 66.3473
      vertex -1.37843 -44.5 66.3346
      vertex -1.39033 -44.5 66.3473
    endloop
  endfacet
  facet normal 0.729716 0 0.68375
    outer loop
      vertex -1.37843 -44.5 66.3346
      vertex -1.39033 -109.5 66.3473
      vertex -1.37843 -109.5 66.3346
    endloop
  endfacet
  facet normal 0.629989 0 0.776604
    outer loop
      vertex -1.44217 -44.5 66.394
      vertex -1.42861 -109.5 66.383
      vertex -1.42861 -44.5 66.383
    endloop
  endfacet
  facet normal 0.629989 0 0.776604
    outer loop
      vertex -1.42861 -109.5 66.383
      vertex -1.44217 -44.5 66.394
      vertex -1.44217 -109.5 66.394
    endloop
  endfacet
  facet normal 0.682032 0 0.731322
    outer loop
      vertex -1.41543 -44.5 66.3716
      vertex -1.40267 -109.5 66.3597
      vertex -1.40267 -44.5 66.3597
    endloop
  endfacet
  facet normal 0.682032 0 0.731322
    outer loop
      vertex -1.40267 -109.5 66.3597
      vertex -1.41543 -44.5 66.3716
      vertex -1.41543 -109.5 66.3716
    endloop
  endfacet
  facet normal 0.573347 0 0.819313
    outer loop
      vertex -1.4704 -44.5 66.4145
      vertex -1.45611 -109.5 66.4045
      vertex -1.45611 -44.5 66.4045
    endloop
  endfacet
  facet normal 0.573347 0 0.819313
    outer loop
      vertex -1.45611 -109.5 66.4045
      vertex -1.4704 -44.5 66.4145
      vertex -1.4704 -109.5 66.4145
    endloop
  endfacet
  facet normal 0.857745 -0 0.514075
    outer loop
      vertex -1.32598 -109.5 66.265
      vertex -1.31699 -44.5 66.25
      vertex -1.32598 -44.5 66.265
    endloop
  endfacet
  facet normal 0.857745 0 0.514075
    outer loop
      vertex -1.31699 -44.5 66.25
      vertex -1.32598 -109.5 66.265
      vertex -1.31699 -109.5 66.25
    endloop
  endfacet
  facet normal 0.4237 0 0.905802
    outer loop
      vertex -1.54663 -44.5 66.4568
      vertex -1.53081 -109.5 66.4494
      vertex -1.53081 -44.5 66.4494
    endloop
  endfacet
  facet normal 0.4237 0 0.905802
    outer loop
      vertex -1.53081 -109.5 66.4494
      vertex -1.54663 -44.5 66.4568
      vertex -1.54663 -109.5 66.4568
    endloop
  endfacet
  facet normal 0.486615 0 0.873617
    outer loop
      vertex -1.51526 -44.5 66.4415
      vertex -1.5 -109.5 66.433
      vertex -1.5 -44.5 66.433
    endloop
  endfacet
  facet normal 0.486615 0 0.873617
    outer loop
      vertex -1.5 -109.5 66.433
      vertex -1.51526 -44.5 66.4415
      vertex -1.51526 -109.5 66.4415
    endloop
  endfacet
  facet normal -0.998651 0 0.0519298
    outer loop
      vertex -2.24969 -109.5 66.0174
      vertex -2.24878 -94.5 66.0349
      vertex -2.24969 -94.5 66.0174
    endloop
  endfacet
  facet normal -0.998651 0 0.0519298
    outer loop
      vertex -2.24878 -94.5 66.0349
      vertex -2.24969 -109.5 66.0174
      vertex -2.24878 -109.5 66.0349
    endloop
  endfacet
  facet normal -0.998651 0 0.0519298
    outer loop
      vertex -2.24878 -89.5 66.0349
      vertex -2.24969 -49.5317 66.0174
      vertex -2.24969 -89.5 66.0174
    endloop
  endfacet
  facet normal -0.998651 0 0.0519298
    outer loop
      vertex -2.24969 -49.5317 66.0174
      vertex -2.24878 -89.5 66.0349
      vertex -2.24878 -49.5298 66.0349
    endloop
  endfacet
  facet normal -0.999841 0 0.0178133
    outer loop
      vertex -2.25 -109.5 66
      vertex -2.24969 -94.5 66.0174
      vertex -2.25 -94.5 66
    endloop
  endfacet
  facet normal -0.999841 0 0.0178133
    outer loop
      vertex -2.24969 -94.5 66.0174
      vertex -2.25 -109.5 66
      vertex -2.24969 -109.5 66.0174
    endloop
  endfacet
  facet normal -0.999841 0 0.0178133
    outer loop
      vertex -2.24969 -89.5 66.0174
      vertex -2.25 -49.5337 66
      vertex -2.25 -89.5 66
    endloop
  endfacet
  facet normal -0.999841 0 0.0178133
    outer loop
      vertex -2.25 -49.5337 66
      vertex -2.24969 -89.5 66.0174
      vertex -2.24969 -49.5317 66.0174
    endloop
  endfacet
  facet normal -0.933523 0 0.358519
    outer loop
      vertex -2.21985 -109.5 66.171
      vertex -2.21359 -94.5 66.1873
      vertex -2.21985 -94.5 66.171
    endloop
  endfacet
  facet normal -0.933523 0 0.358519
    outer loop
      vertex -2.21359 -94.5 66.1873
      vertex -2.21985 -109.5 66.171
      vertex -2.21359 -109.5 66.1873
    endloop
  endfacet
  facet normal -0.933523 0 0.358519
    outer loop
      vertex -2.21359 -89.5 66.1873
      vertex -2.21985 -49.5145 66.171
      vertex -2.21985 -89.5 66.171
    endloop
  endfacet
  facet normal -0.933523 0 0.358519
    outer loop
      vertex -2.21985 -49.5145 66.171
      vertex -2.21359 -89.5 66.1873
      vertex -2.21359 -49.5127 66.1873
    endloop
  endfacet
  facet normal -0.945543 0 0.325496
    outer loop
      vertex -2.22553 -109.5 66.1545
      vertex -2.21985 -94.5 66.171
      vertex -2.22553 -94.5 66.1545
    endloop
  endfacet
  facet normal -0.945543 0 0.325496
    outer loop
      vertex -2.21985 -94.5 66.171
      vertex -2.22553 -109.5 66.1545
      vertex -2.21985 -109.5 66.171
    endloop
  endfacet
  facet normal -0.945543 0 0.325496
    outer loop
      vertex -2.21985 -89.5 66.171
      vertex -2.22553 -49.5163 66.1545
      vertex -2.22553 -89.5 66.1545
    endloop
  endfacet
  facet normal -0.945543 0 0.325496
    outer loop
      vertex -2.22553 -49.5163 66.1545
      vertex -2.21985 -89.5 66.171
      vertex -2.21985 -49.5145 66.171
    endloop
  endfacet
  facet normal -0.890254 0 0.455465
    outer loop
      vertex -2.1994 -109.5 66.2192
      vertex -2.19147 -94.5 66.2347
      vertex -2.1994 -94.5 66.2192
    endloop
  endfacet
  facet normal -0.890254 0 0.455465
    outer loop
      vertex -2.19147 -94.5 66.2347
      vertex -2.1994 -109.5 66.2192
      vertex -2.19147 -109.5 66.2347
    endloop
  endfacet
  facet normal -0.890254 0 0.455465
    outer loop
      vertex -2.19147 -89.5 66.2347
      vertex -2.1994 -49.509 66.2192
      vertex -2.1994 -89.5 66.2192
    endloop
  endfacet
  facet normal -0.89063 -3.603e-07 0.454728
    outer loop
      vertex -2.1994 -49.509 66.2192
      vertex -2.19147 -89.5 66.2347
      vertex -2.19312 -49.5076 66.2315
    endloop
  endfacet
  facet normal -0.888803 0 0.458289
    outer loop
      vertex -2.19312 -49.5076 66.2315
      vertex -2.19147 -89.5 66.2347
      vertex -2.19147 -49.5072 66.2347
    endloop
  endfacet
  facet normal -0.818897 0 0.57394
    outer loop
      vertex -2.16452 -94.5 66.2796
      vertex -2.16452 -109.5 66.2796
      vertex -2.15646 -94.5 66.2911
    endloop
  endfacet
  facet normal -0.820606 0 0.571494
    outer loop
      vertex -2.15646 -49.5 66.2911
      vertex -2.15451 -44.5 66.2939
      vertex -2.15646 -44.5 66.2911
    endloop
  endfacet
  facet normal -0.818897 0 0.57394
    outer loop
      vertex -2.15646 -89.5 66.2911
      vertex -2.16452 -49.5015 66.2796
      vertex -2.16452 -89.5 66.2796
    endloop
  endfacet
  facet normal -0.820657 -1.07901e-06 0.571421
    outer loop
      vertex -2.16452 -49.5015 66.2796
      vertex -2.15646 -89.5 66.2911
      vertex -2.16076 -49.5008 66.285
    endloop
  endfacet
  facet normal -0.817339 0 0.576157
    outer loop
      vertex -2.16076 -49.5008 66.285
      vertex -2.15646 -89.5 66.2911
      vertex -2.15646 -49.5 66.2911
    endloop
  endfacet
  facet normal -0.820606 0 0.571494
    outer loop
      vertex -2.15646 -49.5 66.2911
      vertex -2.15646 -89.5 66.2911
      vertex -2.15451 -44.5 66.2939
    endloop
  endfacet
  facet normal -0.820606 0 0.571494
    outer loop
      vertex -2.15646 -94.5 66.2911
      vertex -2.15451 -44.5 66.2939
      vertex -2.15646 -89.5 66.2911
    endloop
  endfacet
  facet normal -0.820606 0 0.571494
    outer loop
      vertex -2.15646 -94.5 66.2911
      vertex -2.15451 -109.5 66.2939
      vertex -2.15451 -44.5 66.2939
    endloop
  endfacet
  facet normal -0.819232 5.46155e-07 0.573462
    outer loop
      vertex -2.15451 -109.5 66.2939
      vertex -2.15646 -94.5 66.2911
      vertex -2.16452 -109.5 66.2796
    endloop
  endfacet
  facet normal -0.875127 0 0.483894
    outer loop
      vertex -2.19147 -109.5 66.2347
      vertex -2.18301 -94.5 66.25
      vertex -2.19147 -94.5 66.2347
    endloop
  endfacet
  facet normal -0.875127 0 0.483894
    outer loop
      vertex -2.18301 -94.5 66.25
      vertex -2.19147 -109.5 66.2347
      vertex -2.18301 -109.5 66.25
    endloop
  endfacet
  facet normal -0.875127 0 0.483894
    outer loop
      vertex -2.18301 -89.5 66.25
      vertex -2.19147 -49.5072 66.2347
      vertex -2.19147 -89.5 66.2347
    endloop
  endfacet
  facet normal -0.875127 0 0.483894
    outer loop
      vertex -2.19147 -49.5072 66.2347
      vertex -2.18301 -89.5 66.25
      vertex -2.18301 -49.5053 66.25
    endloop
  endfacet
  facet normal -0.755406 0 0.655257
    outer loop
      vertex -2.13302 -109.5 66.3214
      vertex -2.12157 -44.5 66.3346
      vertex -2.13302 -44.5 66.3214
    endloop
  endfacet
  facet normal -0.755406 0 0.655257
    outer loop
      vertex -2.12157 -44.5 66.3346
      vertex -2.13302 -109.5 66.3214
      vertex -2.12157 -109.5 66.3346
    endloop
  endfacet
  facet normal -0.654187 0 0.756332
    outer loop
      vertex -2.08457 -44.5 66.3716
      vertex -2.07139 -109.5 66.383
      vertex -2.07139 -44.5 66.383
    endloop
  endfacet
  facet normal -0.654187 0 0.756332
    outer loop
      vertex -2.07139 -109.5 66.383
      vertex -2.08457 -44.5 66.3716
      vertex -2.08457 -109.5 66.3716
    endloop
  endfacet
  facet normal -0.486615 0 0.873617
    outer loop
      vertex -2 -44.5 66.433
      vertex -1.98474 -109.5 66.4415
      vertex -1.98474 -44.5 66.4415
    endloop
  endfacet
  facet normal -0.486615 0 0.873617
    outer loop
      vertex -1.98474 -109.5 66.4415
      vertex -2 -44.5 66.433
      vertex -2 -109.5 66.433
    endloop
  endfacet
  facet normal -0.629989 0 0.776604
    outer loop
      vertex -2.07139 -44.5 66.383
      vertex -2.05783 -109.5 66.394
      vertex -2.05783 -44.5 66.394
    endloop
  endfacet
  facet normal -0.629989 0 0.776604
    outer loop
      vertex -2.05783 -109.5 66.394
      vertex -2.07139 -44.5 66.383
      vertex -2.07139 -109.5 66.383
    endloop
  endfacet
  facet normal -0.544344 0 0.838862
    outer loop
      vertex -2.0296 -44.5 66.4145
      vertex -2.01496 -109.5 66.424
      vertex -2.01496 -44.5 66.424
    endloop
  endfacet
  facet normal -0.544344 0 0.838862
    outer loop
      vertex -2.01496 -109.5 66.424
      vertex -2.0296 -44.5 66.4145
      vertex -2.0296 -109.5 66.4145
    endloop
  endfacet
  facet normal 0.18906 0 0.981966
    outer loop
      vertex -1.66318 -44.5 66.4924
      vertex -1.64604 -109.5 66.4891
      vertex -1.64604 -44.5 66.4891
    endloop
  endfacet
  facet normal 0.18906 0 0.981966
    outer loop
      vertex -1.64604 -109.5 66.4891
      vertex -1.66318 -44.5 66.4924
      vertex -1.66318 -109.5 66.4924
    endloop
  endfacet
  facet normal 0.257877 0 0.966178
    outer loop
      vertex -1.62904 -44.5 66.4851
      vertex -1.61218 -109.5 66.4806
      vertex -1.61218 -44.5 66.4806
    endloop
  endfacet
  facet normal 0.257877 0 0.966178
    outer loop
      vertex -1.61218 -109.5 66.4806
      vertex -1.62904 -44.5 66.4851
      vertex -1.62904 -109.5 66.4851
    endloop
  endfacet
  facet normal 0.906256 -0 0.422728
    outer loop
      vertex -1.3006 -109.5 66.2192
      vertex -1.29323 -44.5 66.2034
      vertex -1.3006 -44.5 66.2192
    endloop
  endfacet
  facet normal 0.906256 0 0.422728
    outer loop
      vertex -1.29323 -44.5 66.2034
      vertex -1.3006 -109.5 66.2192
      vertex -1.29323 -109.5 66.2034
    endloop
  endfacet
  facet normal 0.819232 -0 0.573462
    outer loop
      vertex -1.34549 -109.5 66.2939
      vertex -1.33548 -44.5 66.2796
      vertex -1.34549 -44.5 66.2939
    endloop
  endfacet
  facet normal 0.819232 0 0.573462
    outer loop
      vertex -1.33548 -44.5 66.2796
      vertex -1.34549 -109.5 66.2939
      vertex -1.33548 -109.5 66.2796
    endloop
  endfacet
  facet normal 0.654187 0 0.756332
    outer loop
      vertex -1.42861 -44.5 66.383
      vertex -1.41543 -109.5 66.3716
      vertex -1.41543 -44.5 66.3716
    endloop
  endfacet
  facet normal 0.654187 0 0.756332
    outer loop
      vertex -1.41543 -109.5 66.3716
      vertex -1.42861 -44.5 66.383
      vertex -1.42861 -109.5 66.383
    endloop
  endfacet
  facet normal 0.515506 0 0.856886
    outer loop
      vertex -1.5 -44.5 66.433
      vertex -1.48504 -109.5 66.424
      vertex -1.48504 -44.5 66.424
    endloop
  endfacet
  facet normal 0.515506 0 0.856886
    outer loop
      vertex -1.48504 -109.5 66.424
      vertex -1.5 -44.5 66.433
      vertex -1.5 -109.5 66.433
    endloop
  endfacet
  facet normal 0.389696 0 0.920944
    outer loop
      vertex -1.5627 -44.5 66.4636
      vertex -1.54663 -109.5 66.4568
      vertex -1.54663 -44.5 66.4568
    endloop
  endfacet
  facet normal 0.389696 0 0.920944
    outer loop
      vertex -1.54663 -109.5 66.4568
      vertex -1.5627 -44.5 66.4636
      vertex -1.5627 -109.5 66.4636
    endloop
  endfacet
  facet normal 0.355709 0 0.934597
    outer loop
      vertex -1.57899 -44.5 66.4698
      vertex -1.5627 -109.5 66.4636
      vertex -1.5627 -44.5 66.4636
    endloop
  endfacet
  facet normal 0.355709 0 0.934597
    outer loop
      vertex -1.5627 -109.5 66.4636
      vertex -1.57899 -44.5 66.4698
      vertex -1.57899 -109.5 66.4698
    endloop
  endfacet
  facet normal -0.987637 0 -0.156759
    outer loop
      vertex -2.2424 -109.5 65.9132
      vertex -2.24513 -94.5 65.9304
      vertex -2.2424 -94.5 65.9132
    endloop
  endfacet
  facet normal -0.987637 -0 -0.156759
    outer loop
      vertex -2.24513 -94.5 65.9304
      vertex -2.2424 -109.5 65.9132
      vertex -2.24513 -109.5 65.9304
    endloop
  endfacet
  facet normal -0.987637 0 -0.156759
    outer loop
      vertex -2.24513 -89.5 65.9304
      vertex -2.2424 -49.5435 65.9132
      vertex -2.2424 -89.5 65.9132
    endloop
  endfacet
  facet normal -0.987637 0 -0.156759
    outer loop
      vertex -2.2424 -49.5435 65.9132
      vertex -2.24513 -89.5 65.9304
      vertex -2.24513 -49.5415 65.9304
    endloop
  endfacet
  facet normal -0.98177 0 -0.190075
    outer loop
      vertex -2.23907 -109.5 65.896
      vertex -2.2424 -94.5 65.9132
      vertex -2.23907 -94.5 65.896
    endloop
  endfacet
  facet normal -0.98177 -0 -0.190075
    outer loop
      vertex -2.2424 -94.5 65.9132
      vertex -2.23907 -109.5 65.896
      vertex -2.2424 -109.5 65.9132
    endloop
  endfacet
  facet normal -0.98177 0 -0.190075
    outer loop
      vertex -2.2424 -89.5 65.9132
      vertex -2.23907 -49.5454 65.896
      vertex -2.23907 -89.5 65.896
    endloop
  endfacet
  facet normal -0.98177 0 -0.190075
    outer loop
      vertex -2.23907 -49.5454 65.896
      vertex -2.2424 -89.5 65.9132
      vertex -2.2424 -49.5435 65.9132
    endloop
  endfacet
  facet normal -0.956396 0 0.292073
    outer loop
      vertex -2.23063 -109.5 66.1378
      vertex -2.22553 -94.5 66.1545
      vertex -2.23063 -94.5 66.1378
    endloop
  endfacet
  facet normal -0.956396 0 0.292073
    outer loop
      vertex -2.22553 -94.5 66.1545
      vertex -2.23063 -109.5 66.1378
      vertex -2.22553 -109.5 66.1545
    endloop
  endfacet
  facet normal -0.956396 0 0.292073
    outer loop
      vertex -2.22553 -89.5 66.1545
      vertex -2.23063 -49.5182 66.1378
      vertex -2.23063 -89.5 66.1378
    endloop
  endfacet
  facet normal -0.956396 0 0.292073
    outer loop
      vertex -2.23063 -49.5182 66.1378
      vertex -2.22553 -89.5 66.1545
      vertex -2.22553 -49.5163 66.1545
    endloop
  endfacet
  facet normal -0.96566 0 0.259809
    outer loop
      vertex -2.23515 -109.5 66.121
      vertex -2.23063 -94.5 66.1378
      vertex -2.23515 -94.5 66.121
    endloop
  endfacet
  facet normal -0.96566 0 0.259809
    outer loop
      vertex -2.23063 -94.5 66.1378
      vertex -2.23515 -109.5 66.121
      vertex -2.23063 -109.5 66.1378
    endloop
  endfacet
  facet normal -0.96566 0 0.259809
    outer loop
      vertex -2.23063 -89.5 66.1378
      vertex -2.23515 -49.5201 66.121
      vertex -2.23515 -89.5 66.121
    endloop
  endfacet
  facet normal -0.96566 0 0.259809
    outer loop
      vertex -2.23515 -49.5201 66.121
      vertex -2.23063 -89.5 66.1378
      vertex -2.23063 -49.5182 66.1378
    endloop
  endfacet
  facet normal -0.97443 0 0.224692
    outer loop
      vertex -2.23907 -109.5 66.104
      vertex -2.23515 -94.5 66.121
      vertex -2.23907 -94.5 66.104
    endloop
  endfacet
  facet normal -0.97443 0 0.224692
    outer loop
      vertex -2.23515 -94.5 66.121
      vertex -2.23907 -109.5 66.104
      vertex -2.23515 -109.5 66.121
    endloop
  endfacet
  facet normal -0.97443 0 0.224692
    outer loop
      vertex -2.23515 -89.5 66.121
      vertex -2.23907 -49.522 66.104
      vertex -2.23907 -89.5 66.104
    endloop
  endfacet
  facet normal -0.97443 0 0.224692
    outer loop
      vertex -2.23907 -49.522 66.104
      vertex -2.23515 -89.5 66.121
      vertex -2.23515 -49.5201 66.121
    endloop
  endfacet
  facet normal -0.920794 0 0.39005
    outer loop
      vertex -2.21359 -109.5 66.1873
      vertex -2.20677 -94.5 66.2034
      vertex -2.21359 -94.5 66.1873
    endloop
  endfacet
  facet normal -0.920794 0 0.39005
    outer loop
      vertex -2.20677 -94.5 66.2034
      vertex -2.21359 -109.5 66.1873
      vertex -2.20677 -109.5 66.2034
    endloop
  endfacet
  facet normal -0.920794 0 0.39005
    outer loop
      vertex -2.20677 -89.5 66.2034
      vertex -2.21359 -49.5127 66.1873
      vertex -2.21359 -89.5 66.1873
    endloop
  endfacet
  facet normal -0.924891 -4.65141e-06 0.380233
    outer loop
      vertex -2.21359 -49.5127 66.1873
      vertex -2.20677 -89.5 66.2034
      vertex -2.21322 -49.5126 66.1882
    endloop
  endfacet
  facet normal -0.920549 0 0.390628
    outer loop
      vertex -2.21322 -49.5126 66.1882
      vertex -2.20677 -89.5 66.2034
      vertex -2.20677 -49.5108 66.2034
    endloop
  endfacet
  facet normal -0.906256 0 0.422728
    outer loop
      vertex -2.20677 -109.5 66.2034
      vertex -2.1994 -94.5 66.2192
      vertex -2.20677 -94.5 66.2034
    endloop
  endfacet
  facet normal -0.906256 0 0.422728
    outer loop
      vertex -2.1994 -94.5 66.2192
      vertex -2.20677 -109.5 66.2034
      vertex -2.1994 -109.5 66.2192
    endloop
  endfacet
  facet normal -0.906256 0 0.422728
    outer loop
      vertex -2.1994 -89.5 66.2192
      vertex -2.20677 -49.5108 66.2034
      vertex -2.20677 -89.5 66.2034
    endloop
  endfacet
  facet normal -0.906025 2.38972e-07 0.423225
    outer loop
      vertex -2.20677 -49.5108 66.2034
      vertex -2.1994 -89.5 66.2192
      vertex -2.20336 -49.51 66.2107
    endloop
  endfacet
  facet normal -0.906455 0 0.422302
    outer loop
      vertex -2.20336 -49.51 66.2107
      vertex -2.1994 -89.5 66.2192
      vertex -2.1994 -49.509 66.2192
    endloop
  endfacet
  facet normal -0.797653 0 0.603117
    outer loop
      vertex -2.15451 -109.5 66.2939
      vertex -2.144 -44.5 66.3078
      vertex -2.15451 -44.5 66.2939
    endloop
  endfacet
  facet normal -0.797653 0 0.603117
    outer loop
      vertex -2.144 -44.5 66.3078
      vertex -2.15451 -109.5 66.2939
      vertex -2.144 -109.5 66.3078
    endloop
  endfacet
  facet normal -0.838181 0 0.545392
    outer loop
      vertex -2.17402 -109.5 66.265
      vertex -2.16452 -94.5 66.2796
      vertex -2.17402 -94.5 66.265
    endloop
  endfacet
  facet normal -0.838181 0 0.545392
    outer loop
      vertex -2.16452 -94.5 66.2796
      vertex -2.17402 -109.5 66.265
      vertex -2.16452 -109.5 66.2796
    endloop
  endfacet
  facet normal -0.838181 0 0.545392
    outer loop
      vertex -2.16452 -89.5 66.2796
      vertex -2.17402 -49.5034 66.265
      vertex -2.17402 -89.5 66.265
    endloop
  endfacet
  facet normal -0.838991 -6.4725e-07 0.544146
    outer loop
      vertex -2.17402 -49.5034 66.265
      vertex -2.16452 -89.5 66.2796
      vertex -2.17175 -49.503 66.2685
    endloop
  endfacet
  facet normal -0.837926 0 0.545784
    outer loop
      vertex -2.17175 -49.503 66.2685
      vertex -2.16452 -89.5 66.2796
      vertex -2.16452 -49.5015 66.2796
    endloop
  endfacet
  facet normal -0.857745 0 0.514075
    outer loop
      vertex -2.18301 -109.5 66.25
      vertex -2.17402 -94.5 66.265
      vertex -2.18301 -94.5 66.25
    endloop
  endfacet
  facet normal -0.857745 0 0.514075
    outer loop
      vertex -2.17402 -94.5 66.265
      vertex -2.18301 -109.5 66.25
      vertex -2.17402 -109.5 66.265
    endloop
  endfacet
  facet normal -0.857745 0 0.514075
    outer loop
      vertex -2.17402 -89.5 66.265
      vertex -2.18301 -49.5053 66.25
      vertex -2.18301 -89.5 66.25
    endloop
  endfacet
  facet normal -0.846637 9.2835e-06 0.532171
    outer loop
      vertex -2.18301 -49.5053 66.25
      vertex -2.17402 -89.5 66.265
      vertex -2.18257 -49.5052 66.2507
    endloop
  endfacet
  facet normal -0.858286 0 0.513171
    outer loop
      vertex -2.18257 -49.5052 66.2507
      vertex -2.17402 -89.5 66.265
      vertex -2.17402 -49.5034 66.265
    endloop
  endfacet
  facet normal -0.70882 0 0.70539
    outer loop
      vertex -2.10967 -109.5 66.3473
      vertex -2.09733 -44.5 66.3597
      vertex -2.10967 -44.5 66.3473
    endloop
  endfacet
  facet normal -0.70882 0 0.70539
    outer loop
      vertex -2.09733 -44.5 66.3597
      vertex -2.10967 -109.5 66.3473
      vertex -2.09733 -109.5 66.3597
    endloop
  endfacet
  facet normal -0.729716 0 0.68375
    outer loop
      vertex -2.12157 -109.5 66.3346
      vertex -2.10967 -44.5 66.3473
      vertex -2.12157 -44.5 66.3346
    endloop
  endfacet
  facet normal -0.729716 0 0.68375
    outer loop
      vertex -2.10967 -44.5 66.3473
      vertex -2.12157 -109.5 66.3346
      vertex -2.10967 -109.5 66.3473
    endloop
  endfacet
  facet normal -0.515506 0 0.856886
    outer loop
      vertex -2.01496 -44.5 66.424
      vertex -2 -109.5 66.433
      vertex -2 -44.5 66.433
    endloop
  endfacet
  facet normal -0.515506 0 0.856886
    outer loop
      vertex -2 -109.5 66.433
      vertex -2.01496 -44.5 66.424
      vertex -2.01496 -109.5 66.424
    endloop
  endfacet
  facet normal -0.601649 0 0.798761
    outer loop
      vertex -2.05783 -44.5 66.394
      vertex -2.04389 -109.5 66.4045
      vertex -2.04389 -44.5 66.4045
    endloop
  endfacet
  facet normal -0.601649 0 0.798761
    outer loop
      vertex -2.04389 -109.5 66.4045
      vertex -2.05783 -44.5 66.394
      vertex -2.05783 -109.5 66.394
    endloop
  endfacet
  facet normal 0.452938 0 0.891542
    outer loop
      vertex -1.53081 -44.5 66.4494
      vertex -1.51526 -109.5 66.4415
      vertex -1.51526 -44.5 66.4415
    endloop
  endfacet
  facet normal 0.452938 0 0.891542
    outer loop
      vertex -1.51526 -109.5 66.4415
      vertex -1.53081 -44.5 66.4494
      vertex -1.53081 -109.5 66.4494
    endloop
  endfacet
  facet normal -0.573347 0 0.819313
    outer loop
      vertex -2.04389 -44.5 66.4045
      vertex -2.0296 -109.5 66.4145
      vertex -2.0296 -44.5 66.4145
    endloop
  endfacet
  facet normal -0.573347 0 0.819313
    outer loop
      vertex -2.0296 -109.5 66.4145
      vertex -2.04389 -44.5 66.4045
      vertex -2.04389 -109.5 66.4045
    endloop
  endfacet
endsolid OpenSCAD_Model
